customer_id,name,gender,age,city,state,signup_date
1,Aryan Maharaj,Other,36.0,Bengaluru,Karnataka,2024-07-17
2,Udant Dewan,Male,30.0,Chennai,Tamil Nadu,2023-07-29
3,Gagan Sami,Other,37.0,Jaipur,Rajasthan,2025-05-14
4,Ayushman Chander,Male,45.0,Mumbai,Maharashtra,2024-03-23
5,Viraj Tiwari,Other,29.0,Madurai,Tamil Nadu,2023-02-24
6,Rushil Saini,Other,29.0,Jaipur,Rajasthan,2026-08-23
7,Saumya Mall,Male,46.0,Udaipur,Rajasthan,2025-07-08
8,Nathaniel Sami,Male,38.0,Thiruvananthapuram,Kerala,2023-11-23
9,Arunima Dugal,Female,27.0,Surat,Gujarat,2023-11-15
10,Gayathri Chaudry,Male,36.0,Coimbatore,Tamil Nadu,2023-07-09
11,Lajita Chatterjee,Female,27.0,Ahmedabad,Gujarat,2024-12-05
12,Hemangini Lalla,Male,27.0,Thiruvananthapuram,Kerala,2025-07-29
13,Tripti Yadav,Female,34.0,Jaipur,Rajasthan,2023-06-11
14,Kritika Brar,Other,16.0,Udaipur,Rajasthan,2026-06-20
15,Janaki Handa,Other,16.0,Hyderabad,Telangana,2023-05-23
16,Chakradev Kari,Male,26.0,Nagpur,Maharashtra,2024-08-15
17,Fariq Kaul,Male,22.0,Bengaluru,Karnataka,2025-02-17
18,Lajita Mall,Other,34.0,Durgapur,West Bengal,2025-01-17
19,Janya Gaba,Female,23.0,New Delhi,Delhi,2024-03-05
20,Isha Kadakia,Other,19.0,Siliguri,West Bengal,2026-08-20
21,Ekbal Garg,Other,45.0,Mangaluru,Karnataka,2023-12-17
22,Nihal Shere,Male,29.0,Jaipur,Rajasthan,2025-08-04
23,Anamika Kanda,Other,32.0,Surat,Gujarat,2026-02-14
24,Daksh Karnik,Female,,Madurai,Tamil Nadu,2023-04-25
25,Diya Rattan,Female,27.0,Chennai,Tamil Nadu,2025-04-01
26,Dominic Kakar,Male,32.0,Kolkata,West Bengal,2026-03-07
27,Simon Tata,Other,21.0,Hyderabad,Telangana,2025-10-19
28,Tara Dhar,Female,35.0,Vadodara,Gujarat,2023-10-20
29,Liam Koshy,Male,26.0,Kolkata,West Bengal,2026-02-23
30,Priya Rastogi,Unknown,29.0,Udaipur,Rajasthan,2026-04-12
31,Theodore Devi,Female,26.0,Vadodara,Gujarat,2025-01-11
32,Gavin Batta,Other,48.0,Chennai,Tamil Nadu,2025-10-07
33,Michael Dutta,Male,31.0,Bengaluru,Karnataka,2023-11-10
34,Devansh Rajan,Other,22.0,New Delhi,Delhi,2023-05-11
35,Upadhriti Wadhwa,Other,39.0,Surat,Gujarat,2025-08-16
36,Advay Contractor,Other,21.0,Udaipur,Rajasthan,2023-01-24
37,Harini Choudhury,Other,33.0,Mangaluru,Karnataka,2024-06-30
38,Radhika Dugar,Female,16.0,Hyderabad,Telangana,2025-06-09
39,Aarush Lall,Male,20.0,New Delhi,Delhi,2024-06-23
40,Yashica Cherian,Other,33.0,Jaipur,Rajasthan,2023-08-06
41,Yashica Issac,Other,38.0,Siliguri,West Bengal,2026-06-01
42,Kashvi Edwin,Female,33.0,Chennai,Tamil Nadu,2023-11-27
43,Ekiya Suresh,Other,30.0,Jaipur,Rajasthan,2024-10-25
44,Isaac Patil,Male,29.0,Lucknow,Uttar Pradesh,2025-01-13
45,Wriddhish Bhardwaj,Male,18.0,Kolkata,West Bengal,2024-05-08
46,Farhan Chada,Male,25.0,Kochi,Kerala,2025-09-22
47,Ekapad Walia,Male,27.0,Mangaluru,Karnataka,2023-09-20
48,Kabir Soman,Male,41.0,Noida,Uttar Pradesh,2024-06-26
49,Alka Wable,Male,35.0,Udaipur,Rajasthan,2026-01-09
50,Siddharth Zacharia,Female,16.0,Madurai,Tamil Nadu,2025-03-28
51,Devika Rastogi,Other,34.0,Warangal,Telangana,2025-07-13
52,Raksha Varughese,Male,28.0,Bengaluru,Karnataka,2023-05-12
53,Jai Kota,Other,25.0,Hyderabad,Telangana,2026-02-08
54,Devansh Nigam,Male,37.0,Madurai,Tamil Nadu,2023-01-15
55,Victor Kannan,Other,41.0,Mangaluru,Karnataka,2023-05-01
56,Ekavir Bhargava,Male,40.0,Chennai,Tamil Nadu,2024-11-07
57,Ekansh Balay,Male,24.0,Mangaluru,Karnataka,2024-07-24
58,Ekavir Varkey,Other,29.0,Lucknow,Uttar Pradesh,2023-09-28
59,Arya Sunder,Male,34.0,Thiruvananthapuram,Kerala,2025-08-26
60,Kevin Solanki,Male,40.0,Ahmedabad,Gujarat,2023-07-18
61,Urvashi Ray,Female,27.0,Surat,Gujarat,2025-04-21
62,Girindra Chatterjee,Male,30.0,Noida,Uttar Pradesh,2026-08-31
63,Irya Sampath,Female,22.0,Bengaluru,Karnataka,2024-11-25
64,Unni Bhagat,Male,21.0,Bengaluru,Karnataka,2024-01-25
65,Darsh Rau,Male,39.0,Udaipur,Rajasthan,2025-05-14
66,Ikbal Kothari,Unknown,44.0,New Delhi,Delhi,2024-05-26
67,Ranveer Yadav,Other,31.0,Mysuru,Karnataka,2023-07-20
68,Logan Sami,Other,41.0,Nagpur,Maharashtra,2023-01-31
69,Arya Shere,Male,35.0,Bengaluru,Karnataka,2025-04-12
70,Faqid Savant,Male,26.0,Kanpur,Uttar Pradesh,2025-04-01
71,Chandresh Zachariah,Female,35.0,Mumbai,Maharashtra,2023-01-05
72,Girik Khalsa,Female,45.0,Surat,Gujarat,2024-08-07
73,Niharika Sunder,Other,31.0,Vadodara,Gujarat,2026-02-12
74,Tanay Rattan,Male,46.0,Lucknow,Uttar Pradesh,2024-08-30
75,Nitesh Raghavan,Other,16.0,Chennai,Tamil Nadu,2026-01-15
76,Madhavi Lanka,Female,39.0,Nagpur,Maharashtra,2023-04-28
77,Bhavika Sampath,Female,32.0,Nagpur,Maharashtra,2025-10-26
78,Mohammed Gupta,Male,29.0,Jaipur,Rajasthan,2025-11-06
79,Teerth Bhardwaj,Male,32.0,Bengaluru,Karnataka,2026-05-03
80,Dipta Bhandari,Male,,Mangaluru,Karnataka,2025-04-06
81,Vansha Thakkar,Male,30.0,Mangaluru,Karnataka,2026-03-31
82,Dakshesh Trivedi,Other,35.0,Kochi,Kerala,2023-06-17
83,Quincy Biswas,Other,45.0,Vadodara,Gujarat,2026-03-03
84,Wahab Raval,Female,27.0,Udaipur,Rajasthan,2024-02-23
85,Yatin Baral,Female,,Hyderabad,Telangana,2025-03-21
86,Oni Virk,Female,27.0,New Delhi,Delhi,2024-10-09
87,Advika Jayaraman,Female,40.0,Bengaluru,Karnataka,2026-06-26
88,William Lanka,Male,34.0,Kochi,Kerala,2026-01-06
89,Karan Mital,Female,27.0,Madurai,Tamil Nadu,2023-09-29
90,Diya Bora,Male,36.0,Hyderabad,Telangana,2025-01-26
91,Tara Chaudhry,Female,32.0,Kolkata,West Bengal,2026-01-17
92,Tanay Toor,Other,40.0,Siliguri,West Bengal,2025-12-19
93,Kevin Palla,Other,25.0,Nagpur,Maharashtra,2024-09-05
94,Yash Pingle,Female,29.0,Bengaluru,Karnataka,2023-08-25
95,Nakul Sarma,Other,28.0,Mangaluru,Karnataka,2023-11-15
96,Abhiram Mistry,Other,18.0,Durgapur,West Bengal,2024-03-07
97,Krish Lalla,Other,34.0,Hyderabad,Telangana,2026-07-22
98,Hredhaan Dugal,Female,34.0,Siliguri,West Bengal,2024-05-29
99,Baghyawati Kade,Other,32.0,Mumbai,Maharashtra,2025-05-17
100,Samar Lalla,Male,29.0,Kolkata,West Bengal,2024-11-14
101,Zayan Behl,Male,19.0,New Delhi,Delhi,2025-06-23
102,Pallavi Malhotra,Other,28.0,Udaipur,Rajasthan,2023-01-20
103,Aarush Nath,Other,28.0,Bengaluru,Karnataka,2023-11-02
104,Adweta Edwin,Female,24.0,Jaipur,Rajasthan,2026-04-07
105,Prisha Andra,Female,30.0,Jaipur,Rajasthan,2023-09-19
106,Faqid Dixit,Female,35.0,Pune,Maharashtra,2023-03-23
107,Kala Divan,Unknown,48.0,Hyderabad,Telangana,2024-05-26
108,Joshua Barman,Other,33.0,Mysuru,Karnataka,2025-04-12
109,Janya Baral,Male,34.0,Kochi,Kerala,2023-11-29
110,Shivansh Krish,Male,31.0,New Delhi,Delhi,2024-01-03
111,Irya Ray,Other,16.0,Warangal,Telangana,2024-05-23
112,Warjas Gaba,Other,31.0,Kolkata,West Bengal,2023-08-10
113,Nitara Bakshi,Female,32.0,Ahmedabad,Gujarat,2024-03-31
114,Gaurangi Sabharwal,Female,54.0,Coimbatore,Tamil Nadu,2024-09-17
115,Amara Dutta,Male,30.0,Chennai,Tamil Nadu,2024-01-31
116,Lavanya Barad,Female,34.0,Surat,Gujarat,2023-05-23
117,Tristan Iyengar,Other,31.0,Durgapur,West Bengal,2025-11-09
118,Inaya Mody,Other,21.0,Vadodara,Gujarat,2024-11-09
119,Udant Bajwa,Female,42.0,Mumbai,Maharashtra,2024-01-01
120,Mohini Narasimhan,Male,38.0,Thiruvananthapuram,Kerala,2023-08-11
121,Ekaraj Mallick,Female,39.0,Thiruvananthapuram,Kerala,2024-10-04
122,Yashodhara Ratta,Other,23.0,Vadodara,Gujarat,2023-08-25
123,Ayaan D’Alia,Male,44.0,Vadodara,Gujarat,2024-06-05
124,Pranav Lanka,Female,19.0,Nagpur,Maharashtra,2023-01-04
125,Ikbal Saraf,Female,37.0,Jaipur,Rajasthan,2025-06-02
126,Dipta Sarin,Female,51.0,Mangaluru,Karnataka,2026-06-30
127,Lekha Gupta,Other,23.0,Hyderabad,Telangana,2024-09-07
128,Chaitanya Sarin,Other,26.0,Udaipur,Rajasthan,2025-04-16
129,Zinal Yohannan,Other,32.0,Warangal,Telangana,2024-08-28
130,Januja Sankar,Male,27.0,Jaipur,Rajasthan,2025-05-11
131,Ganga Murthy,Other,18.0,Vadodara,Gujarat,2023-12-23
132,Charita Tripathi,Female,32.0,Thiruvananthapuram,Kerala,2026-01-27
133,Nilima Narain,Female,22.0,Pune,Maharashtra,2024-03-06
134,Chakrika Datta,Other,36.0,Vadodara,Gujarat,2024-10-21
135,Osha Raghavan,Female,23.0,Kanpur,Uttar Pradesh,2024-03-13
136,Charvi Ravi,Other,45.0,Udaipur,Rajasthan,2023-12-14
137,Daksha Mangat,Other,24.0,Mysuru,Karnataka,2026-07-20
138,Qushi Nagy,Male,29.0,Thiruvananthapuram,Kerala,2024-04-26
139,Riya Sathe,Male,39.0,Kolkata,West Bengal,2023-10-29
140,Yasti Solanki,Male,20.0,Mumbai,Maharashtra,2025-08-31
141,Frado Mander,Female,34.0,Kochi,Kerala,2025-04-28
142,Girik Keer,Other,43.0,Kochi,Kerala,2025-02-25
143,Umang Issac,Male,17.0,Kanpur,Uttar Pradesh,2023-10-30
144,Aryan Batra,Female,33.0,Mumbai,Maharashtra,2024-03-24
145,Vaishnavi Bora,Male,34.0,New Delhi,Delhi,2026-02-15
146,Oeshi Hayer,Female,39.0,Chennai,Tamil Nadu,2023-10-01
147,Warda Ratta,Other,20.0,Noida,Uttar Pradesh,2026-02-18
148,Manbir Ahluwalia,Female,20.0,Thiruvananthapuram,Kerala,2026-06-08
149,Pavani Kanda,Other,36.0,Udaipur,Rajasthan,2025-07-02
150,Zarna Shetty,Female,34.0,New Delhi,Delhi,2024-06-14
151,Zaid Dara,Female,34.0,Madurai,Tamil Nadu,2025-12-03
152,Kiaan Shetty,Male,35.0,Noida,Uttar Pradesh,2024-07-16
153,Saanvi Thaman,Other,25.0,Lucknow,Uttar Pradesh,2024-08-08
154,Sanaya Dutt,Female,34.0,Coimbatore,Tamil Nadu,2024-10-16
155,Shivani Lad,Male,34.0,Jaipur,Rajasthan,2023-11-05
156,Aradhana Verma,Other,25.0,Coimbatore,Tamil Nadu,2023-11-09
157,William Maharaj,Female,48.0,Chennai,Tamil Nadu,2025-04-14
158,Faras Mangal,Female,,Warangal,Telangana,2023-05-08
159,Anita Nayak,Female,21.0,Coimbatore,Tamil Nadu,2026-04-11
160,Faris Devi,Female,37.0,Nagpur,Maharashtra,2025-09-03
161,Vihaan Rajagopal,Female,23.0,Pune,Maharashtra,2025-03-09
162,Tanish Bhatt,Other,39.0,Vadodara,Gujarat,2026-01-23
163,Nikita Narayanan,Female,42.0,Kochi,Kerala,2024-03-25
164,Ojasvi Bhatia,Female,24.0,Durgapur,West Bengal,2023-03-01
165,Osha Ramachandran,Other,40.0,Surat,Gujarat,2025-04-08
166,Lajita Sood,Male,35.0,New Delhi,Delhi,2026-06-28
167,Indira Misra,Female,39.0,Jaipur,Rajasthan,2026-04-27
168,Oni Yohannan,Male,49.0,Kochi,Kerala,2026-08-09
169,Vinaya Kanda,Female,,Ahmedabad,Gujarat,2024-01-08
170,Rajata Sunder,Female,25.0,Pune,Maharashtra,2024-11-01
171,Lopa Nayar,Female,23.0,Coimbatore,Tamil Nadu,2024-11-22
172,Noah Sibal,Female,24.0,Surat,Gujarat,2024-05-31
173,Avi Ramesh,Male,31.0,Mysuru,Karnataka,2026-01-09
174,Fiyaz Sangha,Male,35.0,Pune,Maharashtra,2026-08-24
175,Triya Gopal,Male,34.0,Mangaluru,Karnataka,2023-03-05
176,Abha Raghavan,Male,39.0,Chennai,Tamil Nadu,2026-06-26
177,Siddharth Sha,Male,32.0,New Delhi,Delhi,2025-08-27
178,Geetika Raghavan,Male,45.0,Mangaluru,Karnataka,2025-08-10
179,Oviya Krishnan,Male,29.0,Durgapur,West Bengal,2026-05-25
180,Upma Bahl,Male,56.0,Kochi,Kerala,2024-09-29
181,Inaya Kapur,Male,37.0,Mangaluru,Karnataka,2024-09-30
182,Banjeet Balasubramanian,Female,24.0,Thiruvananthapuram,Kerala,2024-02-11
183,Ryan Bahri,Other,22.0,Mangaluru,Karnataka,2026-07-08
184,William Date,Other,36.0,Chennai,Tamil Nadu,2024-09-09
185,Ishwar Kamdar,Other,29.0,Kochi,Kerala,2023-03-26
186,Aahana Pillay,Other,38.0,Warangal,Telangana,2025-01-28
187,Ishwar Gade,Other,36.0,Mangaluru,Karnataka,2024-11-29
188,Hritik Bal,Female,31.0,Pune,Maharashtra,2023-08-05
189,Keya Ranganathan,Other,24.0,Surat,Gujarat,2025-07-30
190,Faqid Kibe,Male,18.0,New Delhi,Delhi,2025-12-04
191,Charvi Dara,Other,27.0,Siliguri,West Bengal,2025-09-17
192,Idika Walia,Other,39.0,Kanpur,Uttar Pradesh,2026-04-28
193,Kamala Biswas,Male,33.0,Durgapur,West Bengal,2023-06-27
194,Advik Salvi,Male,20.0,Durgapur,West Bengal,2025-08-09
195,Hitesh Sant,Female,33.0,Thiruvananthapuram,Kerala,2023-02-28
196,Tripti Dua,Male,35.0,Kanpur,Uttar Pradesh,2025-09-25
197,Patrick Vig,Female,24.0,Coimbatore,Tamil Nadu,2024-11-28
198,Veda Shroff,Other,33.0,Siliguri,West Bengal,2024-07-19
199,Amrita Naidu,Other,32.0,Jaipur,Rajasthan,2024-01-27
200,Gabriel Mallick,Other,21.0,Bengaluru,Karnataka,2025-04-12
201,Yagnesh Shetty,Male,35.0,Noida,Uttar Pradesh,2025-09-02
202,Gayathri Balakrishnan,Male,37.0,Kanpur,Uttar Pradesh,2023-07-10
203,Ekta Gopal,Female,41.0,Kolkata,West Bengal,2024-05-13
204,Simon Pant,Other,41.0,Siliguri,West Bengal,2025-01-25
205,Harini Mammen,Other,19.0,Noida,Uttar Pradesh,2024-12-05
206,Advaith Varughese,Other,23.0,Vadodara,Gujarat,2024-11-08
207,Frederick Khurana,Female,36.0,Warangal,Telangana,2024-09-19
208,Vrinda Khosla,Male,36.0,Kolkata,West Bengal,2024-01-30
209,Vritti Sem,Other,36.0,Hyderabad,Telangana,2026-01-02
210,Girik Menon,Male,66.0,New Delhi,Delhi,2025-09-18
211,Nidhi Kohli,Other,37.0,Siliguri,West Bengal,2025-12-10
212,Jyoti Solanki,Male,42.0,Thiruvananthapuram,Kerala,2024-02-02
213,Pavani Narayanan,Female,40.0,Kolkata,West Bengal,2024-01-03
214,Sudiksha Madan,Other,37.0,Kolkata,West Bengal,2025-12-29
215,Zayan Kashyap,Male,29.0,New Delhi,Delhi,2023-04-22
216,Reyansh Mutti,Other,38.0,Udaipur,Rajasthan,2023-09-16
217,Qasim Handa,Male,25.0,Lucknow,Uttar Pradesh,2026-03-21
218,Veda Malhotra,Female,29.0,Durgapur,West Bengal,2025-06-21
219,Harish Hari,Male,27.0,Hyderabad,Telangana,2024-06-01
220,Utkarsh Patel,Male,32.0,Lucknow,Uttar Pradesh,2025-03-31
221,Chasmum Atwal,Other,52.0,Lucknow,Uttar Pradesh,2026-07-13
222,Anusha Bath,Male,16.0,Mumbai,Maharashtra,2026-02-26
223,Brinda Date,Male,38.0,Kolkata,West Bengal,2023-08-31
224,Harshil Arora,Other,17.0,Udaipur,Rajasthan,2026-05-05
225,Upasna Srinivas,Other,27.0,Kochi,Kerala,2025-02-18
226,Harini Gour,Female,41.0,Kanpur,Uttar Pradesh,2026-04-20
227,Zayyan Sridhar,Other,32.0,Surat,Gujarat,2026-06-25
228,Dhruv Rattan,Other,,Nagpur,Maharashtra,2023-07-23
229,Ethan Bera,Unknown,25.0,Madurai,Tamil Nadu,2024-06-25
230,Manthan Modi,Male,38.0,Bengaluru,Karnataka,2023-12-22
231,Yuvraj Dani,Male,25.0,Jaipur,Rajasthan,2023-01-06
232,Upkaar Virk,Other,33.0,Surat,Gujarat,2026-05-01
233,Shravya Savant,Male,32.0,Kanpur,Uttar Pradesh,2024-04-19
234,Pushti Mody,Female,26.0,Siliguri,West Bengal,2025-07-18
235,Hardik Johal,Male,51.0,Mangaluru,Karnataka,2024-06-25
236,Aishani Bumb,Female,37.0,Kochi,Kerala,2023-08-24
237,Wriddhish Ghose,Other,16.0,Jaipur,Rajasthan,2023-11-02
238,Naksh Agate,Male,33.0,Kolkata,West Bengal,2023-05-03
239,Shravya Singhal,Other,26.0,New Delhi,Delhi,2026-03-11
240,Bachittar Kata,Male,39.0,Durgapur,West Bengal,2025-08-17
241,Barkha Setty,Female,24.0,Siliguri,West Bengal,2024-07-11
242,Vivaan Lalla,Female,30.0,Udaipur,Rajasthan,2023-06-14
243,Pavani Contractor,Female,36.0,Kochi,Kerala,2024-10-22
244,Manthan Lata,Male,39.0,Thiruvananthapuram,Kerala,2023-07-07
245,Ekbal Bhasin,Other,21.0,Madurai,Tamil Nadu,2026-04-17
246,Damyanti Mani,Female,28.0,Nagpur,Maharashtra,2026-03-26
247,Jeet Sidhu,Female,27.0,Mumbai,Maharashtra,2025-11-28
248,Neha Magar,Male,26.0,Kanpur,Uttar Pradesh,2026-04-13
249,Raksha Buch,Female,47.0,Vadodara,Gujarat,2023-07-06
250,Rachana Naidu,Female,35.0,Kanpur,Uttar Pradesh,2024-11-13
251,Atharv Chand,Male,20.0,Hyderabad,Telangana,2024-11-06
252,Ansh Luthra,Female,40.0,Vadodara,Gujarat,2024-08-13
253,Parth Singhal,Male,51.0,Vadodara,Gujarat,2025-07-20
254,Arunima Golla,Female,41.0,Mysuru,Karnataka,2024-10-24
255,Vyanjana Chand,Other,18.0,Mysuru,Karnataka,2023-01-03
256,Ijaya Rege,Female,27.0,Udaipur,Rajasthan,2023-04-22
257,Ekani Cheema,Female,43.0,Madurai,Tamil Nadu,2026-06-29
258,Forum Sabharwal,Female,25.0,Noida,Uttar Pradesh,2023-04-16
259,Bhavya Rattan,Other,35.0,Coimbatore,Tamil Nadu,2023-09-26
260,Suhani Chakrabarti,Other,38.0,Durgapur,West Bengal,2025-09-19
261,Zayyan Naik,Other,23.0,Bengaluru,Karnataka,2026-05-31
262,Netra Varkey,Male,31.0,Madurai,Tamil Nadu,2024-09-28
263,Turvi Sachdev,Other,16.0,Jaipur,Rajasthan,2025-04-15
264,Raghav Vasa,Male,22.0,Bengaluru,Karnataka,2025-08-03
265,Wishi Sathe,Male,29.0,Mangaluru,Karnataka,2025-10-17
266,Samar Loke,Other,20.0,Siliguri,West Bengal,2024-07-13
267,Bhavna Sarma,Female,46.0,Surat,Gujarat,2024-05-14
268,Jairaj Balakrishnan,Male,19.0,Noida,Uttar Pradesh,2025-02-24
269,Nathan Mukhopadhyay,Other,28.0,Madurai,Tamil Nadu,2023-10-07
270,Nikita Chander,Female,33.0,Mysuru,Karnataka,2024-11-27
271,Ishaan Shenoy,Male,44.0,Udaipur,Rajasthan,2024-08-02
272,Mitesh Tara,Other,19.0,Siliguri,West Bengal,2025-09-29
273,Yashodhara Mahajan,Other,42.0,New Delhi,Delhi,2025-09-18
274,Vasudha Sodhi,Other,32.0,Warangal,Telangana,2026-01-17
275,Tanmayi Dhillon,Female,23.0,Surat,Gujarat,2024-01-22
276,Rayaan Trivedi,Female,36.0,Madurai,Tamil Nadu,2024-04-23
277,Ekaraj Majumdar,Female,33.0,Ahmedabad,Gujarat,2025-08-26
278,Harini Tripathi,Other,26.0,Surat,Gujarat,2026-08-28
279,Aarnav Mandal,Male,32.0,New Delhi,Delhi,2023-09-16
280,Vrishti Dixit,Male,28.0,Udaipur,Rajasthan,2025-06-20
281,Veda Pai,Female,33.0,Mangaluru,Karnataka,2023-02-01
282,Krishna Shah,Other,37.0,New Delhi,Delhi,2023-11-13
283,Ranbir Khare,Female,46.0,Mysuru,Karnataka,2024-11-24
284,Vivaan Roy,Other,20.0,Thiruvananthapuram,Kerala,2023-06-14
285,Eesha Solanki,Female,51.0,Warangal,Telangana,2026-07-07
286,Libni Doshi,Male,16.0,Noida,Uttar Pradesh,2026-06-18
287,Balhaar Date,Other,30.0,Bengaluru,Karnataka,2024-08-11
288,Harish Sarraf,Male,37.0,Madurai,Tamil Nadu,2025-06-07
289,Tanmayi Aurora,Other,34.0,Mangaluru,Karnataka,2023-07-25
290,Nimrat Dubey,Other,26.0,Lucknow,Uttar Pradesh,2024-09-05
291,Upasna Lanka,Female,30.0,Mumbai,Maharashtra,2023-04-25
292,Mitali Buch,Female,27.0,Durgapur,West Bengal,2025-06-01
293,Lajita Nadig,Other,26.0,New Delhi,Delhi,2025-04-23
294,Balendra Biswas,Male,39.0,Kochi,Kerala,2023-12-25
295,Bhavna Karan,Female,35.0,Mangaluru,Karnataka,2026-06-23
296,Radha Chaudhari,Other,25.0,Coimbatore,Tamil Nadu,2023-10-21
297,Sachi Ganesan,Other,,Coimbatore,Tamil Nadu,2024-06-04
298,Ayush Batra,Other,34.0,Kanpur,Uttar Pradesh,2023-01-20
299,Daksh Memon,Other,39.0,Kanpur,Uttar Pradesh,2026-01-24
300,Kavya Sankar,Female,37.0,New Delhi,Delhi,2024-12-08
301,Yash Wali,Other,24.0,Thiruvananthapuram,Kerala,2025-05-18
302,Pranit Garde,Female,26.0,Durgapur,West Bengal,2024-02-12
303,Farhan Raja,Male,38.0,Surat,Gujarat,2024-04-30
304,Widisha Dhar,Female,37.0,Vadodara,Gujarat,2026-03-23
305,Triya Kumar,Female,31.0,Siliguri,West Bengal,2023-02-14
306,Aadhya Andra,Male,33.0,Surat,Gujarat,2026-03-05
307,Bhavna Dugar,Other,43.0,Nagpur,Maharashtra,2025-10-14
308,Riya Pai,Other,26.0,Kolkata,West Bengal,2024-12-22
309,Panini Krishna,Male,36.0,Madurai,Tamil Nadu,2026-06-25
310,Chasmum Issac,Other,30.0,Siliguri,West Bengal,2023-10-08
311,Vasudha Chhabra,Other,30.0,Mangaluru,Karnataka,2023-03-22
312,Lakshmi Parmer,Male,41.0,Durgapur,West Bengal,2026-04-01
313,Chakrika Bains,Male,39.0,Hyderabad,Telangana,2024-08-27
314,Anvi Anand,Male,39.0,Warangal,Telangana,2024-02-16
315,Watika Mangat,Other,43.0,New Delhi,Delhi,2025-10-24
316,Indira Kanda,Female,32.0,Kolkata,West Bengal,2025-09-13
317,Zashil Devan,Female,38.0,Siliguri,West Bengal,2023-08-24
318,Balveer More,Male,29.0,Lucknow,Uttar Pradesh,2024-04-07
319,Bahadurjit Patla,Female,34.0,Vadodara,Gujarat,2023-07-04
320,Gautam Merchant,Female,30.0,Ahmedabad,Gujarat,2026-01-03
321,Ojasvi Gill,Female,32.0,Mysuru,Karnataka,2024-06-20
322,Kevin Zacharia,Other,37.0,Thiruvananthapuram,Kerala,2025-01-30
323,Yachana Mahajan,Male,24.0,Mangaluru,Karnataka,2025-08-23
324,Aarini Subramaniam,Other,50.0,Nagpur,Maharashtra,2024-11-02
325,Hamsini Contractor,Other,22.0,Kochi,Kerala,2023-05-10
326,Faqid Dhaliwal,Female,21.0,Noida,Uttar Pradesh,2026-08-22
327,Mekhala Pau,Male,42.0,Ahmedabad,Gujarat,2023-04-03
328,Megha Atwal,Female,39.0,Pune,Maharashtra,2023-08-26
329,Jatin Sha,Other,37.0,Bengaluru,Karnataka,2023-10-05
330,Adweta Raj,Female,37.0,Surat,Gujarat,2026-01-11
331,Hritik Kaur,Other,31.0,Vadodara,Gujarat,2023-11-13
332,Aryan Narang,Male,23.0,Vadodara,Gujarat,2025-09-29
333,Dev Shetty,Female,32.0,Thiruvananthapuram,Kerala,2023-03-09
334,Nilima Dada,Unknown,25.0,Hyderabad,Telangana,2025-06-29
335,Chakradev Barad,Male,40.0,Coimbatore,Tamil Nadu,2025-01-22
336,Waida D’Alia,Male,30.0,Udaipur,Rajasthan,2025-03-26
337,Wahab Yogi,Male,24.0,Kolkata,West Bengal,2025-07-20
338,Lipika Setty,Male,29.0,Mangaluru,Karnataka,2026-08-07
339,Oni Dubey,Male,35.0,Kochi,Kerala,2024-11-14
340,Hardik Suri,Other,26.0,Chennai,Tamil Nadu,2024-02-25
341,Ati Bali,Male,24.0,Mangaluru,Karnataka,2026-04-15
342,Teerth Sawhney,Female,34.0,Chennai,Tamil Nadu,2023-10-30
343,Warinder Patil,Female,34.0,Kochi,Kerala,2023-10-24
344,Jhalak Parmer,Male,27.0,New Delhi,Delhi,2023-08-14
345,Mitali Majumdar,Male,27.0,Mumbai,Maharashtra,2025-01-03
346,Jason Sha,Female,34.0,Madurai,Tamil Nadu,2023-02-02
347,Simon Bail,Male,18.0,New Delhi,Delhi,2023-09-17
348,Gauri Kohli,Male,19.0,Vadodara,Gujarat,2023-05-11
349,Samesh Biswas,Female,25.0,Kanpur,Uttar Pradesh,2025-11-17
350,Tarak Kaul,Female,30.0,Kochi,Kerala,2025-10-28
351,Manbir Agate,Male,34.0,Madurai,Tamil Nadu,2025-12-03
352,Maanav De,Other,45.0,Durgapur,West Bengal,2023-03-05
353,Owen Choudhary,Female,39.0,Pune,Maharashtra,2025-05-23
354,Karan Aurora,Other,30.0,Mysuru,Karnataka,2025-06-27
355,Wazir Naik,Female,31.0,Bengaluru,Karnataka,2026-05-30
356,Owen Lanka,Male,22.0,New Delhi,Delhi,2024-07-17
357,Jonathan Sama,Female,31.0,Thiruvananthapuram,Kerala,2026-05-08
358,Devansh Soni,Female,29.0,Udaipur,Rajasthan,2025-11-01
359,Janaki Varghese,Male,34.0,Thiruvananthapuram,Kerala,2023-08-23
360,Siya Thakur,Female,24.0,Jaipur,Rajasthan,2025-07-13
361,Caleb Verma,Female,36.0,Coimbatore,Tamil Nadu,2025-07-17
362,Tara Balasubramanian,Other,45.0,Surat,Gujarat,2023-07-14
363,Varenya Ratti,Female,31.0,Warangal,Telangana,2024-06-06
364,Hritik Swaminathan,Other,35.0,Hyderabad,Telangana,2025-08-29
365,Ethan Buch,Male,38.0,Bengaluru,Karnataka,2023-07-10
366,Manbir Bhatti,Other,28.0,Ahmedabad,Gujarat,2025-02-02
367,Anvi Nair,Other,34.0,New Delhi,Delhi,2026-02-24
368,Chaitaly Setty,Other,32.0,Udaipur,Rajasthan,2023-09-08
369,Hardik Contractor,Other,32.0,Surat,Gujarat,2025-05-16
370,Qushi Seth,Other,25.0,Pune,Maharashtra,2024-10-01
371,Odika Nori,Other,32.0,Hyderabad,Telangana,2025-11-05
372,Mohini Sagar,Other,36.0,Chennai,Tamil Nadu,2025-09-14
373,Dhriti Sane,Female,45.0,Chennai,Tamil Nadu,2026-02-13
374,Aadhya Prasad,Female,,Hyderabad,Telangana,2026-03-21
375,Urvi Bhavsar,Other,51.0,Coimbatore,Tamil Nadu,2026-06-27
376,Frederick Chander,Other,25.0,Kochi,Kerala,2024-07-01
377,Gopal Pradhan,Female,39.0,Mumbai,Maharashtra,2024-09-24
378,Darpan Narayan,Male,33.0,Warangal,Telangana,2024-01-07
379,Nirja Pandya,Male,51.0,New Delhi,Delhi,2023-10-18
380,Charan Mani,Other,24.0,Mumbai,Maharashtra,2025-12-22
381,Indira Chawla,Female,24.0,Coimbatore,Tamil Nadu,2025-07-18
382,Mohammed Subramaniam,Female,26.0,Hyderabad,Telangana,2024-09-30
383,Hritik Palla,Male,16.0,Hyderabad,Telangana,2023-11-15
384,Ishwar Mallick,Other,27.0,New Delhi,Delhi,2023-06-17
385,Pushti Bal,Other,25.0,Durgapur,West Bengal,2025-05-18
386,Ayush Gole,Female,33.0,Noida,Uttar Pradesh,2025-04-28
387,Dayamai Nori,Other,35.0,Kolkata,West Bengal,2023-08-22
388,Abeer Golla,Male,48.0,Warangal,Telangana,2024-08-03
389,Nandini Boase,Other,40.0,Thiruvananthapuram,Kerala,2024-09-23
390,Azaan Chand,Female,26.0,Mumbai,Maharashtra,2026-05-12
391,Krisha Saini,Male,23.0,Mumbai,Maharashtra,2024-09-09
392,Harita Dugar,Female,36.0,Chennai,Tamil Nadu,2024-08-15
393,Devika Nair,Male,20.0,Hyderabad,Telangana,2025-10-15
394,Charles Dugal,Unknown,48.0,Ahmedabad,Gujarat,2025-02-17
395,Chandran Bumb,Other,42.0,Jaipur,Rajasthan,2026-02-18
396,Saanvi Samra,Female,27.0,Hyderabad,Telangana,2023-03-28
397,Riya Sachdeva,Female,16.0,Ahmedabad,Gujarat,2023-06-09
398,Tanveer Vala,Other,44.0,Warangal,Telangana,2025-04-08
399,Hemani Sani,Male,30.0,Surat,Gujarat,2025-04-09
400,Bhanumati Sur,Male,43.0,Pune,Maharashtra,2026-06-19
401,Chakradev Kannan,Female,17.0,Noida,Uttar Pradesh,2023-06-30
402,Christopher Amble,Male,26.0,Ahmedabad,Gujarat,2025-06-11
403,Charvi Kakar,Other,32.0,Thiruvananthapuram,Kerala,2023-06-11
404,Aadhya Mann,Other,32.0,Surat,Gujarat,2024-11-26
405,Jagdish Amble,Male,27.0,Coimbatore,Tamil Nadu,2023-06-06
406,Qushi Gill,Other,37.0,Jaipur,Rajasthan,2025-11-10
407,Lajita Walia,Female,22.0,Coimbatore,Tamil Nadu,2026-08-14
408,Xiti Pandya,Male,30.0,New Delhi,Delhi,2023-10-27
409,Mekhala Basak,Male,33.0,Kolkata,West Bengal,2026-05-18
410,Anirudh Sharaf,Male,36.0,New Delhi,Delhi,2026-07-10
411,Dhriti Sanghvi,Other,38.0,Kanpur,Uttar Pradesh,2026-04-01
412,Omisha Mann,Other,21.0,Noida,Uttar Pradesh,2026-08-09
413,Nidhi Bail,Other,18.0,Thiruvananthapuram,Kerala,2024-10-09
414,Onveer Sharma,Male,43.0,New Delhi,Delhi,2025-08-18
415,Gaurang Sarkar,Female,34.0,Noida,Uttar Pradesh,2024-07-16
416,Yagnesh Sarin,Female,25.0,Kochi,Kerala,2025-11-05
417,Farhan Randhawa,Female,45.0,Mysuru,Karnataka,2025-07-14
418,Harinakshi Kant,Female,33.0,Mumbai,Maharashtra,2024-08-10
419,Om Bose,Male,42.0,Mangaluru,Karnataka,2026-06-13
420,Yashvi Hari,Female,32.0,Thiruvananthapuram,Kerala,2026-04-03
421,Indali Divan,Female,50.0,Jaipur,Rajasthan,2026-03-16
422,Harshil Dhingra,Other,47.0,Coimbatore,Tamil Nadu,2025-09-01
423,Rudra Ghose,Male,29.0,Jaipur,Rajasthan,2025-07-11
424,Faqid Goel,Other,40.0,Mysuru,Karnataka,2023-06-22
425,Ucchal Sen,Male,37.0,Jaipur,Rajasthan,2024-05-22
426,Diya Dora,Other,44.0,Kanpur,Uttar Pradesh,2025-12-06
427,Ekansh Singh,Female,23.0,Kochi,Kerala,2025-02-02
428,Chavvi Maharaj,Female,38.0,Durgapur,West Bengal,2024-11-23
429,Indira Tripathi,Other,41.0,Kochi,Kerala,2026-08-18
430,Dayita Shenoy,Female,16.0,Hyderabad,Telangana,2023-07-13
431,Baljiwan Bhandari,Female,21.0,Udaipur,Rajasthan,2024-05-31
432,Bhavini Bose,Female,16.0,Kochi,Kerala,2023-06-16
433,Yashica Rajagopalan,Female,29.0,Kochi,Kerala,2024-09-27
434,Benjamin Sengupta,Other,38.0,Ahmedabad,Gujarat,2023-06-23
435,Ekanta Soni,Female,45.0,Siliguri,West Bengal,2026-08-10
436,David Seshadri,Other,32.0,Hyderabad,Telangana,2025-12-14
437,Hemal Chad,Other,46.0,Mangaluru,Karnataka,2025-05-17
438,Balveer Kota,Male,19.0,Udaipur,Rajasthan,2025-01-12
439,Reva Viswanathan,Male,16.0,Kolkata,West Bengal,2024-11-30
440,Januja Pradhan,Male,31.0,Lucknow,Uttar Pradesh,2023-10-09
441,Lila Rege,Female,35.0,New Delhi,Delhi,2023-07-27
442,Charles Natt,Other,31.0,Jaipur,Rajasthan,2024-11-20
443,Forum Chandra,Other,16.0,Kochi,Kerala,2025-02-10
444,Bhanumati Krishnan,Male,31.0,New Delhi,Delhi,2026-07-03
445,Gauri Bumb,Male,20.0,New Delhi,Delhi,2025-04-21
446,Inaya Mukherjee,Female,38.0,Hyderabad,Telangana,2026-06-04
447,Kai Chad,Female,35.0,Siliguri,West Bengal,2024-04-24
448,Krisha Narasimhan,Female,23.0,Jaipur,Rajasthan,2025-08-18
449,Girik Sampath,Other,27.0,Coimbatore,Tamil Nadu,2026-03-14
450,Andrew Patil,Female,22.0,Kanpur,Uttar Pradesh,2025-02-21
451,Pranit Kala,Male,31.0,Udaipur,Rajasthan,2024-02-13
452,Vedika Handa,Female,40.0,Kochi,Kerala,2023-04-17
453,Laksh Dubey,Other,23.0,Kanpur,Uttar Pradesh,2023-07-30
454,Chakrika Chaudhuri,Female,36.0,Jaipur,Rajasthan,2023-06-21
455,Gayathri Deep,Female,27.0,New Delhi,Delhi,2025-11-17
456,Mitesh Gaba,Male,24.0,New Delhi,Delhi,2024-03-30
457,Noah Sarma,Male,31.0,Kanpur,Uttar Pradesh,2025-04-29
458,Nirja Patla,Other,22.0,Pune,Maharashtra,2025-02-04
459,Sachi Mane,Male,27.0,Coimbatore,Tamil Nadu,2025-02-06
460,Vivaan Walla,Female,21.0,Chennai,Tamil Nadu,2023-07-22
461,Dayamai Singh,Male,49.0,Hyderabad,Telangana,2023-03-20
462,Jhalak Sastry,Other,32.0,Durgapur,West Bengal,2023-10-12
463,Baghyawati Raja,Other,25.0,Kanpur,Uttar Pradesh,2023-01-11
464,Neel Iyengar,Female,33.0,Bengaluru,Karnataka,2024-03-17
465,Zashil Ben,Male,30.0,New Delhi,Delhi,2024-08-13
466,Kamya Chauhan,Male,30.0,Coimbatore,Tamil Nadu,2023-04-08
467,Bhavani Chacko,Other,37.0,Coimbatore,Tamil Nadu,2026-06-29
468,Anjali Sengupta,Male,38.0,Lucknow,Uttar Pradesh,2025-10-20
469,Rajeshri Chand,Other,,Kochi,Kerala,2025-11-21
470,Shravya Palla,Other,26.0,Kochi,Kerala,2023-10-22
471,Oeshi Bera,Male,29.0,Durgapur,West Bengal,2026-06-13
472,Yadavi Prakash,Other,16.0,Hyderabad,Telangana,2025-05-03
473,Libni Bumb,Other,18.0,New Delhi,Delhi,2025-01-08
474,Udarsh Bala,Other,44.0,Mangaluru,Karnataka,2025-11-05
475,Hardik Nayak,Female,46.0,Jaipur,Rajasthan,2025-08-20
476,Laksh Barad,Female,29.0,Nagpur,Maharashtra,2025-02-03
477,Urmi Dewan,Male,37.0,Siliguri,West Bengal,2025-01-01
478,Saumya Ahluwalia,Male,34.0,Mysuru,Karnataka,2026-07-10
479,Anirudh Kunda,Other,59.0,Mangaluru,Karnataka,2024-11-11
480,Mason Wable,Female,42.0,New Delhi,Delhi,2026-01-23
481,Indrajit Mani,Other,30.0,Hyderabad,Telangana,2025-08-09
482,Charvi Dara,Male,23.0,Noida,Uttar Pradesh,2023-10-04
483,William Saini,Female,17.0,Mangaluru,Karnataka,2023-03-17
484,Dev Choudhry,Male,33.0,Kolkata,West Bengal,2024-02-13
485,Amol Varma,Female,25.0,Pune,Maharashtra,2025-11-21
486,Maanas Manne,Female,19.0,Vadodara,Gujarat,2024-06-02
487,Aarav Pandit,Unknown,26.0,Nagpur,Maharashtra,2024-08-08
488,Omaja Grover,Other,22.0,Hyderabad,Telangana,2024-11-10
489,Jalsa Bir,Female,47.0,Kolkata,West Bengal,2025-06-13
490,Madhavi Singhal,Female,39.0,Vadodara,Gujarat,2025-03-02
491,Lila Prakash,Female,31.0,Hyderabad,Telangana,2025-10-15
492,Amol Parikh,Male,45.0,Warangal,Telangana,2025-05-19
493,Hemani Khosla,Other,32.0,Mysuru,Karnataka,2024-01-05
494,Gaurangi Deol,Female,24.0,Udaipur,Rajasthan,2023-07-30
495,Indira Nigam,Other,45.0,Mysuru,Karnataka,2024-08-28
496,Ucchal Srinivas,Other,36.0,Durgapur,West Bengal,2025-05-22
497,Krishna Bhatnagar,Female,22.0,New Delhi,Delhi,2025-07-04
498,Balhaar Memon,Female,,Nagpur,Maharashtra,2026-06-13
499,Caleb Iyengar,Other,24.0,Surat,Gujarat,2023-04-28
500,Diya Mukherjee,Other,19.0,Mangaluru,Karnataka,2025-04-11
501,Urvashi Kulkarni,Male,40.0,Hyderabad,Telangana,2023-10-20
502,Rayaan Mangal,Unknown,49.0,Thiruvananthapuram,Kerala,2023-09-16
503,Champak Narula,Other,19.0,Bengaluru,Karnataka,2025-01-20
504,Jeet Pillai,Other,37.0,Warangal,Telangana,2023-03-08
505,Mugdha Sarraf,Other,26.0,Kochi,Kerala,2025-07-10
506,Harinakshi Grover,Female,27.0,Warangal,Telangana,2023-06-07
507,Widisha Pillai,Other,26.0,Kochi,Kerala,2025-01-21
508,Fitan Samra,Other,24.0,Surat,Gujarat,2024-07-24
509,Qushi Gole,Male,32.0,Chennai,Tamil Nadu,2024-01-17
510,Ekani Chauhan,Female,24.0,Noida,Uttar Pradesh,2026-02-24
511,Falak Merchant,Female,34.0,Mysuru,Karnataka,2025-07-02
512,Sanaya Sandhu,Female,31.0,Madurai,Tamil Nadu,2025-10-02
513,Sachi Panchal,Male,29.0,Chennai,Tamil Nadu,2023-06-01
514,Brijesh Pandit,Other,23.0,Lucknow,Uttar Pradesh,2025-06-30
515,Anvi Bhandari,Female,26.0,Mangaluru,Karnataka,2024-12-12
516,Nidra Patla,Other,38.0,Mangaluru,Karnataka,2024-08-17
517,Azaan Dhar,Other,36.0,Kolkata,West Bengal,2026-07-30
518,Bakhshi Date,Other,23.0,New Delhi,Delhi,2024-04-04
519,Warinder Peri,Male,32.0,Bengaluru,Karnataka,2024-04-29
520,Leela Bali,Female,38.0,Lucknow,Uttar Pradesh,2026-02-08
521,Shivani Prabhakar,Female,16.0,Thiruvananthapuram,Kerala,2026-02-03
522,Sachi Bose,Male,36.0,New Delhi,Delhi,2024-09-25
523,Jeevika Rao,Other,26.0,Vadodara,Gujarat,2025-09-07
524,Arya Krish,Female,37.0,Udaipur,Rajasthan,2026-03-23
525,Atharv Grewal,Female,25.0,Bengaluru,Karnataka,2026-08-08
526,Zarna Ram,Female,16.0,Mysuru,Karnataka,2025-11-25
527,Adweta Lad,Other,17.0,Hyderabad,Telangana,2026-08-03
528,Tanish Mangal,Male,32.0,Kochi,Kerala,2025-06-05
529,Ryan Das,Male,34.0,Jaipur,Rajasthan,2025-11-27
530,Ethan Seth,Male,23.0,New Delhi,Delhi,2023-11-28
531,Sai Chahal,Female,37.0,Hyderabad,Telangana,2025-11-28
532,Idika Bhattacharyya,Female,17.0,Kolkata,West Bengal,2024-02-07
533,Charita Dugar,Male,31.0,Udaipur,Rajasthan,2026-07-04
534,Janaki Trivedi,Other,21.0,Siliguri,West Bengal,2023-07-11
535,Jairaj Iyer,Other,26.0,Jaipur,Rajasthan,2026-04-04
536,Warjas Tak,Other,32.0,New Delhi,Delhi,2026-07-02
537,Jalsa Pillay,Other,24.0,Thiruvananthapuram,Kerala,2023-03-26
538,Kai Chadha,Male,28.0,Mumbai,Maharashtra,2026-08-06
539,Dayamai Rao,Other,41.0,Thiruvananthapuram,Kerala,2024-03-07
540,Nirja Rout,Other,26.0,Thiruvananthapuram,Kerala,2026-08-01
541,Jeremiah Nadig,Other,39.0,Pune,Maharashtra,2026-01-22
542,Shivani Shukla,Female,21.0,Siliguri,West Bengal,2025-09-16
543,Kabir Gopal,Female,36.0,Madurai,Tamil Nadu,2024-09-01
544,Rachita Thakkar,Other,44.0,Lucknow,Uttar Pradesh,2023-05-03
545,Jeet Vasa,Female,16.0,New Delhi,Delhi,2025-09-18
546,Daksha Gala,Female,24.0,Lucknow,Uttar Pradesh,2026-05-27
547,Ekantika Kar,Other,37.0,New Delhi,Delhi,2024-10-15
548,Zilmil Mander,Male,30.0,Warangal,Telangana,2025-01-28
549,Zashil Hegde,Female,35.0,Jaipur,Rajasthan,2024-05-10
550,Jeremiah Mitter,Female,26.0,Lucknow,Uttar Pradesh,2025-07-09
551,Yadavi Ganguly,Male,32.0,Chennai,Tamil Nadu,2023-04-14
552,Onveer Nazareth,Other,30.0,Durgapur,West Bengal,2025-05-06
553,Ayush Bumb,Female,42.0,Chennai,Tamil Nadu,2026-03-29
554,Alka Kade,Male,34.0,Hyderabad,Telangana,2025-10-17
555,Azaan Tank,Female,35.0,Udaipur,Rajasthan,2024-09-23
556,Chasmum Subramanian,Male,28.0,Lucknow,Uttar Pradesh,2025-03-16
557,Nidra Mishra,Male,27.0,Udaipur,Rajasthan,2024-03-16
558,Elijah Bhasin,Male,28.0,Thiruvananthapuram,Kerala,2023-04-14
559,Ria Sagar,Other,35.0,Durgapur,West Bengal,2025-08-21
560,Ucchal Jani,Male,28.0,Siliguri,West Bengal,2023-08-09
561,Maanas Munshi,Female,34.0,Ahmedabad,Gujarat,2025-01-19
562,Hemani Rastogi,Male,50.0,Surat,Gujarat,2025-03-31
563,Kamala Varma,Other,39.0,Nagpur,Maharashtra,2024-02-03
564,Eiravati Khurana,Male,29.0,Warangal,Telangana,2025-03-02
565,Jason Loke,Other,42.0,Udaipur,Rajasthan,2024-07-26
566,Yug Dhaliwal,Male,28.0,Kochi,Kerala,2023-07-18
567,Chandresh Mannan,Female,16.0,Surat,Gujarat,2026-02-16
568,Omya Kothari,Male,22.0,Hyderabad,Telangana,2026-05-18
569,Falak Munshi,Other,16.0,Udaipur,Rajasthan,2023-03-24
570,Nathaniel Tara,Male,28.0,Mumbai,Maharashtra,2024-11-13
571,Wishi Morar,Female,32.0,Noida,Uttar Pradesh,2023-11-02
572,Arin Chana,Female,47.0,Kochi,Kerala,2026-06-09
573,Yashasvi Shankar,Female,34.0,Hyderabad,Telangana,2026-06-16
574,Tanveer Pandit,Female,30.0,Siliguri,West Bengal,2025-11-04
575,Chandresh Manda,Other,39.0,Udaipur,Rajasthan,2026-02-26
576,Upma Mangal,Male,16.0,Durgapur,West Bengal,2025-01-24
577,Hritik Sankar,Female,34.0,Hyderabad,Telangana,2026-04-10
578,Aishani Pau,Other,38.0,Siliguri,West Bengal,2026-07-12
579,Jasmit Bath,Female,18.0,Nagpur,Maharashtra,2024-06-27
580,Charan Hayer,Other,42.0,Kochi,Kerala,2023-04-16
581,Bhavya Borah,Male,35.0,Thiruvananthapuram,Kerala,2025-12-09
582,Yamini Seshadri,Male,28.0,Thiruvananthapuram,Kerala,2024-05-11
583,Jagat Dave,Other,37.0,Nagpur,Maharashtra,2023-08-14
584,Meera Prakash,Female,52.0,Chennai,Tamil Nadu,2024-10-04
585,Jasmit Dhawan,Female,33.0,Ahmedabad,Gujarat,2024-02-22
586,Yashodhara Ratti,Other,34.0,Vadodara,Gujarat,2025-08-23
587,Chakradev Barad,Male,27.0,Nagpur,Maharashtra,2025-11-28
588,Gauri Som,Female,24.0,Madurai,Tamil Nadu,2025-09-06
589,Manthan Varma,Female,39.0,Udaipur,Rajasthan,2023-12-21
590,Falak Nagar,Unknown,24.0,Noida,Uttar Pradesh,2026-01-23
591,Maya Mistry,Other,32.0,Warangal,Telangana,2025-09-18
592,Yashica Upadhyay,Female,27.0,Chennai,Tamil Nadu,2026-02-16
593,Chandani Soman,Female,36.0,Kolkata,West Bengal,2024-08-14
594,Jyoti Narula,Other,35.0,Madurai,Tamil Nadu,2025-09-28
595,Omaja Morar,Female,41.0,Warangal,Telangana,2026-02-21
596,Urvi Lanka,Male,27.0,Durgapur,West Bengal,2026-03-20
597,Charan Srinivasan,Female,29.0,Udaipur,Rajasthan,2024-12-07
598,Lajita Divan,Male,23.0,New Delhi,Delhi,2024-08-12
599,Azad Choudhary,Female,28.0,Mysuru,Karnataka,2024-06-09
600,Anirudh Sastry,Male,35.0,Lucknow,Uttar Pradesh,2026-01-08
601,Omya Doshi,Other,38.0,Siliguri,West Bengal,2024-07-10
602,Samar Roy,Other,23.0,New Delhi,Delhi,2026-04-16
603,David Devi,Male,39.0,Chennai,Tamil Nadu,2025-12-23
604,Ekta Sridhar,Male,44.0,Madurai,Tamil Nadu,2023-04-18
605,Dipta Ghose,Female,35.0,Mysuru,Karnataka,2025-08-25
606,Hema Pandya,Male,48.0,Mangaluru,Karnataka,2023-01-11
607,Veda Handa,Female,25.0,Jaipur,Rajasthan,2026-08-30
608,Arya Misra,Other,20.0,Kanpur,Uttar Pradesh,2024-02-13
609,Chameli Mani,Female,16.0,Durgapur,West Bengal,2026-08-15
610,Vrinda Nadig,Other,45.0,Mumbai,Maharashtra,2026-03-21
611,Ikshita Mahal,Other,37.0,Madurai,Tamil Nadu,2023-03-18
612,Jairaj Raghavan,Male,31.0,New Delhi,Delhi,2023-03-16
613,Hemani Dhingra,Male,34.0,Surat,Gujarat,2024-08-15
614,Brijesh Mani,Female,21.0,Mumbai,Maharashtra,2026-03-09
615,Hiral Sathe,Female,54.0,Kochi,Kerala,2024-08-05
616,Varenya Kala,Other,33.0,Noida,Uttar Pradesh,2025-12-09
617,Anika Magar,Other,32.0,Lucknow,Uttar Pradesh,2025-08-16
618,Ikbal Khatri,Male,38.0,Kolkata,West Bengal,2024-11-08
619,Chandresh Wali,Other,36.0,New Delhi,Delhi,2024-06-10
620,Viraj Ben,Other,34.0,New Delhi,Delhi,2024-11-21
621,Odika Narayanan,Other,24.0,Siliguri,West Bengal,2024-01-31
622,Harish Devan,Female,36.0,New Delhi,Delhi,2025-11-21
623,Nakul Ray,Female,48.0,Hyderabad,Telangana,2023-07-15
624,Vansha Iyengar,Female,44.0,New Delhi,Delhi,2024-10-24
625,Ekani Mangal,Female,46.0,Chennai,Tamil Nadu,2025-02-24
626,Gaurav Kata,Female,27.0,Coimbatore,Tamil Nadu,2024-11-06
627,Parth Sahni,Other,23.0,Siliguri,West Bengal,2026-03-19
628,Balhaar Ranganathan,Other,30.0,Pune,Maharashtra,2025-01-06
629,Quincy Mann,Other,32.0,Chennai,Tamil Nadu,2023-08-31
630,Aditya Misra,Male,41.0,Kanpur,Uttar Pradesh,2025-04-10
631,Gautami Mane,Other,16.0,Udaipur,Rajasthan,2023-08-29
632,Wakeeta Desai,Other,45.0,Durgapur,West Bengal,2024-03-28
633,Anjali Hans,Female,30.0,Chennai,Tamil Nadu,2023-11-10
634,Ganga Gaba,Other,28.0,Noida,Uttar Pradesh,2025-02-04
635,Aarini Grewal,Other,22.0,Vadodara,Gujarat,2025-08-22
636,Geetika Merchant,Male,17.0,Jaipur,Rajasthan,2026-05-05
637,Parth Ravi,Female,39.0,Mangaluru,Karnataka,2025-12-17
638,Yutika Narang,Other,32.0,Hyderabad,Telangana,2023-08-18
639,Nandini Chandran,Other,20.0,Nagpur,Maharashtra,2024-02-19
640,Logan Sood,Male,20.0,Kochi,Kerala,2024-11-02
641,Yuvraj Ahuja,Male,28.0,Udaipur,Rajasthan,2024-02-25
642,Leela Keer,Male,47.0,Thiruvananthapuram,Kerala,2025-11-11
643,Amara Narayan,Unknown,29.0,Lucknow,Uttar Pradesh,2023-09-28
644,Advay Lal,Female,18.0,Udaipur,Rajasthan,2026-02-28
645,Warinder Bhatia,Female,29.0,Nagpur,Maharashtra,2024-09-23
646,Udyati Mohanty,Female,29.0,Pune,Maharashtra,2023-01-07
647,Nidra Thakkar,Male,16.0,Madurai,Tamil Nadu,2023-04-03
648,Jacob Merchant,Other,31.0,Surat,Gujarat,2023-05-11
649,Timothy Kanda,Male,29.0,Jaipur,Rajasthan,2025-08-24
650,Vanya Dua,Female,38.0,Pune,Maharashtra,2024-01-04
651,Kashvi Sagar,Female,48.0,New Delhi,Delhi,2025-02-22
652,Tejas Kota,Female,42.0,Kanpur,Uttar Pradesh,2023-06-14
653,Sanya Wable,Other,29.0,Jaipur,Rajasthan,2024-12-13
654,Faras Choudhury,Other,22.0,Bengaluru,Karnataka,2025-03-15
655,Yashasvi Jain,Other,55.0,Jaipur,Rajasthan,2024-04-01
656,Nitesh Narang,Female,,Mumbai,Maharashtra,2025-08-06
657,Jackson Jha,Other,32.0,Udaipur,Rajasthan,2025-02-15
658,Gavin Uppal,Female,31.0,Chennai,Tamil Nadu,2024-12-09
659,Christopher Setty,Male,33.0,New Delhi,Delhi,2023-08-20
660,Yochana Sagar,Female,30.0,Nagpur,Maharashtra,2026-06-13
661,Dalbir Shere,Male,26.0,Mumbai,Maharashtra,2023-05-18
662,Anthony Randhawa,Male,27.0,Mangaluru,Karnataka,2025-07-03
663,Aarush Kamdar,Male,31.0,Kochi,Kerala,2023-04-01
664,Chakradev Sampath,Male,27.0,Surat,Gujarat,2026-01-10
665,Devansh Bhasin,Male,25.0,Chennai,Tamil Nadu,2025-10-28
666,Urmi Balay,Other,32.0,Kolkata,West Bengal,2026-03-25
667,Nilima Gole,Male,29.0,Warangal,Telangana,2024-09-10
668,Osha Prasad,Female,45.0,New Delhi,Delhi,2024-09-07
669,Saumya Purohit,Other,16.0,Kolkata,West Bengal,2026-04-26
670,Faris Zacharia,Other,41.0,New Delhi,Delhi,2025-10-12
671,Ijaya Dani,Other,43.0,Pune,Maharashtra,2025-02-19
672,Maya Wadhwa,Other,16.0,Udaipur,Rajasthan,2025-05-02
673,Udant Aggarwal,Female,28.0,Ahmedabad,Gujarat,2025-02-09
674,Chanchal Sheth,Male,28.0,New Delhi,Delhi,2024-04-06
675,Ladli Karpe,Male,19.0,Siliguri,West Bengal,2025-08-06
676,Triveni Pal,Female,24.0,Nagpur,Maharashtra,2025-05-03
677,Anya Gulati,Female,22.0,Jaipur,Rajasthan,2024-05-12
678,Azad Saini,Female,47.0,Kolkata,West Bengal,2026-08-17
679,Wridesh Jhaveri,Female,40.0,Mysuru,Karnataka,2023-07-09
680,Harrison Bandi,Male,43.0,Jaipur,Rajasthan,2024-07-03
681,Chanakya Konda,Other,38.0,Vadodara,Gujarat,2026-05-19
682,Neelima Sarna,Male,21.0,Mumbai,Maharashtra,2026-04-18
683,Teerth Bhalla,Female,27.0,Jaipur,Rajasthan,2024-03-03
684,Yahvi Mann,Male,36.0,Warangal,Telangana,2024-03-09
685,Eiravati Nagi,Male,21.0,Madurai,Tamil Nadu,2025-09-07
686,Chasmum Dhar,Other,38.0,Madurai,Tamil Nadu,2024-02-23
687,Odika Mital,Other,29.0,Ahmedabad,Gujarat,2024-10-20
688,Darsh Gill,Female,28.0,Durgapur,West Bengal,2025-12-28
689,Warhi Batta,Female,38.0,Warangal,Telangana,2025-01-06
690,Lakshmi Vohra,Female,35.0,Udaipur,Rajasthan,2023-07-21
691,Omaja Rege,Male,28.0,Kanpur,Uttar Pradesh,2025-01-29
692,Charita Puri,Male,42.0,Warangal,Telangana,2026-02-26
693,Urvashi Khosla,Male,22.0,Madurai,Tamil Nadu,2023-02-03
694,Charita Dhawan,Other,37.0,Siliguri,West Bengal,2026-04-01
695,Dalbir Sachar,Male,37.0,Surat,Gujarat,2024-02-06
696,Krish Rama,Female,29.0,Hyderabad,Telangana,2026-03-12
697,Aadhya Jani,Other,34.0,Coimbatore,Tamil Nadu,2024-11-22
698,Farhan Sengupta,Other,20.0,Durgapur,West Bengal,2026-08-07
699,George Wason,Male,40.0,Kanpur,Uttar Pradesh,2024-12-22
700,Charan Loyal,Other,30.0,New Delhi,Delhi,2026-01-24
701,Balveer Bora,Other,27.0,Lucknow,Uttar Pradesh,2026-08-07
702,Teerth Srinivas,Male,41.0,Nagpur,Maharashtra,2023-06-02
703,Gaurangi Mitter,Female,25.0,Mumbai,Maharashtra,2023-10-09
704,Siddharth Gupta,Other,19.0,Chennai,Tamil Nadu,2023-11-06
705,Varenya Kibe,Other,17.0,Mumbai,Maharashtra,2025-07-22
706,Mekhala Khatri,Unknown,37.0,Hyderabad,Telangana,2026-07-30
707,Barkha Rai,Other,20.0,Thiruvananthapuram,Kerala,2025-09-26
708,Jagrati Morar,Other,47.0,Mumbai,Maharashtra,2026-02-03
709,Jagvi Varghese,Male,16.0,Ahmedabad,Gujarat,2025-12-20
710,Unnati Chaudhari,Female,47.0,Siliguri,West Bengal,2023-02-05
711,Ekaja Jani,Male,33.0,Udaipur,Rajasthan,2023-08-08
712,Dhriti Sachdev,Male,,Mangaluru,Karnataka,2024-05-08
713,Timothy Dhingra,Other,27.0,Madurai,Tamil Nadu,2024-05-31
714,Advika Sahni,Female,35.0,Warangal,Telangana,2023-06-11
715,Michael Hayre,Female,31.0,Warangal,Telangana,2026-03-03
716,Victor Raghavan,Male,41.0,Madurai,Tamil Nadu,2024-09-06
717,Xalak Nazareth,Other,33.0,Mangaluru,Karnataka,2023-03-06
718,Vrinda Swaminathan,Female,33.0,Mysuru,Karnataka,2025-02-11
719,Om Pandey,Male,28.0,Udaipur,Rajasthan,2026-07-28
720,Logan Suresh,Male,31.0,Nagpur,Maharashtra,2023-06-19
721,Daniel Viswanathan,Other,34.0,Kanpur,Uttar Pradesh,2024-11-09
722,Falan Bava,Other,16.0,Kochi,Kerala,2023-03-29
723,Nitara Devan,Other,19.0,Chennai,Tamil Nadu,2026-03-06
724,Ekansh Dora,Male,38.0,Kanpur,Uttar Pradesh,2023-06-02
725,Tejas Tiwari,Other,33.0,Siliguri,West Bengal,2023-03-09
726,Kashvi Bhasin,Male,30.0,New Delhi,Delhi,2024-02-29
727,Vinaya Babu,Other,32.0,Kochi,Kerala,2025-03-26
728,Nisha Arora,Male,35.0,Mysuru,Karnataka,2026-02-28
729,Anvi Wason,Female,27.0,Madurai,Tamil Nadu,2026-01-12
730,Anay Thakkar,Other,24.0,Warangal,Telangana,2023-10-14
731,Praneel Chhabra,Other,33.0,Mangaluru,Karnataka,2024-12-09
732,Manthan Khosla,Female,23.0,Mumbai,Maharashtra,2024-04-20
733,Zayyan Pandya,Other,35.0,Mysuru,Karnataka,2026-06-11
734,Mekhala Brar,Female,16.0,Thiruvananthapuram,Kerala,2023-03-02
735,Nidra Sharaf,Female,41.0,Durgapur,West Bengal,2024-04-12
736,Upkaar Mital,Female,36.0,Warangal,Telangana,2024-01-16
737,Azad Chander,Male,34.0,Thiruvananthapuram,Kerala,2026-06-20
738,Ladli Purohit,Other,40.0,Kolkata,West Bengal,2023-05-31
739,Daksh Andra,Male,46.0,Mysuru,Karnataka,2025-02-17
740,Fitan Tata,Female,41.0,New Delhi,Delhi,2025-01-08
741,Garima Chandran,Male,16.0,Bengaluru,Karnataka,2024-09-23
742,Victor Kakar,Female,20.0,Kanpur,Uttar Pradesh,2023-07-29
743,Anika Batra,Male,26.0,New Delhi,Delhi,2025-06-01
744,Avni Bali,Other,32.0,Noida,Uttar Pradesh,2025-11-15
745,Divya Babu,Male,36.0,Ahmedabad,Gujarat,2023-07-03
746,Maanas Rao,Other,25.0,Hyderabad,Telangana,2026-05-09
747,Chandani Gaba,Male,33.0,Warangal,Telangana,2024-08-20
748,Lopa Zachariah,Male,25.0,Surat,Gujarat,2026-02-19
749,Leena Dey,Other,26.0,Madurai,Tamil Nadu,2023-12-14
750,Xiti Pal,Male,19.0,Ahmedabad,Gujarat,2024-07-04
751,Guneet Sarkar,Female,23.0,Durgapur,West Bengal,2023-10-26
752,Faqid Oak,Female,19.0,Bengaluru,Karnataka,2024-07-19
753,Eta Balan,Female,23.0,Surat,Gujarat,2023-06-07
754,Shravya Swaminathan,Male,41.0,Warangal,Telangana,2026-07-04
755,Ishani Prashad,Other,23.0,Noida,Uttar Pradesh,2024-02-05
756,Quincy Rai,Male,55.0,Lucknow,Uttar Pradesh,2024-09-15
757,Chakrika Koshy,Female,36.0,Pune,Maharashtra,2026-06-24
758,Fitan Loyal,Female,33.0,Surat,Gujarat,2024-11-16
759,Lajita Dube,Other,24.0,Vadodara,Gujarat,2023-10-06
760,Edhitha Patel,Other,38.0,Durgapur,West Bengal,2024-02-16
761,Gavin Ahluwalia,Male,26.0,Kanpur,Uttar Pradesh,2025-03-26
762,Sai Parsa,Other,33.0,Warangal,Telangana,2026-07-20
763,Harsh Deo,Male,55.0,Noida,Uttar Pradesh,2024-10-29
764,Rachit Sankar,Female,,Surat,Gujarat,2025-01-17
765,Yauvani Reddy,Male,42.0,Mangaluru,Karnataka,2026-04-27
766,Atharv Chakraborty,Other,25.0,Jaipur,Rajasthan,2026-01-31
767,Girik Nair,Female,31.0,Nagpur,Maharashtra,2024-03-05
768,Advik Manne,Other,47.0,Kanpur,Uttar Pradesh,2023-05-22
769,Lipika Chad,Female,26.0,Vadodara,Gujarat,2023-10-13
770,Omkaar Rai,Female,48.0,Kolkata,West Bengal,2023-11-12
771,Liam Luthra,Male,38.0,Surat,Gujarat,2025-07-08
772,Amrita Tailor,Other,26.0,Thiruvananthapuram,Kerala,2025-03-31
773,Dev Ganesh,Other,37.0,Udaipur,Rajasthan,2023-03-17
774,Anya Sama,Male,40.0,Hyderabad,Telangana,2024-05-23
775,Veda Bose,Other,37.0,Hyderabad,Telangana,2026-06-08
776,Zayan Koshy,Other,17.0,Nagpur,Maharashtra,2026-08-17
777,Rohan Shankar,Female,25.0,Surat,Gujarat,2023-08-05
778,Krishna Modi,Female,29.0,Mumbai,Maharashtra,2024-03-30
779,Meghana Natarajan,Female,31.0,Jaipur,Rajasthan,2025-02-05
780,Forum Sarraf,Other,37.0,Surat,Gujarat,2026-04-20
781,Qushi Deshpande,Female,33.0,Jaipur,Rajasthan,2023-02-20
782,Ekani Iyer,Female,19.0,Lucknow,Uttar Pradesh,2025-05-01
783,Dipta Goel,Other,35.0,Bengaluru,Karnataka,2023-10-18
784,Eiravati Manne,Female,37.0,Warangal,Telangana,2025-07-21
785,Xavier Nanda,Female,37.0,Madurai,Tamil Nadu,2024-12-14
786,Avni Ramaswamy,Female,41.0,Lucknow,Uttar Pradesh,2025-07-15
787,Ishaan Iyengar,Female,39.0,Hyderabad,Telangana,2023-04-02
788,Avi Shenoy,Female,36.0,Bengaluru,Karnataka,2026-08-20
789,Raksha Manne,Male,31.0,Mangaluru,Karnataka,2024-05-14
790,Nilima Tata,Other,17.0,Jaipur,Rajasthan,2023-11-24
791,Chavvi Khurana,Female,35.0,Warangal,Telangana,2024-04-19
792,Mitesh Sampath,Male,33.0,Vadodara,Gujarat,2024-01-17
793,Ethan Sen,Male,34.0,Surat,Gujarat,2026-06-11
794,Nandini Warrior,Other,20.0,Coimbatore,Tamil Nadu,2025-05-29
795,Balhaar Parsa,Unknown,22.0,Ahmedabad,Gujarat,2024-03-15
796,Ikbal Kothari,Other,41.0,Coimbatore,Tamil Nadu,2023-05-09
797,Ojas Basu,Other,31.0,Kochi,Kerala,2024-01-18
798,Garima Sani,Male,38.0,Warangal,Telangana,2025-07-26
799,Advaith Chaudhari,Other,32.0,Mysuru,Karnataka,2025-09-29
800,Tristan Uppal,Other,32.0,Udaipur,Rajasthan,2025-03-06
801,Sanaya Prasad,Other,40.0,Thiruvananthapuram,Kerala,2023-08-22
802,Ubika Tella,Female,27.0,Warangal,Telangana,2026-06-18
803,Hemani Bakshi,Other,32.0,New Delhi,Delhi,2026-04-23
804,Henry Merchant,Male,27.0,Mangaluru,Karnataka,2024-10-03
805,Frederick D’Alia,Female,28.0,Bengaluru,Karnataka,2023-08-28
806,Ijaya Muni,Other,29.0,New Delhi,Delhi,2023-10-17
807,Tamanna Jhaveri,Female,33.0,Udaipur,Rajasthan,2026-05-06
808,Ijaya Soni,Female,27.0,New Delhi,Delhi,2024-01-16
809,Raksha Sethi,Other,43.0,Noida,Uttar Pradesh,2026-08-14
810,Ekalinga Mital,Female,23.0,New Delhi,Delhi,2024-08-14
811,Ishwar Bajaj,Female,30.0,New Delhi,Delhi,2025-07-12
812,Ikbal Gala,Female,28.0,Kochi,Kerala,2023-01-20
813,Zaitra Ghosh,Male,45.0,Lucknow,Uttar Pradesh,2025-02-25
814,Ganga Sandhu,Female,33.0,Udaipur,Rajasthan,2025-10-04
815,Vincent Ravel,Female,41.0,Vadodara,Gujarat,2025-09-27
816,Quincy Sankaran,Other,18.0,New Delhi,Delhi,2023-03-05
817,Ayush Hora,Male,34.0,Coimbatore,Tamil Nadu,2024-07-16
818,Pushti Ramachandran,Female,40.0,Madurai,Tamil Nadu,2023-12-11
819,Tanish Jha,Other,32.0,Noida,Uttar Pradesh,2025-10-11
820,Dev Chaudry,Other,41.0,Jaipur,Rajasthan,2023-08-22
821,Jasmit Nanda,Female,27.0,Siliguri,West Bengal,2026-01-15
822,Tanvi Comar,Female,44.0,Nagpur,Maharashtra,2026-01-23
823,Vrishti Wable,Male,52.0,Coimbatore,Tamil Nadu,2026-08-31
824,Lipika Ramanathan,Male,28.0,Coimbatore,Tamil Nadu,2025-07-10
825,Ijaya Pandey,Male,27.0,Durgapur,West Bengal,2025-06-18
826,Orinder Mishra,Male,45.0,Bengaluru,Karnataka,2026-04-19
827,Krish Munshi,Male,46.0,Warangal,Telangana,2026-06-15
828,William Mody,Male,27.0,New Delhi,Delhi,2023-05-02
829,Qadim Prakash,Other,28.0,Thiruvananthapuram,Kerala,2024-07-29
830,Yasti Rama,Female,29.0,Kochi,Kerala,2024-08-22
831,Lakshit Rajagopal,Female,19.0,Siliguri,West Bengal,2025-11-19
832,Quincy Sur,Female,23.0,Bengaluru,Karnataka,2023-05-02
833,Ojas Suri,Male,22.0,Siliguri,West Bengal,2023-09-29
834,Logan Grover,Other,25.0,Chennai,Tamil Nadu,2024-10-21
835,Shravya Bera,Female,31.0,Madurai,Tamil Nadu,2025-09-29
836,Aditya Sundaram,Other,34.0,New Delhi,Delhi,2025-04-28
837,Robert Rajagopalan,Male,45.0,Surat,Gujarat,2026-07-21
838,Nilima Swamy,Other,23.0,Mysuru,Karnataka,2024-07-23
839,Sachi Suresh,Unknown,40.0,Warangal,Telangana,2024-11-01
840,Fitan Balasubramanian,Other,30.0,Kochi,Kerala,2023-07-10
841,Brinda Bali,Other,31.0,Noida,Uttar Pradesh,2025-01-03
842,Umang Yogi,Female,38.0,Mangaluru,Karnataka,2024-03-22
843,Om Shankar,Female,21.0,Ahmedabad,Gujarat,2024-07-03
844,Yasti Chowdhury,Female,35.0,Warangal,Telangana,2026-01-25
845,Amrita Peri,Other,33.0,Kochi,Kerala,2025-09-20
846,Ridhi Kamdar,Male,36.0,Hyderabad,Telangana,2023-07-23
847,Harsh Kota,Male,34.0,Lucknow,Uttar Pradesh,2023-11-20
848,Bachittar Sengupta,Male,54.0,Kanpur,Uttar Pradesh,2025-05-26
849,Ijaya Chahal,Male,26.0,Madurai,Tamil Nadu,2026-08-24
850,Jacob Khalsa,Female,27.0,Kolkata,West Bengal,2023-07-11
851,Indali Sangha,Male,26.0,Warangal,Telangana,2025-01-31
852,Liam Jhaveri,Female,27.0,New Delhi,Delhi,2026-07-05
853,Daniel Panchal,Other,26.0,Siliguri,West Bengal,2024-04-24
854,Om Naik,Male,42.0,Vadodara,Gujarat,2023-07-14
855,Bimala Loke,Female,44.0,Mumbai,Maharashtra,2023-06-09
856,Krishna Sabharwal,Other,26.0,New Delhi,Delhi,2025-06-30
857,Aradhana Date,Other,24.0,Mumbai,Maharashtra,2024-12-04
858,Zaid Dhingra,Other,36.0,Mysuru,Karnataka,2023-09-28
859,Yug Ramaswamy,Male,27.0,Lucknow,Uttar Pradesh,2025-02-23
860,Lucky Luthra,Male,37.0,Mangaluru,Karnataka,2023-07-31
861,Keya Seth,Female,33.0,Warangal,Telangana,2023-10-08
862,Girik Rau,Other,18.0,Ahmedabad,Gujarat,2023-10-20
863,Jyoti Sha,Other,45.0,Mangaluru,Karnataka,2023-01-18
864,Falak Agate,Female,48.0,Kochi,Kerala,2024-12-20
865,Tara Parmar,Other,26.0,Madurai,Tamil Nadu,2023-11-07
866,Mitali Kamdar,Other,28.0,Vadodara,Gujarat,2025-06-25
867,Siddharth Talwar,Male,34.0,Chennai,Tamil Nadu,2023-10-14
868,Ekantika Mander,Other,35.0,Mangaluru,Karnataka,2025-02-25
869,Kalpit Sundaram,Female,37.0,Warangal,Telangana,2023-10-14
870,Chanakya Batra,Other,50.0,Coimbatore,Tamil Nadu,2023-06-22
871,Tripti Babu,Other,30.0,Madurai,Tamil Nadu,2026-05-13
872,Nakul Sastry,Other,24.0,Thiruvananthapuram,Kerala,2023-02-24
873,Aadi Sangha,Other,19.0,Kolkata,West Bengal,2026-05-27
874,Kevin Mittal,Other,25.0,Jaipur,Rajasthan,2025-03-13
875,Anusha Chander,Male,31.0,Siliguri,West Bengal,2024-05-05
876,Zashil Butala,Male,48.0,Kanpur,Uttar Pradesh,2024-05-08
877,Noah Ben,Other,27.0,Noida,Uttar Pradesh,2023-05-26
878,Dalaja Kaur,Female,34.0,Jaipur,Rajasthan,2024-10-10
879,Gavin Chandran,Other,31.0,New Delhi,Delhi,2025-05-11
880,Tanay Sood,Female,42.0,Hyderabad,Telangana,2023-05-30
881,Kevin Kara,Male,54.0,Nagpur,Maharashtra,2023-01-29
882,Aditya Anand,Male,27.0,Kolkata,West Bengal,2023-05-04
883,Jai Sami,Female,27.0,Vadodara,Gujarat,2026-07-11
884,Vanya Bobal,Female,41.0,Udaipur,Rajasthan,2025-04-03
885,Leela Chakraborty,Other,38.0,Mangaluru,Karnataka,2026-01-06
886,Harshil Munshi,Female,48.0,Kochi,Kerala,2023-06-21
887,Chandani Devan,Other,37.0,Kolkata,West Bengal,2024-02-21
888,Kiaan Dhar,Female,28.0,New Delhi,Delhi,2026-04-16
889,Abhiram Gala,Other,37.0,Mysuru,Karnataka,2025-06-14
890,Indali Kala,Male,41.0,Chennai,Tamil Nadu,2023-06-26
891,Nisha Savant,Female,39.0,Ahmedabad,Gujarat,2026-06-07
892,Gabriel Chaudhry,Female,36.0,Kochi,Kerala,2023-12-26
893,Jatin Rajagopalan,Other,41.0,Bengaluru,Karnataka,2023-10-09
894,Pushti Murty,Female,42.0,Mumbai,Maharashtra,2024-12-11
895,Yug Malhotra,Male,44.0,Udaipur,Rajasthan,2025-01-31
896,Yuvraj Mane,Other,37.0,New Delhi,Delhi,2023-08-30
897,Charvi Jha,Female,30.0,Pune,Maharashtra,2024-07-11
898,Manya Merchant,Female,33.0,Jaipur,Rajasthan,2026-03-26
899,Wriddhish Talwar,Female,42.0,Mysuru,Karnataka,2025-11-12
900,Isaiah Khosla,Female,24.0,Hyderabad,Telangana,2026-03-06
901,Ekavir Wable,Male,35.0,New Delhi,Delhi,2024-06-06
902,Jalsa Nadig,Other,28.0,Mangaluru,Karnataka,2023-08-25
903,Lila Salvi,Other,32.0,Madurai,Tamil Nadu,2023-01-06
904,Orinder Sinha,Male,43.0,Mumbai,Maharashtra,2023-04-05
905,Anay Bir,Female,33.0,Kanpur,Uttar Pradesh,2023-11-04
906,Adweta Kale,Other,32.0,New Delhi,Delhi,2025-05-08
907,Darpan Rao,Male,19.0,Coimbatore,Tamil Nadu,2025-05-02
908,Yachana Sagar,Male,38.0,Warangal,Telangana,2026-03-16
909,Neelima Butala,Other,37.0,Hyderabad,Telangana,2023-04-18
910,Arunima Chacko,Other,51.0,New Delhi,Delhi,2023-04-05
911,Farhan Vaidya,Female,29.0,Ahmedabad,Gujarat,2024-08-01
912,Nachiket Yadav,Male,33.0,Durgapur,West Bengal,2026-02-06
913,Mahika Bhatti,Female,34.0,Lucknow,Uttar Pradesh,2024-02-15
914,Rajeshri Khare,Female,46.0,Siliguri,West Bengal,2026-06-29
915,Yash Chadha,Female,31.0,Coimbatore,Tamil Nadu,2026-04-26
916,Jack Setty,Unknown,34.0,Lucknow,Uttar Pradesh,2026-01-24
917,Dayamai Gill,Male,37.0,Chennai,Tamil Nadu,2025-04-19
918,Advik Devan,Other,33.0,Mumbai,Maharashtra,2024-12-10
919,Nihal Taneja,Male,27.0,Pune,Maharashtra,2025-02-09
920,Zansi Lad,Male,33.0,Kolkata,West Bengal,2025-12-21
921,Kamya Date,Female,41.0,Coimbatore,Tamil Nadu,2023-05-03
922,Jacob Balan,Male,22.0,New Delhi,Delhi,2023-03-31
923,Pushti Magar,Female,33.0,Madurai,Tamil Nadu,2025-02-01
924,Adya Bose,Male,25.0,Noida,Uttar Pradesh,2026-04-04
925,Tamanna Vaidya,Male,42.0,Mangaluru,Karnataka,2026-07-29
926,Christopher Tata,Other,18.0,Ahmedabad,Gujarat,2026-03-08
927,Jhalak Dugar,Unknown,26.0,Pune,Maharashtra,2023-09-25
928,Harshil D’Alia,Female,35.0,Coimbatore,Tamil Nadu,2024-10-07
929,Yashodhara Agate,Other,46.0,Vadodara,Gujarat,2024-10-30
930,Advik Konda,Female,31.0,Warangal,Telangana,2024-04-23
931,Urmi Patla,Male,27.0,Bengaluru,Karnataka,2026-04-12
932,Mason Gola,Male,48.0,Bengaluru,Karnataka,2023-12-03
933,Oni Kapur,Female,18.0,Kanpur,Uttar Pradesh,2025-04-12
934,Yuvraj Saha,Female,16.0,Mangaluru,Karnataka,2024-03-01
935,Anika Brahmbhatt,Female,35.0,Kanpur,Uttar Pradesh,2024-06-26
936,Jagdish Thakkar,Male,27.0,Bengaluru,Karnataka,2024-09-15
937,Praneel Kapoor,Male,22.0,Kochi,Kerala,2024-11-02
938,Nandini Biswas,Other,38.0,New Delhi,Delhi,2024-05-23
939,Barkha Mukhopadhyay,Other,34.0,Warangal,Telangana,2023-04-11
940,Gabriel Shan,Male,26.0,Durgapur,West Bengal,2023-03-05
941,Jyoti Iyer,Other,20.0,Surat,Gujarat,2026-01-31
942,Daksha Kibe,Female,39.0,Chennai,Tamil Nadu,2023-07-28
943,Jyoti Tak,Male,37.0,New Delhi,Delhi,2023-05-07
944,Yatan Dora,Male,31.0,Chennai,Tamil Nadu,2025-03-31
945,Nimrat Bajwa,Other,48.0,Hyderabad,Telangana,2026-04-15
946,Hiral Andra,Male,22.0,Kolkata,West Bengal,2023-05-13
947,Aarav Puri,Female,18.0,Madurai,Tamil Nadu,2023-09-21
948,Hemang Jha,Male,25.0,Mysuru,Karnataka,2023-03-29
949,Oni Swamy,Male,31.0,Lucknow,Uttar Pradesh,2026-03-21
950,Lucky Mammen,Female,34.0,Vadodara,Gujarat,2025-10-13
951,Caleb Kata,Other,29.0,Pune,Maharashtra,2025-05-23
952,Kashish Shanker,Male,35.0,New Delhi,Delhi,2024-01-19
953,Girish Tiwari,Female,20.0,Durgapur,West Bengal,2023-11-01
954,Meera Borde,Other,44.0,Nagpur,Maharashtra,2026-06-17
955,Radhika De,Female,31.0,Madurai,Tamil Nadu,2025-10-18
956,Bishakha Lal,Female,42.0,Vadodara,Gujarat,2023-05-05
957,Maya Narain,Female,35.0,Mysuru,Karnataka,2023-10-09
958,Sneha Magar,Other,36.0,Ahmedabad,Gujarat,2025-12-12
959,Falan Jain,Other,37.0,Madurai,Tamil Nadu,2023-02-09
960,Ikbal Dugal,Female,36.0,Vadodara,Gujarat,2025-09-09
961,Nitesh Sengupta,Female,37.0,Udaipur,Rajasthan,2026-03-04
962,Dipta Ray,Female,43.0,Udaipur,Rajasthan,2024-07-07
963,Ishita Johal,Female,33.0,New Delhi,Delhi,2026-05-07
964,Darika Sheth,Female,38.0,Chennai,Tamil Nadu,2023-04-30
965,Jagdish Chana,Female,31.0,Noida,Uttar Pradesh,2026-04-11
966,Daksha Baria,Male,44.0,Chennai,Tamil Nadu,2024-05-22
967,Falak Divan,Other,25.0,Coimbatore,Tamil Nadu,2023-04-25
968,Yuvraj Parekh,Female,48.0,Madurai,Tamil Nadu,2024-12-27
969,Yochana Bawa,Male,31.0,New Delhi,Delhi,2026-04-28
970,Abha Ghosh,Other,19.0,Warangal,Telangana,2023-02-27
971,Nidhi Sethi,Other,33.0,Hyderabad,Telangana,2024-01-21
972,Girindra Shere,Female,25.0,Noida,Uttar Pradesh,2023-12-26
973,Logan Dara,Male,39.0,Lucknow,Uttar Pradesh,2023-04-26
974,David Kapadia,Male,26.0,Madurai,Tamil Nadu,2023-02-10
975,Rudra Rattan,Male,27.0,Udaipur,Rajasthan,2024-11-10
976,Frado Lad,Male,16.0,Kochi,Kerala,2024-11-28
977,Anthony Bhattacharyya,Male,27.0,New Delhi,Delhi,2023-02-14
978,Sachi Dave,Male,16.0,New Delhi,Delhi,2025-12-13
979,Garima Das,Female,17.0,Hyderabad,Telangana,2025-03-21
980,Triya Bedi,Female,38.0,Kochi,Kerala,2024-09-10
981,Rachita Rana,Male,39.0,Hyderabad,Telangana,2025-06-13
982,Ayushman Raja,Female,35.0,Noida,Uttar Pradesh,2023-12-23
983,Orinder Pandya,Male,23.0,Udaipur,Rajasthan,2026-04-21
984,Rachit Maharaj,Female,31.0,New Delhi,Delhi,2024-08-26
985,Sanaya Dixit,Other,31.0,New Delhi,Delhi,2023-01-04
986,Yatan Merchant,Other,21.0,Thiruvananthapuram,Kerala,2023-03-08
987,Nisha Srinivas,Other,45.0,New Delhi,Delhi,2024-03-28
988,Gagan Mammen,Female,39.0,Kochi,Kerala,2023-10-16
989,Laksh Saini,Male,30.0,Hyderabad,Telangana,2024-12-11
990,Zaid Bahl,Other,32.0,Hyderabad,Telangana,2023-07-01
991,Jagrati Srinivasan,Male,33.0,Warangal,Telangana,2024-06-27
992,Hemangini Thakkar,Other,16.0,Chennai,Tamil Nadu,2023-05-19
993,Lipika Madan,Male,29.0,Warangal,Telangana,2023-01-03
994,Atharv Nagar,Female,25.0,Pune,Maharashtra,2025-05-09
995,Ayushman Mand,Female,22.0,New Delhi,Delhi,2025-02-14
996,Urmi Wagle,Male,29.0,Warangal,Telangana,2025-09-08
997,Viraj Dutta,Male,48.0,Kochi,Kerala,2025-07-13
998,Yug Khosla,Female,37.0,Bengaluru,Karnataka,2023-02-11
999,Daksh Kanda,Male,26.0,Warangal,Telangana,2023-06-01
1000,Isha Ghose,Female,37.0,Hyderabad,Telangana,2023-11-26
1001,Warjas Nadkarni,Male,44.0,Mangaluru,Karnataka,2024-11-23
1002,Ayaan Pandey,Other,,Thiruvananthapuram,Kerala,2023-03-05
1003,Raghav Tailor,Male,32.0,Vadodara,Gujarat,2026-05-28
1004,Parth Swaminathan,Male,26.0,Ahmedabad,Gujarat,2023-07-27
1005,Gautam Bhalla,Male,38.0,Hyderabad,Telangana,2025-04-18
1006,Theodore Bahri,Other,35.0,Udaipur,Rajasthan,2024-07-30
1007,Aadi Narula,Male,40.0,Kolkata,West Bengal,2023-04-12
1008,Kalpit Oak,Other,37.0,Vadodara,Gujarat,2025-10-02
1009,Ekiya Bhargava,Female,41.0,New Delhi,Delhi,2023-01-08
1010,Manbir Dhar,Female,27.0,Ahmedabad,Gujarat,2026-07-04
1011,Janya Bora,Male,43.0,Thiruvananthapuram,Kerala,2023-07-18
1012,Meghana Chaudhuri,Male,33.0,Mumbai,Maharashtra,2026-07-31
1013,Chasmum Naidu,Female,50.0,Kolkata,West Bengal,2023-08-25
1014,Nakul Sarkar,Female,25.0,Durgapur,West Bengal,2025-09-28
1015,Edhitha Ghosh,Other,47.0,Kolkata,West Bengal,2026-01-19
1016,Udant Gill,Female,33.0,Ahmedabad,Gujarat,2025-02-20
1017,Damyanti Menon,Female,26.0,Hyderabad,Telangana,2023-04-02
1018,Peter Agarwal,Female,27.0,Durgapur,West Bengal,2024-06-23
1019,Bachittar Gopal,Other,29.0,Coimbatore,Tamil Nadu,2023-05-07
1020,Timothy Chawla,Male,35.0,New Delhi,Delhi,2024-12-05
1021,Lohit Narula,Other,36.0,Udaipur,Rajasthan,2024-04-10
1022,Wazir Palan,Female,26.0,Jaipur,Rajasthan,2025-12-06
1023,Oliver Chakrabarti,Other,31.0,Vadodara,Gujarat,2025-08-30
1024,Sanya Apte,Female,51.0,Kochi,Kerala,2024-09-04
1025,Shaurya Krish,Other,47.0,Mysuru,Karnataka,2023-03-13
1026,Inaya Kunda,Male,35.0,Jaipur,Rajasthan,2025-07-08
1027,Aarav Bava,Male,32.0,New Delhi,Delhi,2024-01-30
1028,Raksha Saini,Female,33.0,New Delhi,Delhi,2023-06-10
1029,Odika Tailor,Other,37.0,Ahmedabad,Gujarat,2023-10-30
1030,Indali Prashad,Female,22.0,Thiruvananthapuram,Kerala,2023-05-18
1031,Varenya Kar,Other,29.0,Mysuru,Karnataka,2025-03-24
1032,Siya Borah,Female,16.0,Udaipur,Rajasthan,2025-11-30
1033,Chaitaly Bahri,Other,35.0,Lucknow,Uttar Pradesh,2026-06-30
1034,Advika Cheema,Male,37.0,Thiruvananthapuram,Kerala,2025-04-28
1035,Hema Garde,Other,27.0,New Delhi,Delhi,2026-04-19
1036,Naveen Borde,Male,46.0,Kochi,Kerala,2026-02-26
1037,Hamsini Subramanian,Other,20.0,Mysuru,Karnataka,2024-12-05
1038,Raagini Gala,Female,18.0,Surat,Gujarat,2025-09-21
1039,Naksh Bera,Male,34.0,Thiruvananthapuram,Kerala,2023-12-19
1040,Garima Jha,Male,41.0,Durgapur,West Bengal,2026-06-20
1041,Nimrat Zachariah,Male,47.0,Thiruvananthapuram,Kerala,2025-03-21
1042,Baghyawati Mishra,Male,27.0,Hyderabad,Telangana,2025-08-31
1043,Gopal Bawa,Male,41.0,Durgapur,West Bengal,2024-11-22
1044,Vritti Dube,Female,31.0,Durgapur,West Bengal,2025-10-03
1045,Jalsa Aggarwal,Male,30.0,Bengaluru,Karnataka,2024-09-07
1046,Gagan Menon,Female,39.0,Kanpur,Uttar Pradesh,2025-05-03
1047,Ryan Chatterjee,Male,37.0,Kochi,Kerala,2025-06-23
1048,Samuel Garde,Other,17.0,Coimbatore,Tamil Nadu,2025-09-19
1049,Finn Solanki,Male,45.0,Udaipur,Rajasthan,2025-11-21
1050,Darika Rao,Female,44.0,New Delhi,Delhi,2025-11-03
1051,Vrinda Lanka,Other,26.0,Ahmedabad,Gujarat,2026-03-10
1052,Lila Goyal,Male,35.0,Mumbai,Maharashtra,2024-02-16
1053,Lakshmi Pingle,Male,36.0,Mumbai,Maharashtra,2025-07-23
1054,Sanaya Basu,Other,34.0,Pune,Maharashtra,2024-02-12
1055,Ria Shroff,Female,27.0,Durgapur,West Bengal,2025-10-31
1056,Upkaar Luthra,Unknown,25.0,Vadodara,Gujarat,2023-03-04
1057,Matthew Chatterjee,Female,31.0,Coimbatore,Tamil Nadu,2026-05-01
1058,Hemangini Sachdev,Female,42.0,Lucknow,Uttar Pradesh,2026-04-16
1059,Darsh Ram,Female,36.0,Udaipur,Rajasthan,2023-12-01
1060,Vaishnavi Keer,Other,28.0,Siliguri,West Bengal,2023-07-05
1061,Chandani Brar,Female,38.0,Kolkata,West Bengal,2023-04-12
1062,Bakhshi Thakkar,Male,16.0,New Delhi,Delhi,2026-08-18
1063,Jai Sen,Male,42.0,Madurai,Tamil Nadu,2024-07-05
1064,Oliver Kakar,Male,16.0,Vadodara,Gujarat,2023-01-19
1065,Jonathan Basak,Other,28.0,Lucknow,Uttar Pradesh,2023-12-21
1066,Farhan Saran,Male,21.0,Kochi,Kerala,2024-05-31
1067,Manbir Kuruvilla,Other,20.0,Thiruvananthapuram,Kerala,2026-08-09
1068,Ekalinga Chahal,Female,42.0,Durgapur,West Bengal,2024-12-15
1069,Mekhala Nanda,Male,27.0,Kanpur,Uttar Pradesh,2025-08-13
1070,Zinal Shanker,Other,35.0,Siliguri,West Bengal,2026-07-01
1071,Oni Chowdhury,Male,31.0,Vadodara,Gujarat,2023-01-16
1072,Mason Divan,Other,36.0,Udaipur,Rajasthan,2026-08-18
1073,Hitesh Chaudhuri,Female,32.0,Thiruvananthapuram,Kerala,2023-08-10
1074,Hemangini Roy,Unknown,20.0,Lucknow,Uttar Pradesh,2024-07-20
1075,Leela Sunder,Female,40.0,Warangal,Telangana,2026-08-27
1076,Baljiwan Gera,Male,27.0,Kolkata,West Bengal,2025-11-25
1077,Neha Dhawan,Other,17.0,Chennai,Tamil Nadu,2025-04-07
1078,Balvan Randhawa,Other,28.0,Hyderabad,Telangana,2023-02-22
1079,Wazir Bawa,Female,45.0,Kanpur,Uttar Pradesh,2025-05-07
1080,Amruta Pradhan,Other,39.0,Surat,Gujarat,2023-03-14
1081,Geetika Mitter,Female,28.0,Kochi,Kerala,2024-03-31
1082,Avni Swamy,Other,28.0,Udaipur,Rajasthan,2025-01-04
1083,Vedant Desai,Male,29.0,Udaipur,Rajasthan,2026-02-17
1084,Saanvi Nagi,Male,50.0,New Delhi,Delhi,2025-08-22
1085,Omaja Chakraborty,Unknown,35.0,New Delhi,Delhi,2026-02-18
1086,Riya Kakar,Other,35.0,New Delhi,Delhi,2023-07-02
1087,Vedhika Varty,Male,41.0,Coimbatore,Tamil Nadu,2024-09-20
1088,Daksh Varma,Female,34.0,Surat,Gujarat,2024-06-17
1089,Dominic Mukhopadhyay,Female,29.0,Thiruvananthapuram,Kerala,2023-08-30
1090,Krishna Viswanathan,Other,30.0,Lucknow,Uttar Pradesh,2026-04-10
1091,Oscar Hans,Female,31.0,Kochi,Kerala,2024-02-03
1092,Dalbir Krish,Other,31.0,Jaipur,Rajasthan,2025-02-20
1093,Tanmayi Bedi,Female,38.0,Udaipur,Rajasthan,2023-04-21
1094,Rushil Mahal,Male,32.0,New Delhi,Delhi,2024-12-02
1095,Ucchal Tiwari,Female,38.0,Vadodara,Gujarat,2023-10-21
1096,Jatin Balasubramanian,Male,31.0,Hyderabad,Telangana,2025-09-25
1097,Kashish Suresh,Female,32.0,Hyderabad,Telangana,2026-07-23
1098,Peter Som,Female,16.0,Mumbai,Maharashtra,2024-07-14
1099,Hemangini Gade,Other,40.0,Chennai,Tamil Nadu,2023-11-21
1100,Gautam Mane,Male,35.0,Lucknow,Uttar Pradesh,2026-06-12
1101,Libni Bawa,Female,40.0,Vadodara,Gujarat,2025-04-06
1102,Tanish Kant,Female,16.0,Surat,Gujarat,2023-01-10
1103,Samuel Luthra,Male,50.0,Nagpur,Maharashtra,2025-02-03
1104,Yochana Bahri,Other,,Pune,Maharashtra,2024-01-26
1105,Urvi Deo,Male,41.0,Nagpur,Maharashtra,2026-07-07
1106,Abhiram Kapur,Other,22.0,Chennai,Tamil Nadu,2024-12-06
1107,Dalaja Maharaj,Male,37.0,Kolkata,West Bengal,2025-02-24
1108,Krisha Palla,Male,22.0,Udaipur,Rajasthan,2023-05-14
1109,Zayyan Kamdar,Female,26.0,Pune,Maharashtra,2025-07-22
1110,Chasmum Verma,Female,49.0,Udaipur,Rajasthan,2023-10-02
1111,Harsh Amble,Female,30.0,Warangal,Telangana,2024-01-21
1112,Barkha Misra,Male,33.0,New Delhi,Delhi,2024-04-12
1113,Vasatika Bhatt,Male,39.0,Madurai,Tamil Nadu,2024-03-08
1114,Aradhana Nair,Other,36.0,Nagpur,Maharashtra,2023-12-13
1115,Advika Misra,Other,33.0,Mysuru,Karnataka,2026-08-25
1116,Mason Varughese,Other,35.0,Pune,Maharashtra,2024-06-07
1117,Dakshesh Raval,Other,53.0,Jaipur,Rajasthan,2023-04-09
1118,Logan Bal,Unknown,31.0,Mangaluru,Karnataka,2023-04-09
1119,Chakrika Lad,Female,33.0,Mysuru,Karnataka,2025-02-17
1120,Nidhi Rama,Female,41.0,Mangaluru,Karnataka,2025-08-29
1121,Ranveer Oza,Other,41.0,New Delhi,Delhi,2026-07-14
1122,Vamakshi Parmer,Female,42.0,Pune,Maharashtra,2023-07-26
1123,Onkar Golla,Other,37.0,Udaipur,Rajasthan,2026-05-25
1124,Gunbir Sinha,Male,21.0,New Delhi,Delhi,2025-11-13
1125,Aarna Goswami,Female,46.0,Kochi,Kerala,2023-08-22
1126,Gaurav Kapadia,Male,21.0,Mysuru,Karnataka,2026-06-01
1127,Udant Mohanty,Other,34.0,Coimbatore,Tamil Nadu,2024-02-18
1128,Garima Prabhu,Female,25.0,Warangal,Telangana,2023-11-25
1129,Chaitaly Sheth,Female,31.0,Nagpur,Maharashtra,2024-03-01
1130,Upma Bera,Male,34.0,Kanpur,Uttar Pradesh,2023-01-06
1131,Urmi Hayer,Male,34.0,Nagpur,Maharashtra,2023-08-15
1132,Lakshmi Wagle,Male,35.0,Thiruvananthapuram,Kerala,2023-07-04
1133,Odika Bhagat,Other,46.0,Jaipur,Rajasthan,2023-07-27
1134,Laksh Iyer,Male,36.0,Siliguri,West Bengal,2025-07-24
1135,Nimrat Shankar,Female,29.0,Durgapur,West Bengal,2023-04-13
1136,Diya Gole,Male,40.0,Bengaluru,Karnataka,2024-08-18
1137,Vinaya Natarajan,Female,42.0,Warangal,Telangana,2023-08-26
1138,Dhriti Bhardwaj,Male,20.0,Bengaluru,Karnataka,2023-10-11
1139,Siya Mahal,Female,37.0,New Delhi,Delhi,2025-06-15
1140,Om Dutt,Other,38.0,Thiruvananthapuram,Kerala,2023-07-10
1141,Gaurang Dayal,Male,29.0,Warangal,Telangana,2023-08-22
1142,Pushti Raval,Female,44.0,Surat,Gujarat,2024-07-10
1143,Vansha Rajagopal,Female,30.0,Vadodara,Gujarat,2025-05-13
1144,Baljiwan Walla,Male,33.0,New Delhi,Delhi,2023-05-01
1145,Kashvi Atwal,Female,,New Delhi,Delhi,2026-04-24
1146,Rayaan Badami,Other,32.0,Noida,Uttar Pradesh,2025-06-16
1147,Yuvraj Kara,Female,22.0,New Delhi,Delhi,2026-06-06
1148,Devika Dayal,Other,19.0,Nagpur,Maharashtra,2023-09-25
1149,Leela Thakur,Male,46.0,Kanpur,Uttar Pradesh,2025-04-22
1150,Oliver Bhattacharyya,Male,24.0,Lucknow,Uttar Pradesh,2024-06-19
1151,Chanchal Mannan,Other,23.0,Hyderabad,Telangana,2025-12-10
1152,Zinal Viswanathan,Other,16.0,Kochi,Kerala,2024-11-23
1153,Radha Desai,Female,26.0,Jaipur,Rajasthan,2024-05-24
1154,Vrishti Parmer,Other,20.0,Kanpur,Uttar Pradesh,2026-08-06
1155,Nitesh Raval,Other,46.0,Ahmedabad,Gujarat,2026-06-09
1156,Vedant Kapur,Other,41.0,Mumbai,Maharashtra,2023-11-18
1157,Siddharth Bains,Female,25.0,Udaipur,Rajasthan,2023-12-05
1158,Jatin Peri,Female,52.0,Mysuru,Karnataka,2024-05-08
1159,Keya Kumer,Male,40.0,Warangal,Telangana,2025-11-04
1160,Chanakya Chokshi,Other,29.0,Madurai,Tamil Nadu,2025-02-14
1161,Chanakya D’Alia,Male,16.0,Ahmedabad,Gujarat,2025-07-29
1162,Sachi Rai,Female,52.0,Noida,Uttar Pradesh,2023-06-30
1163,Zayyan Som,Female,19.0,Kanpur,Uttar Pradesh,2023-09-01
1164,Samesh Andra,Other,17.0,Noida,Uttar Pradesh,2023-02-06
1165,Osha Chaudhuri,Female,41.0,Mysuru,Karnataka,2023-03-15
1166,Laksh Sahota,Male,53.0,Jaipur,Rajasthan,2026-05-22
1167,Yasti Dalal,Other,44.0,Thiruvananthapuram,Kerala,2026-02-25
1168,Ishaan Cherian,Other,37.0,Madurai,Tamil Nadu,2025-07-23
1169,Rushil Iyengar,Male,37.0,Warangal,Telangana,2024-04-01
1170,Saksham Parmar,Other,39.0,Kanpur,Uttar Pradesh,2026-06-23
1171,Chakrika Dyal,Other,38.0,Thiruvananthapuram,Kerala,2025-01-14
1172,Watika Johal,Male,34.0,Lucknow,Uttar Pradesh,2024-03-30
1173,Ganga Keer,Female,32.0,Pune,Maharashtra,2026-07-21
1174,Agastya Chakraborty,Other,31.0,Siliguri,West Bengal,2025-02-04
1175,Wakeeta Dixit,Male,25.0,Bengaluru,Karnataka,2025-10-05
1176,Yasti Borde,Male,29.0,New Delhi,Delhi,2024-06-04
1177,Aahana Kashyap,Male,16.0,Kochi,Kerala,2023-09-05
1178,Chaman Lalla,Female,31.0,Ahmedabad,Gujarat,2024-01-26
1179,Chandresh Chaudhry,Female,23.0,Hyderabad,Telangana,2023-04-06
1180,Balveer Mannan,Female,22.0,Kochi,Kerala,2025-07-25
1181,Dhriti Sandhu,Female,33.0,Kochi,Kerala,2023-01-09
1182,Girish Bath,Other,44.0,Jaipur,Rajasthan,2025-06-05
1183,Lakshit Garde,Other,40.0,Thiruvananthapuram,Kerala,2023-12-29
1184,Ishita Sarma,Other,17.0,Kochi,Kerala,2023-09-20
1185,Girik Pradhan,Other,23.0,Mysuru,Karnataka,2026-05-14
1186,Qadim Comar,Other,40.0,Thiruvananthapuram,Kerala,2025-02-26
1187,Mugdha Shan,Other,23.0,Vadodara,Gujarat,2024-05-23
1188,Lekha Sridhar,Female,29.0,Durgapur,West Bengal,2024-08-25
1189,Ojas Chowdhury,Male,36.0,Lucknow,Uttar Pradesh,2025-04-25
1190,Daniel Dutta,Other,23.0,Thiruvananthapuram,Kerala,2026-01-26
1191,Omaja Subramanian,Male,32.0,Hyderabad,Telangana,2024-03-05
1192,Pratyush Raghavan,Other,19.0,Thiruvananthapuram,Kerala,2024-12-08
1193,Ayush De,Other,26.0,New Delhi,Delhi,2026-01-16
1194,Vinaya Chowdhury,Female,34.0,Hyderabad,Telangana,2026-02-25
1195,Ridhi Batra,Other,17.0,Noida,Uttar Pradesh,2025-05-04
1196,Advika Murthy,Female,35.0,Udaipur,Rajasthan,2023-01-27
1197,Udarsh Nigam,Male,31.0,Jaipur,Rajasthan,2025-02-19
1198,Rachita Kothari,Other,36.0,New Delhi,Delhi,2023-04-26
1199,Hiral Rajan,Male,34.0,Coimbatore,Tamil Nadu,2024-08-09
1200,Chatura Apte,Male,44.0,Kolkata,West Bengal,2024-08-27
1201,Yashasvi Singh,Male,33.0,Madurai,Tamil Nadu,2025-01-04
1202,Noah Borde,Other,28.0,Lucknow,Uttar Pradesh,2026-02-24
1203,Ekani Khosla,Other,33.0,Madurai,Tamil Nadu,2026-02-23
1204,Arunima Bedi,Other,36.0,Ahmedabad,Gujarat,2024-08-12
1205,Kritika Rau,Female,32.0,Pune,Maharashtra,2025-05-03
1206,Farhan Sharaf,Male,32.0,Hyderabad,Telangana,2024-05-29
1207,Sara Chakrabarti,Female,25.0,Madurai,Tamil Nadu,2024-04-06
1208,Sanya Mutti,Other,26.0,Hyderabad,Telangana,2024-02-01
1209,Widisha Badami,Male,19.0,Durgapur,West Bengal,2023-06-02
1210,Netra Sachar,Other,47.0,New Delhi,Delhi,2025-11-18
1211,Aadi Chand,Male,20.0,Mysuru,Karnataka,2025-05-27
1212,Yashoda Jhaveri,Female,25.0,Siliguri,West Bengal,2023-09-24
1213,Harita Patla,Male,25.0,New Delhi,Delhi,2024-11-07
1214,Udant Sha,Male,40.0,Noida,Uttar Pradesh,2023-03-23
1215,Urvashi Patla,Other,29.0,New Delhi,Delhi,2023-04-15
1216,Ishaan Chatterjee,Female,43.0,Thiruvananthapuram,Kerala,2026-03-18
1217,Aarnav Om,Male,25.0,Udaipur,Rajasthan,2024-10-12
1218,Bishakha Vig,Male,34.0,Jaipur,Rajasthan,2025-12-02
1219,Hitesh Bath,Male,24.0,Mangaluru,Karnataka,2025-05-01
1220,Waida Dey,Male,51.0,Udaipur,Rajasthan,2024-12-16
1221,Hredhaan Kumar,Other,21.0,Chennai,Tamil Nadu,2024-11-10
1222,Raghav Dara,Female,34.0,Warangal,Telangana,2024-03-23
1223,Tanveer Shankar,Other,37.0,Thiruvananthapuram,Kerala,2026-08-22
1224,Hamsini Chokshi,Other,35.0,Mumbai,Maharashtra,2024-12-09
1225,Chakradhar Dasgupta,Other,30.0,Lucknow,Uttar Pradesh,2026-06-10
1226,Tanvi Thaman,Male,30.0,Kochi,Kerala,2024-10-19
1227,Wishi Agrawal,Female,32.0,Ahmedabad,Gujarat,2024-06-09
1228,Rachita Subramanian,Male,30.0,Udaipur,Rajasthan,2025-11-24
1229,Oscar Dave,Female,40.0,Warangal,Telangana,2023-03-31
1230,Lila Nagy,Male,51.0,Siliguri,West Bengal,2024-10-18
1231,Omya Kothari,Male,26.0,Jaipur,Rajasthan,2023-12-09
1232,Mitali Oza,Other,19.0,Jaipur,Rajasthan,2023-05-15
1233,Sneha Deol,Other,31.0,Madurai,Tamil Nadu,2024-03-12
1234,Nitara Vala,Male,55.0,Ahmedabad,Gujarat,2026-01-06
1235,Dipta Kalla,Male,24.0,Vadodara,Gujarat,2023-11-11
1236,Shaurya Mannan,Other,46.0,Pune,Maharashtra,2024-11-10
1237,Kevin Gokhale,Male,47.0,Mumbai,Maharashtra,2023-04-22
1238,Jack Pandey,Other,27.0,New Delhi,Delhi,2023-05-25
1239,Omisha Walla,Female,37.0,Kochi,Kerala,2025-04-14
1240,Pahal Arya,Other,46.0,Surat,Gujarat,2025-04-08
1241,Aryan Raj,Male,28.0,Surat,Gujarat,2025-03-08
1242,Chatresh Bhalla,Male,30.0,Mangaluru,Karnataka,2026-08-06
1243,Amara Dyal,Other,26.0,Kochi,Kerala,2026-04-14
1244,Zashil Dhingra,Male,22.0,Nagpur,Maharashtra,2025-01-02
1245,Chakrika Jani,Female,26.0,Jaipur,Rajasthan,2024-09-09
1246,Jagrati Sethi,Female,20.0,Kochi,Kerala,2025-06-15
1247,Udarsh Ramachandran,Other,32.0,Surat,Gujarat,2023-03-05
1248,Yasti Mani,Other,25.0,Lucknow,Uttar Pradesh,2024-03-26
1249,Lakshmi Ram,Other,34.0,New Delhi,Delhi,2024-08-27
1250,Dhriti Bhagat,Other,17.0,New Delhi,Delhi,2026-08-19
1251,Zayan Jain,Other,34.0,Hyderabad,Telangana,2026-02-10
1252,Umang Pillai,Male,39.0,New Delhi,Delhi,2023-01-11
1253,Rishi Menon,Other,16.0,Thiruvananthapuram,Kerala,2026-01-26
1254,Peter Borde,Male,35.0,Mysuru,Karnataka,2024-12-05
1255,Oscar Varkey,Other,43.0,Coimbatore,Tamil Nadu,2025-11-15
1256,Krishna Baria,Male,21.0,New Delhi,Delhi,2024-03-28
1257,Arya Lalla,Male,47.0,Thiruvananthapuram,Kerala,2023-08-23
1258,Naveen Kumer,Other,35.0,New Delhi,Delhi,2025-08-02
1259,Ganga Shukla,Female,25.0,Jaipur,Rajasthan,2023-05-18
1260,Balveer Dube,Male,31.0,Kolkata,West Bengal,2026-04-04
1261,Charan Mitra,Female,37.0,Kanpur,Uttar Pradesh,2023-09-20
1262,Ishita Bora,Female,32.0,Chennai,Tamil Nadu,2026-06-22
1263,Thomas Gour,Female,36.0,Bengaluru,Karnataka,2025-09-22
1264,Yashasvi Dutta,Other,23.0,Kanpur,Uttar Pradesh,2024-09-18
1265,Netra Chanda,Other,33.0,Kochi,Kerala,2026-03-06
1266,Timothy Kala,Female,19.0,Warangal,Telangana,2023-12-12
1267,Garima Patel,Male,30.0,Pune,Maharashtra,2024-03-29
1268,Tejas Wali,Female,23.0,Surat,Gujarat,2023-10-03
1269,Aditya Contractor,Female,25.0,Warangal,Telangana,2025-07-01
1270,Sanaya Khosla,Female,43.0,Warangal,Telangana,2026-02-03
1271,Balveer Nagi,Other,41.0,Bengaluru,Karnataka,2026-05-27
1272,Ishaan Raju,Male,37.0,Mysuru,Karnataka,2026-01-08
1273,Barkha Bakshi,Other,22.0,Coimbatore,Tamil Nadu,2026-07-07
1274,Yoshita Trivedi,Male,29.0,Mangaluru,Karnataka,2023-02-08
1275,Vidhi Bassi,Other,42.0,Jaipur,Rajasthan,2026-03-31
1276,Reyansh Nagi,Male,33.0,Vadodara,Gujarat,2023-03-17
1277,Gopal Ganesh,Other,52.0,Udaipur,Rajasthan,2026-01-10
1278,Dominic Kade,Male,35.0,Noida,Uttar Pradesh,2025-01-19
1279,Panini Chawla,Other,33.0,Ahmedabad,Gujarat,2024-08-18
1280,Radhika Bora,Other,29.0,New Delhi,Delhi,2025-11-11
1281,Arjun Sharaf,Female,33.0,Mysuru,Karnataka,2025-10-25
1282,Baljiwan Chahal,Male,30.0,Nagpur,Maharashtra,2026-06-11
1283,Chatura Gokhale,Female,38.0,New Delhi,Delhi,2023-11-23
1284,Ekavir Kari,Other,40.0,New Delhi,Delhi,2025-09-17
1285,Nikita Rama,Male,24.0,Hyderabad,Telangana,2025-09-25
1286,Nidhi Sant,Female,20.0,Chennai,Tamil Nadu,2025-01-26
1287,Anay Ramachandran,Other,16.0,Chennai,Tamil Nadu,2024-02-28
1288,Abeer Bhatnagar,Female,36.0,Udaipur,Rajasthan,2025-08-19
1289,Elijah Parmar,Male,22.0,Lucknow,Uttar Pradesh,2026-08-21
1290,Bimala Mitra,Other,16.0,Hyderabad,Telangana,2025-12-03
1291,Baghyawati Sarma,Female,35.0,Siliguri,West Bengal,2026-03-31
1292,Megha Balasubramanian,Female,54.0,Jaipur,Rajasthan,2026-08-31
1293,Naksh Walla,Other,31.0,Surat,Gujarat,2026-08-31
1294,Laban Raman,Female,39.0,Mangaluru,Karnataka,2025-02-09
1295,Maanas Misra,Female,32.0,Madurai,Tamil Nadu,2024-12-23
1296,Advay Dhaliwal,Female,,Warangal,Telangana,2026-05-22
1297,Benjamin Ahluwalia,Male,40.0,Nagpur,Maharashtra,2025-06-19
1298,Frederick Mody,Male,29.0,New Delhi,Delhi,2025-11-19
1299,Hemangini Kakar,Male,34.0,Kolkata,West Bengal,2024-01-18
1300,Yauvani Dhar,Other,34.0,New Delhi,Delhi,2023-08-31
1301,Qarin Kant,Female,25.0,Coimbatore,Tamil Nadu,2023-08-21
1302,Rishi Contractor,Female,40.0,Noida,Uttar Pradesh,2025-09-08
1303,Chatura Shenoy,Male,30.0,Madurai,Tamil Nadu,2026-08-18
1304,Bina Bhavsar,Male,25.0,Ahmedabad,Gujarat,2023-03-30
1305,Guneet Hora,Male,36.0,New Delhi,Delhi,2026-07-13
1306,Ganga Parikh,Other,23.0,Jaipur,Rajasthan,2023-10-28
1307,Wahab Chaudhry,Female,32.0,Mumbai,Maharashtra,2024-01-04
1308,Ekaraj Hari,Other,31.0,Udaipur,Rajasthan,2026-02-28
1309,Vedika Seshadri,Other,41.0,Nagpur,Maharashtra,2024-08-03
1310,Damini Dua,Female,36.0,Bengaluru,Karnataka,2026-05-27
1311,Diya Sangha,Male,31.0,Kanpur,Uttar Pradesh,2024-03-25
1312,Aayush Munshi,Male,39.0,Vadodara,Gujarat,2026-04-08
1313,Timothy Sarin,Male,44.0,New Delhi,Delhi,2024-12-02
1314,Jagvi Desai,Other,37.0,Noida,Uttar Pradesh,2023-05-21
1315,Varsha Shere,Female,32.0,Coimbatore,Tamil Nadu,2023-09-28
1316,Jagrati Mody,Male,20.0,Bengaluru,Karnataka,2025-12-06
1317,Ikbal Gill,Male,22.0,Udaipur,Rajasthan,2026-05-25
1318,Avni Dey,Female,29.0,Bengaluru,Karnataka,2026-06-13
1319,Adya Bose,Other,26.0,Kochi,Kerala,2025-10-27
1320,Anirudh Tripathi,Female,30.0,Bengaluru,Karnataka,2023-09-24
1321,Nidhi Kala,Other,32.0,Kochi,Kerala,2026-08-22
1322,Abha Zacharia,Female,36.0,Vadodara,Gujarat,2025-01-28
1323,Manthan Pau,Other,31.0,Nagpur,Maharashtra,2025-05-28
1324,Udant Mannan,Female,36.0,Coimbatore,Tamil Nadu,2024-12-18
1325,Ucchal Thaker,Female,32.0,Kochi,Kerala,2023-10-02
1326,Mekhala Patla,Male,16.0,Durgapur,West Bengal,2023-06-21
1327,William Gandhi,Other,23.0,Siliguri,West Bengal,2025-04-16
1328,Sanaya Dutta,Male,30.0,Kolkata,West Bengal,2023-01-15
1329,Madhav Sule,Other,21.0,Kochi,Kerala,2023-01-15
1330,Banjeet Kanda,Male,37.0,Vadodara,Gujarat,2024-10-08
1331,Vincent Bhatnagar,Male,45.0,Surat,Gujarat,2023-11-13
1332,Kala Kaur,Other,42.0,Vadodara,Gujarat,2024-06-03
1333,Samuel Vasa,Female,30.0,Siliguri,West Bengal,2026-03-02
1334,Lipika Singh,Other,45.0,Warangal,Telangana,2025-03-24
1335,Chakradhar Baral,Other,33.0,Coimbatore,Tamil Nadu,2026-02-15
1336,Harshil Verma,Female,28.0,Lucknow,Uttar Pradesh,2026-02-19
1337,Adya Ghosh,Female,26.0,Udaipur,Rajasthan,2024-09-20
1338,Kritika Pau,Other,29.0,Thiruvananthapuram,Kerala,2025-03-26
1339,Zansi Krishnamurthy,Other,28.0,New Delhi,Delhi,2024-04-15
1340,Udant Varty,Male,33.0,Noida,Uttar Pradesh,2023-07-25
1341,Ira Pai,Female,33.0,Madurai,Tamil Nadu,2024-11-24
1342,Vasatika Ahuja,Male,32.0,Jaipur,Rajasthan,2025-03-07
1343,Ria Gandhi,Male,35.0,Mumbai,Maharashtra,2025-08-23
1344,Faraj Varkey,Male,42.0,Thiruvananthapuram,Kerala,2023-05-12
1345,Siddharth Doctor,Female,40.0,Kolkata,West Bengal,2023-06-13
1346,Nakul Pathak,Other,18.0,Kochi,Kerala,2025-02-26
1347,Victor Sachdeva,Other,16.0,Vadodara,Gujarat,2025-12-03
1348,Ishaan Subramaniam,Other,40.0,Siliguri,West Bengal,2023-04-28
1349,Varenya Kade,Female,19.0,New Delhi,Delhi,2023-01-22
1350,Nirja Bains,Other,29.0,Madurai,Tamil Nadu,2024-08-08
1351,Caleb Datta,Other,21.0,Chennai,Tamil Nadu,2025-11-11
1352,Krish Vala,Other,16.0,Jaipur,Rajasthan,2023-12-14
1353,Manan Bhalla,Male,36.0,Pune,Maharashtra,2023-01-01
1354,Aarna Gole,Female,38.0,New Delhi,Delhi,2025-03-29
1355,Anirudh Mander,Female,26.0,Warangal,Telangana,2026-04-15
1356,Tarak Sen,Male,16.0,Madurai,Tamil Nadu,2023-05-21
1357,Vasatika Garde,Female,27.0,Mangaluru,Karnataka,2026-02-19
1358,Nirja Dhar,Female,35.0,Thiruvananthapuram,Kerala,2024-07-20
1359,Yasti Lalla,Male,18.0,Madurai,Tamil Nadu,2025-07-20
1360,Hema Setty,Male,33.0,Vadodara,Gujarat,2024-06-18
1361,Victor Radhakrishnan,Other,31.0,New Delhi,Delhi,2023-08-07
1362,Kevin Chopra,Other,37.0,Jaipur,Rajasthan,2024-08-25
1363,Samaksh Virk,Other,33.0,Hyderabad,Telangana,2024-06-11
1364,Mason Char,Other,23.0,Udaipur,Rajasthan,2025-06-25
1365,Vamakshi Barad,Female,42.0,Vadodara,Gujarat,2024-05-13
1366,Girik Subramaniam,Other,30.0,Warangal,Telangana,2025-08-01
1367,Aarav Sankar,Female,31.0,Kochi,Kerala,2023-08-27
1368,Kamala Bassi,Female,23.0,Kolkata,West Bengal,2026-07-21
1369,Veer Subramaniam,Other,28.0,Madurai,Tamil Nadu,2024-04-15
1370,Inaya Chaudhari,Female,24.0,Warangal,Telangana,2025-11-23
1371,Krish Kumar,Other,30.0,Jaipur,Rajasthan,2024-06-23
1372,Viraj Chacko,Male,47.0,Coimbatore,Tamil Nadu,2025-03-28
1373,Nilima Kurian,Other,19.0,Hyderabad,Telangana,2024-01-01
1374,Abdul Amble,Female,17.0,Kanpur,Uttar Pradesh,2024-03-23
1375,Zinal Amble,Male,45.0,Thiruvananthapuram,Kerala,2024-01-25
1376,Samesh Mutti,Male,30.0,Noida,Uttar Pradesh,2024-04-25
1377,Janaki Chhabra,Male,25.0,Coimbatore,Tamil Nadu,2024-04-14
1378,Pooja Kulkarni,Other,41.0,Chennai,Tamil Nadu,2024-12-30
1379,Pallavi Pau,Male,26.0,New Delhi,Delhi,2023-06-10
1380,Mekhala Jani,Male,48.0,Noida,Uttar Pradesh,2026-01-13
1381,Vasudha Gola,Female,38.0,Pune,Maharashtra,2026-06-25
1382,Veda Kulkarni,Other,27.0,Warangal,Telangana,2024-07-16
1383,Hemangini Rao,Other,51.0,Lucknow,Uttar Pradesh,2024-07-27
1384,Jagat Karpe,Other,26.0,Ahmedabad,Gujarat,2023-09-20
1385,Neel Chaudhry,Female,38.0,Nagpur,Maharashtra,2025-09-06
1386,Yashoda Rattan,Other,34.0,Jaipur,Rajasthan,2024-12-12
1387,Charles Dyal,Male,43.0,Vadodara,Gujarat,2025-07-25
1388,Abdul Chand,Other,46.0,Mangaluru,Karnataka,2025-07-31
1389,Urishilla Saran,Male,32.0,Hyderabad,Telangana,2024-03-07
1390,Devansh Lall,Male,25.0,Vadodara,Gujarat,2024-10-28
1391,Kamala Buch,Male,36.0,Warangal,Telangana,2026-01-28
1392,Leena Rattan,Female,25.0,Kolkata,West Bengal,2025-08-23
1393,Dakshesh Gill,Female,50.0,Thiruvananthapuram,Kerala,2024-01-12
1394,Reva Anne,Male,33.0,Kanpur,Uttar Pradesh,2025-05-08
1395,Zarna Mangal,Female,28.0,Warangal,Telangana,2024-07-26
1396,Bahadurjit Uppal,Other,33.0,Lucknow,Uttar Pradesh,2023-09-26
1397,Omkaar Banik,Male,19.0,Kochi,Kerala,2024-07-06
1398,William Acharya,Female,23.0,Madurai,Tamil Nadu,2025-02-19
1399,Gabriel Majumdar,Other,42.0,Chennai,Tamil Nadu,2023-11-03
1400,Ira Rana,Male,26.0,Lucknow,Uttar Pradesh,2025-05-13
1401,Sai Vasa,Other,22.0,Lucknow,Uttar Pradesh,2025-11-24
1402,Ekapad Chana,Female,36.0,Udaipur,Rajasthan,2024-09-06
1403,Ijaya Palan,Other,42.0,Siliguri,West Bengal,2023-04-08
1404,Upkaar Hayer,Other,38.0,Ahmedabad,Gujarat,2023-12-01
1405,Netra Agrawal,Female,40.0,Mumbai,Maharashtra,2025-09-02
1406,Parth Ray,Other,25.0,Mysuru,Karnataka,2024-11-16
1407,Elijah Thakur,Female,19.0,Durgapur,West Bengal,2026-02-21
1408,Harini Dada,Female,45.0,Udaipur,Rajasthan,2023-02-10
1409,Zashil Savant,Female,29.0,Ahmedabad,Gujarat,2026-05-25
1410,Veda Kohli,Other,29.0,Madurai,Tamil Nadu,2026-08-23
1411,Tara Sharma,Female,43.0,Jaipur,Rajasthan,2024-12-28
1412,Vasatika Dada,Other,37.0,Warangal,Telangana,2025-07-04
1413,Ekansh Raja,Other,36.0,Mysuru,Karnataka,2024-08-09
1414,Victor Mutti,Male,,Noida,Uttar Pradesh,2023-12-10
1415,Ira Varty,Other,26.0,Warangal,Telangana,2026-06-08
1416,Adya Kothari,Male,40.0,Thiruvananthapuram,Kerala,2023-06-12
1417,Girik Rastogi,Male,32.0,New Delhi,Delhi,2024-10-04
1418,Faqid Gokhale,Other,34.0,Warangal,Telangana,2024-07-01
1419,Dipta Pandya,Female,45.0,Thiruvananthapuram,Kerala,2025-06-30
1420,Amruta Goswami,Female,36.0,Warangal,Telangana,2023-12-09
1421,Wishi Iyengar,Male,36.0,New Delhi,Delhi,2024-04-25
1422,Wyatt Lanka,Other,41.0,Siliguri,West Bengal,2023-06-13
1423,Veer Jain,Female,28.0,Chennai,Tamil Nadu,2023-07-30
1424,Ishani Dugal,Female,24.0,Bengaluru,Karnataka,2026-01-28
1425,Jagdish Brar,Female,22.0,Mumbai,Maharashtra,2025-12-09
1426,Abeer Basak,Female,16.0,Bengaluru,Karnataka,2026-06-19
1427,Kamya Murty,Other,50.0,New Delhi,Delhi,2025-03-09
1428,Anvi Swaminathan,Male,22.0,Kolkata,West Bengal,2024-08-04
1429,Yasti Mammen,Male,30.0,Noida,Uttar Pradesh,2023-09-26
1430,Tristan Dave,Male,29.0,Jaipur,Rajasthan,2023-03-13
1431,Pallavi Sridhar,Female,34.0,Warangal,Telangana,2025-08-14
1432,Yadavi Palan,Other,39.0,Udaipur,Rajasthan,2025-06-30
1433,Owen Shankar,Other,39.0,New Delhi,Delhi,2026-05-08
1434,Zarna Sharma,Other,26.0,Noida,Uttar Pradesh,2026-07-26
1435,Abhiram Arora,Other,30.0,Thiruvananthapuram,Kerala,2026-08-03
1436,Ladli Chaudhuri,Female,34.0,Udaipur,Rajasthan,2025-09-13
1437,Janaki Lad,Male,29.0,Jaipur,Rajasthan,2025-06-23
1438,Adya Khalsa,Female,46.0,Durgapur,West Bengal,2024-06-16
1439,Urishilla Oza,Male,36.0,New Delhi,Delhi,2023-01-01
1440,Qarin Tara,Female,38.0,Jaipur,Rajasthan,2024-08-10
1441,Shivansh Saini,Male,37.0,Noida,Uttar Pradesh,2025-10-04
1442,Janya Rattan,Male,42.0,Kanpur,Uttar Pradesh,2025-05-31
1443,Shravya Gole,Male,33.0,Siliguri,West Bengal,2023-01-15
1444,Veer Chaudhry,Male,20.0,Udaipur,Rajasthan,2025-04-23
1445,Warinder Sankaran,Female,35.0,Udaipur,Rajasthan,2024-05-26
1446,Rohan Dhingra,Female,26.0,New Delhi,Delhi,2024-03-27
1447,Urvashi Andra,Female,27.0,Kolkata,West Bengal,2026-07-04
1448,Oviya Tata,Other,37.0,Madurai,Tamil Nadu,2024-07-10
1449,Zansi Walla,Other,43.0,Siliguri,West Bengal,2025-12-25
1450,Vidhi Mital,Male,32.0,Durgapur,West Bengal,2023-05-21
1451,Champak Rao,Female,34.0,New Delhi,Delhi,2023-08-15
1452,Nihal Bhasin,Female,47.0,Noida,Uttar Pradesh,2024-07-11
1453,Aachal Soni,Male,34.0,Thiruvananthapuram,Kerala,2024-10-18
1454,Shivani Natt,Male,55.0,Mumbai,Maharashtra,2025-12-31
1455,Jalsa Parsa,Male,37.0,Mumbai,Maharashtra,2024-07-31
1456,Hemangini Bahri,Other,16.0,Kolkata,West Bengal,2025-06-16
1457,Jairaj Panchal,Male,38.0,Mumbai,Maharashtra,2023-11-05
1458,Owen Mane,Male,35.0,Pune,Maharashtra,2024-12-01
1459,Ekta Uppal,Female,43.0,Surat,Gujarat,2025-01-30
1460,Sanya Brar,Male,38.0,Noida,Uttar Pradesh,2024-11-07
1461,Bhavini Sheth,Male,30.0,Bengaluru,Karnataka,2024-06-29
1462,Oliver Nazareth,Other,20.0,Ahmedabad,Gujarat,2025-08-20
1463,Nidhi Bora,Female,30.0,New Delhi,Delhi,2025-02-20
1464,Neel Oza,Other,24.0,Mumbai,Maharashtra,2024-05-24
1465,Dipta Nadig,Male,26.0,Surat,Gujarat,2023-03-10
1466,Amara Rana,Other,37.0,Coimbatore,Tamil Nadu,2023-07-12
1467,Sai Patil,Female,47.0,Jaipur,Rajasthan,2025-03-07
1468,Odika Ganesh,Male,35.0,Durgapur,West Bengal,2026-07-12
1469,Arin Dass,Other,21.0,Nagpur,Maharashtra,2025-12-02
1470,Zayan Buch,Female,36.0,Mysuru,Karnataka,2026-07-31
1471,Ojas Ranganathan,Female,42.0,Kolkata,West Bengal,2023-04-17
1472,Girish Bhatt,Male,26.0,Chennai,Tamil Nadu,2026-07-20
1473,Chatura Bal,Male,30.0,Surat,Gujarat,2023-12-09
1474,Fiyaz Chawla,Male,32.0,Siliguri,West Bengal,2025-03-21
1475,Nachiket Chad,Male,24.0,Chennai,Tamil Nadu,2026-04-05
1476,Dayamai Karnik,Other,37.0,Noida,Uttar Pradesh,2023-11-14
1477,Bhanumati Savant,Male,30.0,Hyderabad,Telangana,2023-11-19
1478,Karan Vyas,Other,35.0,Lucknow,Uttar Pradesh,2026-06-20
1479,Ayush Banerjee,Male,24.0,Hyderabad,Telangana,2024-12-29
1480,Eshana Soni,Male,28.0,New Delhi,Delhi,2025-09-26
1481,Anita Saxena,Other,38.0,Coimbatore,Tamil Nadu,2026-08-13
1482,Peter Shan,Other,28.0,Warangal,Telangana,2024-01-31
1483,Dayita Palan,Female,47.0,Nagpur,Maharashtra,2025-01-03
1484,Utkarsh Chakraborty,Male,28.0,New Delhi,Delhi,2025-09-20
1485,Darika Pau,Female,34.0,Noida,Uttar Pradesh,2026-01-16
1486,Abha Dugal,Other,40.0,Lucknow,Uttar Pradesh,2024-01-18
1487,Advaith Acharya,Female,19.0,Udaipur,Rajasthan,2025-08-17
1488,Hemangini Mangat,Other,16.0,Siliguri,West Bengal,2023-11-25
1489,Abhiram Swamy,Male,18.0,Mangaluru,Karnataka,2025-07-09
1490,Chandani Andra,Other,43.0,Durgapur,West Bengal,2025-01-21
1491,Brinda Kashyap,Other,27.0,Lucknow,Uttar Pradesh,2025-11-02
1492,Kashvi Gulati,Male,55.0,Vadodara,Gujarat,2023-02-08
1493,Rajeshri Rana,Other,26.0,Thiruvananthapuram,Kerala,2024-05-04
1494,Nihal Ramakrishnan,Other,33.0,Hyderabad,Telangana,2026-01-08
1495,Thomas Lall,Other,45.0,Ahmedabad,Gujarat,2025-10-15
1496,Pahal Khatri,Other,50.0,Jaipur,Rajasthan,2024-08-02
1497,Bhavani Wali,Other,50.0,Warangal,Telangana,2024-10-21
1498,Nitara Guha,Other,42.0,Bengaluru,Karnataka,2023-05-17
1499,Qabil Deshpande,Male,41.0,Mumbai,Maharashtra,2023-03-06
1500,Indrajit Shah,Female,37.0,Chennai,Tamil Nadu,2024-01-28
1501,Anita Swamy,Other,39.0,Bengaluru,Karnataka,2026-08-07
1502,Ekani Bahl,Unknown,27.0,Vadodara,Gujarat,2025-12-12
1503,Chandran Warrior,Male,24.0,Thiruvananthapuram,Kerala,2025-01-20
1504,Quincy Chaudry,Other,31.0,Madurai,Tamil Nadu,2023-05-26
1505,Amruta Dass,Other,30.0,Mumbai,Maharashtra,2025-10-03
1506,Abhiram Kaul,Other,27.0,Mysuru,Karnataka,2023-05-05
1507,Matthew Aurora,Female,38.0,Warangal,Telangana,2023-04-30
1508,Teerth Oommen,Other,40.0,Thiruvananthapuram,Kerala,2023-03-25
1509,Devika Tara,Male,32.0,Mysuru,Karnataka,2024-03-18
1510,Ubika Balay,Male,45.0,Jaipur,Rajasthan,2024-04-18
1511,Faris Dhingra,Male,21.0,Udaipur,Rajasthan,2024-01-31
1512,Amaira Ramanathan,Other,30.0,Jaipur,Rajasthan,2026-07-04
1513,Upma Golla,Other,25.0,New Delhi,Delhi,2023-08-05
1514,Zashil Raj,Other,16.0,Thiruvananthapuram,Kerala,2025-07-28
1515,Jairaj Kothari,Male,31.0,Ahmedabad,Gujarat,2024-01-05
1516,Saanvi Kota,Other,30.0,Udaipur,Rajasthan,2024-11-22
1517,Rushil Sharma,Female,45.0,New Delhi,Delhi,2024-10-07
1518,Sathvik Solanki,Female,37.0,Udaipur,Rajasthan,2025-04-24
1519,Devika Naidu,Female,22.0,Vadodara,Gujarat,2026-05-31
1520,Brijesh Verma,Other,48.0,Madurai,Tamil Nadu,2024-03-14
1521,Zehaan Srivastava,Other,42.0,Vadodara,Gujarat,2024-06-04
1522,Rushil Patel,Female,37.0,Warangal,Telangana,2025-03-24
1523,Tejas Chowdhury,Male,29.0,Nagpur,Maharashtra,2024-08-05
1524,Radha Nair,Other,23.0,Kochi,Kerala,2023-10-04
1525,Oliver Majumdar,Female,28.0,Kolkata,West Bengal,2024-03-30
1526,Meghana Kibe,Male,41.0,Coimbatore,Tamil Nadu,2024-07-19
1527,Brijesh Soman,Male,48.0,Jaipur,Rajasthan,2023-03-19
1528,Kamya Chakraborty,Male,45.0,Kanpur,Uttar Pradesh,2023-10-11
1529,Nakul Tata,Other,27.0,Durgapur,West Bengal,2024-05-26
1530,Hamsini Bhasin,Female,21.0,Coimbatore,Tamil Nadu,2023-07-08
1531,Ishani Dube,Other,33.0,Thiruvananthapuram,Kerala,2024-03-21
1532,Jeremiah Sura,Female,16.0,Mangaluru,Karnataka,2025-09-15
1533,Edhitha Palan,Other,34.0,New Delhi,Delhi,2026-03-26
1534,Reyansh Bail,Other,30.0,Mangaluru,Karnataka,2024-09-07
1535,Ishita Desai,Other,27.0,Nagpur,Maharashtra,2025-02-20
1536,Balveer Sundaram,Female,17.0,Bengaluru,Karnataka,2024-12-13
1537,Chaitaly Suri,Male,36.0,Surat,Gujarat,2024-04-09
1538,Rachit Pall,Other,27.0,Kochi,Kerala,2026-07-18
1539,Upadhriti Maharaj,Female,21.0,Ahmedabad,Gujarat,2025-12-09
1540,Ekapad Wali,Other,16.0,Pune,Maharashtra,2026-03-02
1541,Shivani Merchant,Other,31.0,New Delhi,Delhi,2024-03-28
1542,Jeevika Setty,Other,47.0,New Delhi,Delhi,2025-03-15
1543,Yashawini Raghavan,Other,46.0,Noida,Uttar Pradesh,2025-10-30
1544,Anirudh Patla,Female,27.0,Bengaluru,Karnataka,2024-08-16
1545,Ekani Bhatnagar,Male,26.0,Ahmedabad,Gujarat,2024-11-19
1546,Ranveer Viswanathan,Other,36.0,Mysuru,Karnataka,2023-04-11
1547,Mitesh Mandal,Female,23.0,Udaipur,Rajasthan,2023-06-24
1548,Nimrat Nagy,Female,34.0,Vadodara,Gujarat,2023-09-25
1549,Gopal Virk,Other,38.0,New Delhi,Delhi,2024-02-10
1550,Caleb Dayal,Other,43.0,Kanpur,Uttar Pradesh,2026-03-16
1551,Azad Jaggi,Other,31.0,Madurai,Tamil Nadu,2025-12-09
1552,Vedika Handa,Male,30.0,Chennai,Tamil Nadu,2024-06-29
1553,Azad Rama,Other,24.0,Surat,Gujarat,2026-03-25
1554,Aahana Bawa,Other,24.0,Bengaluru,Karnataka,2025-04-27
1555,Timothy Bobal,Female,29.0,Surat,Gujarat,2024-01-26
1556,Sathvik Swamy,Other,35.0,Warangal,Telangana,2023-02-19
1557,Upadhriti Bhat,Female,40.0,Kolkata,West Bengal,2026-06-16
1558,Ojasvi Pillay,Male,24.0,Noida,Uttar Pradesh,2025-06-21
1559,Amaira Wadhwa,Male,45.0,Mumbai,Maharashtra,2025-02-04
1560,Ekavir Modi,Male,29.0,New Delhi,Delhi,2023-04-22
1561,Tarak Venkataraman,Male,31.0,Madurai,Tamil Nadu,2024-08-12
1562,Harrison Kashyap,Other,25.0,Pune,Maharashtra,2023-08-16
1563,Ranveer Hans,Female,16.0,Durgapur,West Bengal,2023-02-16
1564,Praneel Sagar,Other,39.0,Hyderabad,Telangana,2026-01-06
1565,Ishita Shanker,Other,38.0,Chennai,Tamil Nadu,2025-12-07
1566,Hemang Ganesan,Female,29.0,Siliguri,West Bengal,2026-06-29
1567,Neelima Thaman,Female,32.0,New Delhi,Delhi,2026-04-08
1568,Nakul Walla,Female,36.0,Jaipur,Rajasthan,2023-12-15
1569,Indira Murty,Male,17.0,Pune,Maharashtra,2026-06-19
1570,Kamya Sachar,Female,27.0,Kolkata,West Bengal,2023-01-18
1571,Ekiya Khosla,Other,39.0,Mysuru,Karnataka,2024-07-09
1572,Keya Kumar,Male,20.0,Hyderabad,Telangana,2024-08-22
1573,Sneha Sem,Female,34.0,Ahmedabad,Gujarat,2025-11-07
1574,Aadi Banerjee,Female,19.0,Mysuru,Karnataka,2026-05-07
1575,Amol Vasa,Male,36.0,Jaipur,Rajasthan,2024-02-12
1576,Chasmum Ahuja,Other,31.0,Udaipur,Rajasthan,2023-02-14
1577,Tristan Kala,Other,17.0,Mumbai,Maharashtra,2024-09-16
1578,Anthony Majumdar,Female,42.0,Warangal,Telangana,2023-11-18
1579,Girindra Barad,Other,25.0,Pune,Maharashtra,2024-12-21
1580,Ishani Dugal,Male,24.0,Warangal,Telangana,2025-10-23
1581,Alka Peri,Other,33.0,Kolkata,West Bengal,2024-06-11
1582,Viraj Kunda,Other,42.0,Ahmedabad,Gujarat,2024-07-27
1583,George Ratta,Female,22.0,Chennai,Tamil Nadu,2025-03-15
1584,Faras Nair,Other,32.0,New Delhi,Delhi,2025-02-21
1585,Oscar Sura,Female,35.0,Jaipur,Rajasthan,2024-05-07
1586,Charita Barad,Female,38.0,Kochi,Kerala,2024-10-01
1587,Farhan Bhalla,Female,33.0,Thiruvananthapuram,Kerala,2026-01-15
1588,Ijaya Saraf,Other,28.0,New Delhi,Delhi,2023-10-11
1589,Jai Karan,Male,24.0,Kochi,Kerala,2024-09-24
1590,Lavanya Bhagat,Female,32.0,Jaipur,Rajasthan,2023-10-25
1591,Benjamin Nagar,Female,22.0,Kochi,Kerala,2023-05-19
1592,Eta Thakkar,Male,16.0,Jaipur,Rajasthan,2024-10-12
1593,Michael Bedi,Female,35.0,New Delhi,Delhi,2025-04-27
1594,Sanaya Thaman,Female,40.0,Surat,Gujarat,2026-07-28
1595,Tristan Sankaran,Male,16.0,Kolkata,West Bengal,2023-08-07
1596,Meera Divan,Male,22.0,New Delhi,Delhi,2026-06-07
1597,Gayathri Butala,Other,37.0,Thiruvananthapuram,Kerala,2026-03-07
1598,Chandran Rastogi,Other,50.0,Kochi,Kerala,2024-04-20
1599,Frederick Rastogi,Male,32.0,Madurai,Tamil Nadu,2025-01-05
1600,Kalpit Deshmukh,Female,25.0,Mangaluru,Karnataka,2023-10-02
1601,Rudra Sura,Unknown,30.0,Udaipur,Rajasthan,2026-08-23
1602,Rohan Viswanathan,Female,44.0,Hyderabad,Telangana,2025-10-03
1603,Xavier Bora,Male,26.0,Lucknow,Uttar Pradesh,2024-01-31
1604,Qushi Naik,Female,24.0,Chennai,Tamil Nadu,2023-01-31
1605,Isaiah Sachdev,Male,27.0,Durgapur,West Bengal,2024-02-20
1606,Jasmit Pall,Male,23.0,Chennai,Tamil Nadu,2025-06-18
1607,Ekani Padmanabhan,Other,33.0,Thiruvananthapuram,Kerala,2024-10-27
1608,Dalaja Gara,Female,46.0,Lucknow,Uttar Pradesh,2025-04-09
1609,Riya Dhingra,Other,34.0,Nagpur,Maharashtra,2025-02-18
1610,Chaitanya Kaur,Other,29.0,Warangal,Telangana,2026-03-17
1611,Kashvi Dugal,Other,29.0,Kochi,Kerala,2023-08-12
1612,Isaiah Bhagat,Male,17.0,Kanpur,Uttar Pradesh,2024-05-18
1613,Manbir Mani,Other,39.0,Udaipur,Rajasthan,2023-03-22
1614,Hemal Choudhry,Other,31.0,Udaipur,Rajasthan,2026-07-15
1615,Shivani Sinha,Female,30.0,Mumbai,Maharashtra,2025-06-19
1616,Garima Kadakia,Female,,Surat,Gujarat,2025-08-02
1617,Samar Virk,Female,34.0,New Delhi,Delhi,2026-06-09
1618,Vasudha Dhaliwal,Other,25.0,Nagpur,Maharashtra,2023-10-19
1619,Krisha Vyas,Female,28.0,Noida,Uttar Pradesh,2023-07-05
1620,Aadhya Garde,Male,42.0,Jaipur,Rajasthan,2026-04-13
1621,Bhanumati Iyer,Female,33.0,Jaipur,Rajasthan,2025-04-26
1622,Chatresh Shroff,Male,19.0,Warangal,Telangana,2024-01-02
1623,Ekalinga Rama,Other,40.0,Noida,Uttar Pradesh,2024-02-18
1624,Jagvi Chokshi,Female,25.0,Lucknow,Uttar Pradesh,2024-10-25
1625,Brinda Raju,Male,48.0,New Delhi,Delhi,2023-08-22
1626,Lajita Trivedi,Female,41.0,Noida,Uttar Pradesh,2023-06-24
1627,Diya Sundaram,Other,27.0,Udaipur,Rajasthan,2025-11-13
1628,Quincy Issac,Female,43.0,Kochi,Kerala,2026-02-01
1629,Anthony Baral,Male,32.0,Ahmedabad,Gujarat,2024-11-17
1630,Dalaja Nath,Male,39.0,Kochi,Kerala,2023-10-24
1631,Maya Dugar,Female,36.0,New Delhi,Delhi,2024-09-22
1632,Idika Pandey,Female,24.0,Siliguri,West Bengal,2024-08-14
1633,Chasmum Keer,Male,26.0,New Delhi,Delhi,2024-02-20
1634,David Kurian,Female,41.0,Nagpur,Maharashtra,2023-01-26
1635,Ayushman Mammen,Female,28.0,Kanpur,Uttar Pradesh,2026-01-18
1636,Max Om,Female,28.0,Nagpur,Maharashtra,2024-05-02
1637,Laksh Chahal,Other,23.0,Madurai,Tamil Nadu,2025-09-01
1638,Utkarsh Sahni,Female,35.0,Kanpur,Uttar Pradesh,2023-06-12
1639,Michael Sandhu,Male,50.0,Kochi,Kerala,2026-01-25
1640,Forum Sen,Other,22.0,Siliguri,West Bengal,2026-02-15
1641,Samuel Devi,Male,32.0,Chennai,Tamil Nadu,2023-10-31
1642,Lakshit More,Female,44.0,Nagpur,Maharashtra,2023-03-17
1643,Qushi Dhillon,Other,31.0,New Delhi,Delhi,2026-03-29
1644,Eesha Bir,Female,36.0,Thiruvananthapuram,Kerala,2023-06-29
1645,Qarin Nadkarni,Female,22.0,Mumbai,Maharashtra,2024-01-01
1646,Ayushman Nagar,Other,35.0,New Delhi,Delhi,2026-05-03
1647,Nisha Mitter,Female,30.0,Kochi,Kerala,2026-03-31
1648,Anusha Doshi,Male,40.0,Hyderabad,Telangana,2024-09-04
1649,Hredhaan Deep,Female,42.0,Warangal,Telangana,2023-05-19
1650,Atharv Loke,Male,55.0,Vadodara,Gujarat,2024-08-22
1651,Vincent Kashyap,Male,37.0,Lucknow,Uttar Pradesh,2024-07-16
1652,Jagrati Buch,Other,34.0,Warangal,Telangana,2024-03-05
1653,Krish Thakkar,Male,33.0,Madurai,Tamil Nadu,2023-08-12
1654,Kashvi Gour,Female,28.0,Kochi,Kerala,2026-05-23
1655,Vyanjana Som,Other,35.0,Durgapur,West Bengal,2024-10-10
1656,Nihal Hans,Other,29.0,Siliguri,West Bengal,2026-06-30
1657,Bachittar Rege,Other,33.0,Hyderabad,Telangana,2026-02-26
1658,Anamika Sachar,Other,43.0,Noida,Uttar Pradesh,2026-07-18
1659,Samaksh Jayaraman,Male,22.0,Kanpur,Uttar Pradesh,2026-06-02
1660,Peter Sarna,Female,42.0,Madurai,Tamil Nadu,2024-02-01
1661,Ekta Shankar,Male,43.0,Mumbai,Maharashtra,2025-08-10
1662,Prisha Ravel,Male,30.0,Mangaluru,Karnataka,2026-06-14
1663,Lajita Munshi,Male,16.0,Surat,Gujarat,2024-11-14
1664,Balvan Verma,Male,26.0,Hyderabad,Telangana,2026-08-04
1665,Siya Shan,Female,43.0,Madurai,Tamil Nadu,2024-06-05
1666,Yatan Venkataraman,Female,31.0,Mysuru,Karnataka,2025-11-03
1667,Balveer Ram,Male,23.0,Udaipur,Rajasthan,2023-08-22
1668,Ranveer Manne,Female,27.0,Warangal,Telangana,2026-03-11
1669,Mitali Modi,Male,39.0,Kochi,Kerala,2024-02-02
1670,Triya Ganesan,Other,36.0,Warangal,Telangana,2025-09-08
1671,Chaitaly Bhagat,Other,,Lucknow,Uttar Pradesh,2023-10-06
1672,Ubika Seth,Other,28.0,Lucknow,Uttar Pradesh,2025-08-01
1673,Xiti Chowdhury,Female,28.0,Udaipur,Rajasthan,2025-04-27
1674,Krishna Ramaswamy,Female,23.0,Nagpur,Maharashtra,2026-03-03
1675,Ekiya Seshadri,Male,46.0,Hyderabad,Telangana,2026-03-28
1676,Praneel Setty,Male,29.0,Warangal,Telangana,2023-11-02
1677,Suhani Chana,Female,42.0,Kolkata,West Bengal,2025-02-07
1678,Ekiya Gade,Other,45.0,Jaipur,Rajasthan,2026-05-25
1679,Gavin Comar,Other,40.0,Ahmedabad,Gujarat,2023-08-28
1680,Janani Chada,Female,28.0,Siliguri,West Bengal,2023-03-06
1681,Yasti Dutta,Male,35.0,Durgapur,West Bengal,2025-10-14
1682,Lajita Bassi,Female,31.0,Coimbatore,Tamil Nadu,2024-09-11
1683,Gautami Doctor,Female,23.0,Madurai,Tamil Nadu,2023-12-25
1684,Maanav Gola,Male,34.0,Mysuru,Karnataka,2024-02-18
1685,Oni Morar,Other,21.0,Mysuru,Karnataka,2023-02-21
1686,Sanaya Mani,Male,42.0,Noida,Uttar Pradesh,2024-01-25
1687,Jacob Deep,Other,27.0,Warangal,Telangana,2025-12-08
1688,Aarush Kulkarni,Male,33.0,Durgapur,West Bengal,2023-07-21
1689,Tara Tank,Male,34.0,Jaipur,Rajasthan,2023-03-16
1690,Abdul Tak,Other,29.0,Kanpur,Uttar Pradesh,2025-12-05
1691,Teerth Soni,Female,37.0,Bengaluru,Karnataka,2023-04-01
1692,Nimrat Sathe,Female,27.0,Kochi,Kerala,2025-08-14
1693,Abeer Konda,Other,39.0,Mumbai,Maharashtra,2024-10-01
1694,Sarthak Bawa,Female,19.0,Nagpur,Maharashtra,2026-08-01
1695,Manbir Bhakta,Male,33.0,Coimbatore,Tamil Nadu,2024-01-30
1696,Balhaar Dhillon,Other,49.0,Durgapur,West Bengal,2024-10-15
1697,Chanchal Narula,Male,22.0,Noida,Uttar Pradesh,2024-07-12
1698,Chandran Chopra,Female,25.0,New Delhi,Delhi,2023-08-23
1699,Pranav Edwin,Other,36.0,Nagpur,Maharashtra,2025-11-18
1700,Peter Shah,Other,33.0,Bengaluru,Karnataka,2024-12-18
1701,Balendra Chander,Female,35.0,Udaipur,Rajasthan,2023-10-17
1702,Ekantika Pillay,Male,36.0,Siliguri,West Bengal,2023-12-17
1703,Ekansh Sane,Other,37.0,Mysuru,Karnataka,2024-11-24
1704,Brinda Sinha,Male,41.0,Udaipur,Rajasthan,2023-09-24
1705,Jairaj Maharaj,Other,35.0,Pune,Maharashtra,2023-04-14
1706,Odika Vohra,Male,29.0,Mysuru,Karnataka,2023-06-26
1707,Shaurya Bhardwaj,Male,38.0,Surat,Gujarat,2026-05-05
1708,Gagan Sule,Other,49.0,Thiruvananthapuram,Kerala,2024-12-29
1709,Prisha Nadig,Male,30.0,Durgapur,West Bengal,2025-12-28
1710,Irya Dayal,Other,23.0,Mysuru,Karnataka,2023-09-27
1711,Zinal Tank,Female,41.0,Mangaluru,Karnataka,2023-07-19
1712,Pranit Kaul,Other,30.0,Kanpur,Uttar Pradesh,2026-08-12
1713,Rishi Agarwal,Male,16.0,Kanpur,Uttar Pradesh,2024-04-03
1714,Arjun Shroff,Female,39.0,New Delhi,Delhi,2025-03-13
1715,Sarthak Sachdeva,Female,27.0,New Delhi,Delhi,2025-07-17
1716,Chakradev Nath,Male,31.0,Lucknow,Uttar Pradesh,2025-08-31
1717,Simon Apte,Female,34.0,Mysuru,Karnataka,2025-08-02
1718,Baghyawati Kumar,Female,33.0,New Delhi,Delhi,2026-05-22
1719,Darika Mital,Other,38.0,Kochi,Kerala,2023-07-30
1720,Abeer Comar,Male,28.0,Vadodara,Gujarat,2024-10-29
1721,Harita Randhawa,Female,36.0,Jaipur,Rajasthan,2025-12-27
1722,Parth Hari,Other,29.0,Kanpur,Uttar Pradesh,2025-04-26
1723,Hamsini Srinivas,Male,38.0,Madurai,Tamil Nadu,2026-01-27
1724,Balendra Deshpande,Female,37.0,New Delhi,Delhi,2023-05-16
1725,Nachiket Sharma,Other,23.0,Hyderabad,Telangana,2026-04-25
1726,Turvi Sachdev,Other,41.0,Surat,Gujarat,2024-12-01
1727,Chandani Mutti,Male,27.0,Jaipur,Rajasthan,2023-06-09
1728,Sathvik Narula,Male,39.0,Thiruvananthapuram,Kerala,2026-04-27
1729,Dominic Dixit,Female,35.0,Thiruvananthapuram,Kerala,2026-02-10
1730,Azaan Nori,Male,48.0,Mysuru,Karnataka,2024-09-22
1731,Noah Ramachandran,Other,29.0,Ahmedabad,Gujarat,2023-08-11
1732,Jackson Morar,Female,28.0,Thiruvananthapuram,Kerala,2025-10-09
1733,Azad Magar,Male,31.0,Mumbai,Maharashtra,2023-10-12
1734,Gabriel Taneja,Male,29.0,Kochi,Kerala,2023-11-02
1735,Kamya Seth,Female,39.0,Noida,Uttar Pradesh,2025-03-09
1736,Tarak Vohra,Male,17.0,Thiruvananthapuram,Kerala,2024-02-26
1737,Parth Choudhury,Other,22.0,Warangal,Telangana,2024-09-15
1738,Baljiwan Jaggi,Female,22.0,Vadodara,Gujarat,2023-07-02
1739,Sachi Toor,Other,40.0,Kochi,Kerala,2025-11-11
1740,Vasudha Tella,Female,47.0,Ahmedabad,Gujarat,2023-05-08
1741,Ranveer Oak,Male,31.0,Hyderabad,Telangana,2026-02-20
1742,Dayita Narang,Female,30.0,Hyderabad,Telangana,2023-03-05
1743,Guneet Varty,Other,32.0,Coimbatore,Tamil Nadu,2026-04-23
1744,Samesh Bansal,Female,42.0,Vadodara,Gujarat,2025-02-22
1745,Lila Vig,Unknown,23.0,Surat,Gujarat,2026-01-21
1746,Aayush Mukhopadhyay,Male,34.0,Madurai,Tamil Nadu,2025-08-30
1747,Gagan Nath,Other,40.0,New Delhi,Delhi,2025-02-26
1748,Chakradhar Chauhan,Male,36.0,Warangal,Telangana,2024-08-13
1749,Arin Muni,Male,33.0,New Delhi,Delhi,2023-05-27
1750,Ekani Iyer,Other,41.0,Mumbai,Maharashtra,2025-09-23
1751,Bhavini Malhotra,Male,16.0,Ahmedabad,Gujarat,2023-10-09
1752,Ridhi Dalal,Other,38.0,Surat,Gujarat,2026-05-22
1753,Manthan Dugar,Male,26.0,Vadodara,Gujarat,2025-07-19
1754,Ishwar Aurora,Other,16.0,Udaipur,Rajasthan,2025-07-10
1755,Samuel Palla,Male,36.0,Surat,Gujarat,2024-01-16
1756,Anika Dhaliwal,Unknown,44.0,Vadodara,Gujarat,2026-03-29
1757,Yash Garg,Male,30.0,Noida,Uttar Pradesh,2025-10-24
1758,Deepa Nigam,Other,40.0,Durgapur,West Bengal,2026-03-26
1759,Chandresh De,Male,46.0,Hyderabad,Telangana,2026-03-09
1760,Urishilla Bedi,Female,43.0,Noida,Uttar Pradesh,2023-08-20
1761,Leela Bhagat,Other,46.0,Thiruvananthapuram,Kerala,2023-06-13
1762,Pooja Ramanathan,Female,38.0,New Delhi,Delhi,2025-11-24
1763,Sanaya Parekh,Other,32.0,Mangaluru,Karnataka,2023-07-01
1764,Gaurangi Hora,Other,17.0,Coimbatore,Tamil Nadu,2023-06-09
1765,Udyati Deep,Other,29.0,Udaipur,Rajasthan,2023-04-19
1766,Upadhriti Chatterjee,Female,24.0,Hyderabad,Telangana,2025-07-18
1767,Dayita Shroff,Other,51.0,Udaipur,Rajasthan,2024-11-09
1768,Vincent Kapur,Female,30.0,Surat,Gujarat,2024-08-15
1769,Aarna Patla,Other,33.0,New Delhi,Delhi,2026-05-08
1770,Qadim Narayanan,Other,36.0,Siliguri,West Bengal,2024-06-17
1771,Sudiksha Sura,Female,32.0,Nagpur,Maharashtra,2026-03-30
1772,Dhruv Soman,Other,47.0,New Delhi,Delhi,2024-08-20
1773,Indali Srinivas,Female,26.0,Kochi,Kerala,2025-09-19
1774,Onkar Mandal,Other,33.0,Bengaluru,Karnataka,2023-06-07
1775,Joshua Trivedi,Male,25.0,Durgapur,West Bengal,2026-06-15
1776,Nidra Chhabra,Female,20.0,Durgapur,West Bengal,2023-01-30
1777,Ekavir Mittal,Male,26.0,Mangaluru,Karnataka,2026-04-26
1778,Nandini Sachdev,Female,31.0,New Delhi,Delhi,2023-12-26
1779,Yagnesh Dutt,Male,28.0,Siliguri,West Bengal,2025-09-20
1780,Leena Bhatti,Female,25.0,New Delhi,Delhi,2023-06-22
1781,Sathvik Sankar,Female,19.0,New Delhi,Delhi,2025-04-25
1782,Hema Keer,Other,31.0,Ahmedabad,Gujarat,2025-06-20
1783,Faras Sur,Other,18.0,New Delhi,Delhi,2024-12-07
1784,Ubika Nanda,Female,38.0,Nagpur,Maharashtra,2023-08-26
1785,Sai Goda,Female,32.0,Mumbai,Maharashtra,2025-03-27
1786,Nidra Boase,Female,18.0,Kanpur,Uttar Pradesh,2025-12-26
1787,Ladli Narang,Other,29.0,Coimbatore,Tamil Nadu,2025-03-09
1788,Darsh Chana,Male,25.0,Kanpur,Uttar Pradesh,2025-12-22
1789,Liam Acharya,Female,34.0,Ahmedabad,Gujarat,2025-07-08
1790,Manthan Sethi,Female,44.0,Vadodara,Gujarat,2025-12-21
1791,Madhavi Sekhon,Other,16.0,Mumbai,Maharashtra,2026-07-29
1792,Samesh Nadig,Other,33.0,Warangal,Telangana,2026-08-28
1793,Daksha Saran,Female,30.0,Durgapur,West Bengal,2024-06-30
1794,Gaurav Anand,Other,38.0,Mysuru,Karnataka,2026-04-11
1795,Joshua Menon,Other,33.0,Surat,Gujarat,2024-05-10
1796,Kala Bera,Other,25.0,Kochi,Kerala,2024-11-22
1797,Jagrati Choudhary,Other,29.0,New Delhi,Delhi,2023-01-22
1798,Azaan Keer,Male,24.0,Mumbai,Maharashtra,2025-04-22
1799,Meera Nadkarni,Male,41.0,Mangaluru,Karnataka,2025-07-02
1800,Nidra Raj,Other,32.0,Hyderabad,Telangana,2024-08-03
1801,Siddharth Ghose,Male,49.0,Kolkata,West Bengal,2023-02-18
1802,Liam Guha,Male,31.0,Kochi,Kerala,2026-05-01
1803,Jagvi Sahni,Other,25.0,Madurai,Tamil Nadu,2023-09-07
1804,Bhavya Dass,Other,18.0,Bengaluru,Karnataka,2023-09-24
1805,Advay Bora,Other,16.0,Vadodara,Gujarat,2026-03-05
1806,Maanas Sur,Other,17.0,New Delhi,Delhi,2024-01-13
1807,Laban Chad,Female,34.0,Durgapur,West Bengal,2023-06-05
1808,Ojasvi Shah,Female,36.0,Kanpur,Uttar Pradesh,2024-10-24
1809,Pranit Sha,Male,17.0,Kolkata,West Bengal,2024-07-21
1810,Shivani Rajagopalan,Female,40.0,Pune,Maharashtra,2024-11-12
1811,Upkaar Grewal,Female,27.0,Pune,Maharashtra,2023-12-31
1812,Abhimanyu Tara,Female,33.0,Lucknow,Uttar Pradesh,2024-02-15
1813,Yachana Luthra,Male,46.0,Thiruvananthapuram,Kerala,2026-08-14
1814,Jeevika Bandi,Male,40.0,Lucknow,Uttar Pradesh,2026-01-12
1815,Vasudha Pillay,Other,29.0,Ahmedabad,Gujarat,2026-08-10
1816,Vasatika Buch,Other,23.0,Mysuru,Karnataka,2024-06-14
1817,Ati Shroff,Male,16.0,Bengaluru,Karnataka,2023-05-25
1818,Gaurang Korpal,Female,25.0,Thiruvananthapuram,Kerala,2023-02-08
1819,Faras Zacharia,Other,30.0,Lucknow,Uttar Pradesh,2026-08-04
1820,Chatresh Oza,Other,23.0,Mumbai,Maharashtra,2025-03-10
1821,Upasna Setty,Other,30.0,Kolkata,West Bengal,2024-11-06
1822,Garima Sama,Male,32.0,Vadodara,Gujarat,2025-11-21
1823,Chaitaly Mann,Female,29.0,Kanpur,Uttar Pradesh,2025-04-07
1824,Balendra Modi,Male,26.0,Mangaluru,Karnataka,2023-01-07
1825,Darsh Solanki,Female,33.0,Vadodara,Gujarat,2023-09-06
1826,Charan Manne,Female,35.0,Thiruvananthapuram,Kerala,2024-09-12
1827,Bhavini Sundaram,Other,22.0,Ahmedabad,Gujarat,2026-08-18
1828,Jonathan Tiwari,Other,44.0,Mysuru,Karnataka,2024-11-27
1829,Arunima Krishnan,Female,31.0,Mysuru,Karnataka,2026-08-19
1830,Avni Maharaj,Other,32.0,Chennai,Tamil Nadu,2023-03-22
1831,Akshay Choudhury,Male,38.0,Vadodara,Gujarat,2024-09-04
1832,Matthew Sekhon,Other,34.0,Ahmedabad,Gujarat,2025-01-05
1833,Parth Lal,Other,40.0,Lucknow,Uttar Pradesh,2025-06-15
1834,Vedhika Golla,Male,34.0,Chennai,Tamil Nadu,2024-01-31
1835,Hemal Chad,Other,26.0,Nagpur,Maharashtra,2024-05-03
1836,Mitesh Tandon,Male,35.0,Kanpur,Uttar Pradesh,2026-01-12
1837,Leela Khanna,Other,21.0,Durgapur,West Bengal,2025-07-09
1838,Oliver Kade,Female,32.0,Mumbai,Maharashtra,2023-04-25
1839,Chatura Lalla,Female,31.0,Hyderabad,Telangana,2023-08-31
1840,Charles Ganesh,Other,30.0,Madurai,Tamil Nadu,2025-12-07
1841,Mohini Soni,Other,30.0,Noida,Uttar Pradesh,2023-11-02
1842,Vamakshi Walia,Male,16.0,Kochi,Kerala,2023-03-17
1843,Ladli Ramakrishnan,Other,27.0,New Delhi,Delhi,2023-02-09
1844,Adweta Dhillon,Male,32.0,Noida,Uttar Pradesh,2024-05-12
1845,Advik Mani,Male,33.0,New Delhi,Delhi,2026-07-19
1846,Lavanya Mutti,Male,22.0,Pune,Maharashtra,2025-07-23
1847,Gunbir Wali,Other,43.0,Kochi,Kerala,2023-05-11
1848,Rachana Mahajan,Female,24.0,Bengaluru,Karnataka,2026-05-03
1849,Anamika Loke,Male,40.0,Kochi,Kerala,2024-02-20
1850,Aadhya Raman,Other,35.0,Surat,Gujarat,2025-04-03
1851,Wyatt Hayer,Other,26.0,Hyderabad,Telangana,2026-03-25
1852,Pranit Munshi,Female,47.0,Jaipur,Rajasthan,2024-03-12
1853,Abhiram Bir,Male,21.0,Nagpur,Maharashtra,2024-11-18
1854,Nisha Chaudhari,Female,40.0,Bengaluru,Karnataka,2023-10-17
1855,Sanaya Panchal,Other,41.0,Ahmedabad,Gujarat,2025-01-27
1856,Bhanumati Krishnamurthy,Female,25.0,Jaipur,Rajasthan,2024-05-13
1857,Bahadurjit Bajwa,Male,44.0,Kochi,Kerala,2023-07-24
1858,Dakshesh Kalla,Male,29.0,Thiruvananthapuram,Kerala,2023-02-02
1859,Jagdish Chadha,Male,34.0,Lucknow,Uttar Pradesh,2023-01-15
1860,Keya Goyal,Other,34.0,New Delhi,Delhi,2026-08-27
1861,Qarin Kulkarni,Female,30.0,Thiruvananthapuram,Kerala,2025-09-01
1862,Unni Borra,Male,39.0,New Delhi,Delhi,2026-08-03
1863,Aradhana Sane,Female,39.0,Siliguri,West Bengal,2025-04-23
1864,Aarini Edwin,Other,16.0,Chennai,Tamil Nadu,2023-03-19
1865,Aradhana Bhatia,Other,43.0,Kochi,Kerala,2025-10-20
1866,Lipika Natarajan,Other,17.0,Kochi,Kerala,2024-09-08
1867,Aarna Lanka,Male,41.0,Warangal,Telangana,2026-02-16
1868,Ridhi Boase,Male,42.0,Chennai,Tamil Nadu,2025-12-21
1869,Sai Ramaswamy,Female,22.0,Mangaluru,Karnataka,2026-01-10
1870,Vyanjana Chopra,Female,28.0,Jaipur,Rajasthan,2026-07-06
1871,Raagini Kamdar,Male,22.0,Coimbatore,Tamil Nadu,2024-02-01
1872,Riya Lad,Other,30.0,Bengaluru,Karnataka,2025-08-29
1873,Bakhshi Bora,Male,29.0,Lucknow,Uttar Pradesh,2023-03-30
1874,Zashil Sehgal,Female,39.0,Nagpur,Maharashtra,2024-08-06
1875,Widisha Dixit,Female,43.0,Coimbatore,Tamil Nadu,2024-11-15
1876,Baljiwan Ramakrishnan,Male,44.0,Thiruvananthapuram,Kerala,2023-08-02
1877,Max Narayan,Male,26.0,Nagpur,Maharashtra,2023-11-20
1878,Aarush Varma,Other,30.0,Pune,Maharashtra,2023-08-26
1879,Vanya Sarin,Other,16.0,Bengaluru,Karnataka,2025-06-29
1880,Ekaraj Zachariah,Female,24.0,Thiruvananthapuram,Kerala,2024-02-12
1881,Aarush Rajagopalan,Male,40.0,Hyderabad,Telangana,2024-10-29
1882,Jairaj Wason,Male,46.0,Chennai,Tamil Nadu,2025-04-24
1883,Gauri Mitter,Male,20.0,Coimbatore,Tamil Nadu,2023-05-31
1884,Christopher Chana,Female,26.0,Noida,Uttar Pradesh,2023-04-22
1885,Harini Buch,Male,31.0,Ahmedabad,Gujarat,2026-06-02
1886,Bimala Jain,Female,34.0,Lucknow,Uttar Pradesh,2025-02-03
1887,Balveer Rajagopalan,Other,24.0,New Delhi,Delhi,2024-02-02
1888,Chandani Ramakrishnan,Male,35.0,Warangal,Telangana,2024-11-18
1889,Jagrati Sur,Other,27.0,New Delhi,Delhi,2026-03-10
1890,Raksha Gupta,Male,31.0,Pune,Maharashtra,2023-08-16
1891,Balendra Hans,Female,36.0,Kanpur,Uttar Pradesh,2023-12-17
1892,William Suresh,Female,32.0,Hyderabad,Telangana,2026-05-21
1893,Dev Zachariah,Other,28.0,New Delhi,Delhi,2026-02-06
1894,Xalak Walla,Female,31.0,Chennai,Tamil Nadu,2025-12-04
1895,Amol Bansal,Other,31.0,Lucknow,Uttar Pradesh,2025-08-27
1896,Daksh Nazareth,Male,28.0,Kanpur,Uttar Pradesh,2025-05-26
1897,Nidra Dani,Female,29.0,Chennai,Tamil Nadu,2025-06-08
1898,Tara Yadav,Other,46.0,Kochi,Kerala,2023-11-02
1899,Viraj Bora,Female,37.0,Kochi,Kerala,2023-04-01
1900,Lohit Suresh,Other,29.0,Pune,Maharashtra,2025-10-29
1901,Urishilla Bath,Other,38.0,Pune,Maharashtra,2025-03-18
1902,Kalpit Atwal,Male,28.0,Noida,Uttar Pradesh,2025-07-15
1903,Chandresh Mohanty,Male,42.0,Lucknow,Uttar Pradesh,2026-02-17
1904,Tanmayi Garde,Other,35.0,Nagpur,Maharashtra,2025-04-12
1905,Hitesh Comar,Female,31.0,Chennai,Tamil Nadu,2024-08-28
1906,Thomas Bhatnagar,Male,36.0,Madurai,Tamil Nadu,2023-02-02
1907,Pooja Nazareth,Female,17.0,Noida,Uttar Pradesh,2023-11-28
1908,Ekta Dara,Other,,Noida,Uttar Pradesh,2026-04-10
1909,Ekanta Kala,Female,21.0,Pune,Maharashtra,2023-10-11
1910,Oscar Nayak,Female,33.0,Ahmedabad,Gujarat,2026-07-07
1911,Jai Mahal,Other,47.0,Noida,Uttar Pradesh,2023-01-03
1912,Ojasvi Ganguly,Other,52.0,Mysuru,Karnataka,2024-11-12
1913,Nitesh Sarna,Female,37.0,Jaipur,Rajasthan,2025-05-22
1914,Banjeet Deol,Other,36.0,Siliguri,West Bengal,2026-01-15
1915,Krisha Dugar,Other,16.0,Kochi,Kerala,2023-06-15
1916,Vidhi Buch,Other,27.0,Thiruvananthapuram,Kerala,2023-04-23
1917,Abhimanyu Gola,Male,24.0,Udaipur,Rajasthan,2023-08-16
1918,Bhanumati Saha,Female,26.0,Surat,Gujarat,2026-06-21
1919,Jonathan Jhaveri,Female,30.0,Pune,Maharashtra,2023-12-25
1920,Anika Virk,Other,27.0,Jaipur,Rajasthan,2024-02-24
1921,Nisha Khare,Male,16.0,New Delhi,Delhi,2026-01-10
1922,Baljiwan Gole,Female,38.0,Mangaluru,Karnataka,2026-04-03
1923,Gaurang Mitra,Male,22.0,Madurai,Tamil Nadu,2024-10-18
1924,Omya Agrawal,Other,34.0,Warangal,Telangana,2025-05-16
1925,Rehaan Dalal,Male,50.0,Kolkata,West Bengal,2025-02-02
1926,Janaki Zacharia,Female,23.0,Warangal,Telangana,2025-10-23
1927,Ucchal Joshi,Female,16.0,Jaipur,Rajasthan,2025-12-25
1928,Chatresh Hari,Female,29.0,Udaipur,Rajasthan,2026-06-25
1929,Manthan Som,Male,41.0,Hyderabad,Telangana,2025-07-26
1930,Patrick Dutta,Female,49.0,Bengaluru,Karnataka,2024-01-02
1931,Chatura Patla,Male,20.0,Kolkata,West Bengal,2023-12-04
1932,Shaurya Saran,Other,36.0,Kolkata,West Bengal,2023-10-31
1933,Gaurika Setty,Male,27.0,Lucknow,Uttar Pradesh,2025-12-02
1934,Hemang Ben,Female,31.0,Pune,Maharashtra,2026-01-13
1935,Nakul Balakrishnan,Female,55.0,New Delhi,Delhi,2025-05-10
1936,Yutika D’Alia,Other,18.0,Noida,Uttar Pradesh,2023-02-13
1937,Wahab Saxena,Male,34.0,Kolkata,West Bengal,2023-02-15
1938,Oni Issac,Other,36.0,Madurai,Tamil Nadu,2024-11-18
1939,Victor Choudhary,Female,41.0,Vadodara,Gujarat,2026-08-16
1940,Vedant Chaudhari,Other,32.0,Warangal,Telangana,2025-12-21
1941,Nitara Iyengar,Female,34.0,Udaipur,Rajasthan,2024-09-14
1942,Thomas Borah,Female,28.0,Kochi,Kerala,2023-12-18
1943,Vedhika Bhagat,Female,34.0,Kolkata,West Bengal,2025-01-31
1944,Maanav Kalita,Male,28.0,Kolkata,West Bengal,2024-12-24
1945,Pranav Ram,Male,37.0,Durgapur,West Bengal,2026-06-20
1946,Laban Shankar,Male,28.0,New Delhi,Delhi,2023-12-26
1947,Jagrati Madan,Male,35.0,New Delhi,Delhi,2023-08-28
1948,Gautami Datta,Other,31.0,Pune,Maharashtra,2023-09-17
1949,Darpan Mand,Female,42.0,Kanpur,Uttar Pradesh,2024-01-13
1950,Indrajit Shroff,Other,31.0,Madurai,Tamil Nadu,2023-03-13
1951,Omya Garg,Male,16.0,Warangal,Telangana,2025-02-02
1952,Thomas Merchant,Male,43.0,Noida,Uttar Pradesh,2025-12-28
1953,Onkar Karpe,Male,23.0,Kolkata,West Bengal,2025-04-08
1954,Nisha Vig,Female,26.0,Lucknow,Uttar Pradesh,2024-10-17
1955,Tarak Solanki,Other,26.0,New Delhi,Delhi,2026-01-23
1956,Arya Atwal,Other,44.0,Udaipur,Rajasthan,2024-08-28
1957,Yatin Kota,Other,16.0,Kanpur,Uttar Pradesh,2023-10-29
1958,Radha Kapadia,Female,60.0,Thiruvananthapuram,Kerala,2023-08-19
1959,Abdul Sahni,Male,41.0,Lucknow,Uttar Pradesh,2026-02-02
1960,Banjeet Singhal,Male,34.0,Mysuru,Karnataka,2025-04-02
1961,Pavani Wali,Female,31.0,Kochi,Kerala,2025-01-01
1962,Varenya Chaudhari,Male,34.0,Mysuru,Karnataka,2026-05-30
1963,Warhi Khosla,Unknown,36.0,Madurai,Tamil Nadu,2024-03-30
1964,Advik Ray,Male,37.0,Kolkata,West Bengal,2023-06-21
1965,Kevin Parmer,Other,37.0,Udaipur,Rajasthan,2023-06-28
1966,William Chana,Male,32.0,Udaipur,Rajasthan,2025-10-01
1967,Varsha Mody,Other,30.0,Hyderabad,Telangana,2025-01-09
1968,Tripti Bajwa,Other,30.0,Ahmedabad,Gujarat,2025-05-25
1969,Ubika Devi,Female,30.0,Warangal,Telangana,2023-01-25
1970,Qasim Prabhakar,Female,42.0,Durgapur,West Bengal,2024-09-22
1971,Aarav Bobal,Male,37.0,Noida,Uttar Pradesh,2024-03-17
1972,Gaurangi Wali,Female,16.0,Noida,Uttar Pradesh,2025-06-25
1973,Chaman Sandhu,Other,37.0,Kolkata,West Bengal,2025-05-18
1974,Sarthak Buch,Other,33.0,Ahmedabad,Gujarat,2026-05-09
1975,Christopher Varma,Male,31.0,Bengaluru,Karnataka,2024-09-13
1976,Charan Choudhry,Female,28.0,Noida,Uttar Pradesh,2023-05-16
1977,Jasmit Shroff,Male,42.0,Thiruvananthapuram,Kerala,2023-01-14
1978,Jasmit Peri,Female,40.0,Vadodara,Gujarat,2025-04-28
1979,Ekalinga Jayaraman,Other,25.0,New Delhi,Delhi,2026-03-09
1980,Gaurika Khare,Male,35.0,New Delhi,Delhi,2025-02-20
1981,Vanya Kadakia,Female,23.0,Siliguri,West Bengal,2023-03-28
1982,Ekani Pandit,Female,19.0,Siliguri,West Bengal,2025-10-08
1983,Yahvi Sampath,Male,26.0,Udaipur,Rajasthan,2023-02-24
1984,Chatura Bhatnagar,Female,39.0,Mumbai,Maharashtra,2024-09-06
1985,Hemani Sethi,Other,40.0,Lucknow,Uttar Pradesh,2024-08-12
1986,Yachana Vyas,Female,36.0,Ahmedabad,Gujarat,2026-08-13
1987,Upma Wali,Male,38.0,Chennai,Tamil Nadu,2024-07-21
1988,Siya Pillai,Other,36.0,Lucknow,Uttar Pradesh,2025-01-10
1989,Raghav Shankar,Other,26.0,Thiruvananthapuram,Kerala,2025-06-12
1990,Faris Raman,Other,35.0,Siliguri,West Bengal,2025-09-01
1991,Bhavya Bose,Other,39.0,Mysuru,Karnataka,2026-03-24
1992,Nitesh Majumdar,Male,38.0,Pune,Maharashtra,2026-04-06
1993,Manbir Taneja,Female,42.0,Mumbai,Maharashtra,2025-08-02
1994,Samarth Verma,Male,38.0,New Delhi,Delhi,2023-04-19
1995,Chaaya Saha,Female,35.0,Durgapur,West Bengal,2026-07-27
1996,Urvi Palan,Female,41.0,Hyderabad,Telangana,2024-08-20
1997,Sachi Bail,Other,31.0,Jaipur,Rajasthan,2024-02-01
1998,Ranbir Bhatnagar,Other,24.0,New Delhi,Delhi,2023-12-09
1999,Vincent Venkatesh,Female,30.0,Udaipur,Rajasthan,2024-09-08
2000,Nisha Oza,Other,25.0,Siliguri,West Bengal,2025-01-12
2001,Vedika Wagle,Other,25.0,Mangaluru,Karnataka,2024-12-21
2002,Tanvi Modi,Male,30.0,New Delhi,Delhi,2025-11-27
2003,Damini Garg,Female,24.0,Durgapur,West Bengal,2025-04-23
2004,Utkarsh Sule,Male,29.0,Hyderabad,Telangana,2024-03-22
2005,Bhavya Batta,Male,16.0,New Delhi,Delhi,2026-02-18
2006,Ira Mane,Female,33.0,Kochi,Kerala,2025-08-01
2007,Ojas Dyal,Male,32.0,Bengaluru,Karnataka,2023-02-05
2008,Qabil Gill,Female,24.0,Kanpur,Uttar Pradesh,2025-01-12
2009,Neel Khanna,Other,37.0,New Delhi,Delhi,2025-12-07
2010,Benjamin Nadig,Other,40.0,Hyderabad,Telangana,2024-09-15
2011,Ridhi Lad,Male,17.0,Nagpur,Maharashtra,2024-03-31
2012,Qarin Jha,Other,25.0,New Delhi,Delhi,2024-04-09
2013,Edhitha Padmanabhan,Male,25.0,Kolkata,West Bengal,2023-09-24
2014,Kashish Sen,Other,23.0,Mysuru,Karnataka,2023-08-17
2015,Charvi Dara,Female,39.0,Bengaluru,Karnataka,2025-06-02
2016,Nidhi Tata,Male,30.0,Mumbai,Maharashtra,2023-03-09
2017,Tara Nagarajan,Female,29.0,Jaipur,Rajasthan,2023-09-01
2018,Aayush Tripathi,Male,16.0,Kolkata,West Bengal,2024-09-09
2019,Chakrika Som,Male,37.0,Mumbai,Maharashtra,2026-05-17
2020,Manan Sathe,Male,20.0,Madurai,Tamil Nadu,2024-01-14
2021,Isaiah Srinivas,Male,32.0,Hyderabad,Telangana,2023-10-26
2022,Liam Dada,Female,34.0,Siliguri,West Bengal,2024-12-22
2023,Aryan Ratti,Other,44.0,New Delhi,Delhi,2026-03-13
2024,Sanaya Parikh,Other,20.0,Bengaluru,Karnataka,2023-01-29
2025,Eta Bhakta,Other,16.0,Jaipur,Rajasthan,2024-01-28
2026,Tristan Mall,Other,33.0,Kolkata,West Bengal,2023-01-09
2027,Arin Chacko,Other,48.0,Bengaluru,Karnataka,2025-08-30
2028,Gagan Vala,Female,43.0,Hyderabad,Telangana,2023-08-08
2029,Robert Swaminathan,Female,33.0,New Delhi,Delhi,2025-05-18
2030,Yasti Bhalla,Male,27.0,Madurai,Tamil Nadu,2025-04-14
2031,Mitali Divan,Male,39.0,Mysuru,Karnataka,2025-08-12
2032,Kala Raju,Male,23.0,Mangaluru,Karnataka,2025-10-12
2033,Advik Mane,Other,36.0,Warangal,Telangana,2023-03-25
2034,Indali Morar,Female,36.0,Mysuru,Karnataka,2023-08-25
2035,Gagan Kale,Female,41.0,Surat,Gujarat,2026-05-14
2036,Ojasvi Savant,Female,56.0,Siliguri,West Bengal,2024-04-07
2037,Nihal Samra,Female,35.0,Udaipur,Rajasthan,2025-05-26
2038,Liam Chadha,Female,27.0,Chennai,Tamil Nadu,2025-01-22
2039,Sarthak Mitter,Other,31.0,New Delhi,Delhi,2025-10-03
2040,Gautami Bhatti,Female,16.0,Mysuru,Karnataka,2025-12-06
2041,Gaurang Ahuja,Male,25.0,Bengaluru,Karnataka,2025-03-19
2042,Anjali Sachdeva,Other,28.0,Vadodara,Gujarat,2023-07-28
2043,Turvi Devan,Female,27.0,New Delhi,Delhi,2024-02-12
2044,Quincy Raj,Other,33.0,Hyderabad,Telangana,2025-04-07
2045,Vritti Basak,Female,24.0,Bengaluru,Karnataka,2025-10-19
2046,Daksha Tak,Other,42.0,Siliguri,West Bengal,2026-04-30
2047,Udarsh Bala,Female,32.0,Siliguri,West Bengal,2024-12-30
2048,Mitesh Lala,Other,31.0,Noida,Uttar Pradesh,2025-04-08
2049,Urmi Dash,Female,29.0,Noida,Uttar Pradesh,2023-10-29
2050,Omisha Gola,Male,33.0,Lucknow,Uttar Pradesh,2024-05-28
2051,Yash Balakrishnan,Male,39.0,Kanpur,Uttar Pradesh,2026-07-10
2052,Aradhana Tailor,Male,24.0,New Delhi,Delhi,2023-04-19
2053,Janaki Srivastava,Other,26.0,Mysuru,Karnataka,2023-02-24
2054,Aarna Soni,Other,29.0,New Delhi,Delhi,2024-10-31
2055,Kashvi Vala,Other,19.0,New Delhi,Delhi,2026-06-30
2056,Aashi Gaba,Other,24.0,Bengaluru,Karnataka,2025-11-30
2057,Madhav Nagarajan,Male,27.0,Kanpur,Uttar Pradesh,2024-08-24
2058,Krishna Parikh,Other,39.0,Kanpur,Uttar Pradesh,2024-06-19
2059,Chatresh Mahajan,Other,34.0,Udaipur,Rajasthan,2026-01-24
2060,Oni Parekh,Female,33.0,Mumbai,Maharashtra,2023-09-01
2061,Bimala Manne,Female,39.0,Surat,Gujarat,2025-02-09
2062,Yoshita Hari,Male,30.0,Kanpur,Uttar Pradesh,2023-03-09
2063,Girindra Ganesh,Other,35.0,New Delhi,Delhi,2023-12-03
2064,Diya Mitra,Male,31.0,Kanpur,Uttar Pradesh,2024-10-01
2065,Janani Char,Male,34.0,Surat,Gujarat,2026-03-11
2066,Maanas Arya,Other,26.0,Noida,Uttar Pradesh,2026-01-09
2067,Zarna Manda,Female,16.0,Thiruvananthapuram,Kerala,2026-02-25
2068,Vedhika Sabharwal,Female,30.0,New Delhi,Delhi,2024-06-23
2069,Nicholas Chaudry,Female,44.0,Noida,Uttar Pradesh,2026-06-17
2070,Mohammed Thakur,Female,40.0,Warangal,Telangana,2023-05-06
2071,Raghav Vora,Male,40.0,Nagpur,Maharashtra,2023-09-20
2072,Omisha Sharma,Other,43.0,Warangal,Telangana,2026-04-10
2073,Jackson Deep,Female,32.0,Nagpur,Maharashtra,2025-02-18
2074,Varsha Pall,Female,33.0,Mysuru,Karnataka,2025-01-01
2075,Janani Dewan,Male,26.0,Surat,Gujarat,2024-05-15
2076,Hema Gera,Other,29.0,Chennai,Tamil Nadu,2024-10-01
2077,Ayush Dani,Other,37.0,Kochi,Kerala,2023-05-15
2078,Kabir Dhar,Female,42.0,Kolkata,West Bengal,2023-12-14
2079,Damyanti Dass,Female,30.0,Nagpur,Maharashtra,2023-03-18
2080,Kalpit Brar,Female,27.0,Noida,Uttar Pradesh,2026-03-09
2081,Isaac Brahmbhatt,Female,32.0,Udaipur,Rajasthan,2023-02-11
2082,Veda Sankar,Male,37.0,Noida,Uttar Pradesh,2024-10-10
2083,Ronith Chokshi,Female,19.0,Vadodara,Gujarat,2024-10-22
2084,Yochana Bhargava,Female,16.0,Kochi,Kerala,2023-07-24
2085,Jagat Kulkarni,Female,27.0,Coimbatore,Tamil Nadu,2025-10-26
2086,Dominic Mitra,Other,21.0,Hyderabad,Telangana,2024-09-05
2087,Gopal Dasgupta,Male,27.0,Warangal,Telangana,2025-10-14
2088,Ryan Goyal,Male,30.0,Mangaluru,Karnataka,2024-08-11
2089,Ayush Chana,Female,27.0,Kolkata,West Bengal,2026-03-20
2090,Arunima Pall,Other,45.0,Ahmedabad,Gujarat,2023-07-08
2091,Naveen Tella,Other,34.0,Kochi,Kerala,2024-11-20
2092,Yashasvi Bir,Other,34.0,Kolkata,West Bengal,2025-12-23
2093,Akshay Wadhwa,Male,37.0,Kanpur,Uttar Pradesh,2024-12-12
2094,Rehaan Manda,Female,21.0,Mangaluru,Karnataka,2025-10-30
2095,Aayush Chaudhary,Other,41.0,Durgapur,West Bengal,2026-01-10
2096,Yamini Soman,Female,31.0,Hyderabad,Telangana,2025-04-03
2097,Qasim Sarraf,Other,38.0,Siliguri,West Bengal,2025-07-17
2098,Pratyush Pant,Male,22.0,Jaipur,Rajasthan,2026-07-09
2099,Panini Kala,Other,18.0,Jaipur,Rajasthan,2025-10-19
2100,Nikita Chowdhury,Unknown,39.0,Madurai,Tamil Nadu,2025-08-15
2101,Jatin Shukla,Other,35.0,Siliguri,West Bengal,2026-06-12
2102,Zinal Deshpande,Other,23.0,Vadodara,Gujarat,2026-07-07
2103,Jalsa Mani,Male,24.0,Nagpur,Maharashtra,2025-01-16
2104,Fitan Narang,Male,42.0,Lucknow,Uttar Pradesh,2023-11-05
2105,Jack Rajan,Female,21.0,Durgapur,West Bengal,2024-10-14
2106,Tanmayi Muni,Male,46.0,Mangaluru,Karnataka,2025-04-24
2107,Upkaar Reddy,Other,23.0,Durgapur,West Bengal,2023-11-25
2108,Priya Gulati,Other,37.0,Siliguri,West Bengal,2024-04-28
2109,Vamakshi Pillai,Male,29.0,Ahmedabad,Gujarat,2023-11-04
2110,Agastya Swamy,Male,37.0,Chennai,Tamil Nadu,2024-09-27
2111,Meghana Sarma,Other,27.0,Kanpur,Uttar Pradesh,2025-06-12
2112,Jagdish Dhar,Male,30.0,Vadodara,Gujarat,2024-02-18
2113,Nandini Chaudry,Male,32.0,New Delhi,Delhi,2023-03-01
2114,Dhruv Patla,Other,22.0,Durgapur,West Bengal,2026-02-01
2115,Hamsini Iyer,Other,38.0,New Delhi,Delhi,2025-09-22
2116,Jason Kaul,Male,27.0,Mumbai,Maharashtra,2024-10-04
2117,Xalak Mallick,Male,29.0,Thiruvananthapuram,Kerala,2025-04-13
2118,Mugdha Parekh,Female,23.0,Hyderabad,Telangana,2023-10-15
2119,Nidhi Sundaram,Other,16.0,Chennai,Tamil Nadu,2025-10-21
2120,Manan Sha,Other,30.0,Mangaluru,Karnataka,2026-04-03
2121,Jason Krishna,Female,53.0,Udaipur,Rajasthan,2023-07-04
2122,Widisha Kashyap,Male,39.0,Madurai,Tamil Nadu,2024-10-03
2123,Ayushman Chaudhary,Other,31.0,Warangal,Telangana,2024-04-28
2124,Ekansh Tara,Male,29.0,Ahmedabad,Gujarat,2023-08-07
2125,Praneel Raja,Female,32.0,New Delhi,Delhi,2025-06-19
2126,Michael Mitter,Other,36.0,Surat,Gujarat,2023-04-25
2127,Faraj Venkatesh,Female,21.0,Noida,Uttar Pradesh,2023-08-20
2128,Unnati Jaggi,Female,42.0,Warangal,Telangana,2024-05-19
2129,Widisha Swaminathan,Female,38.0,Kolkata,West Bengal,2025-08-31
2130,Hemal Zachariah,Male,38.0,Warangal,Telangana,2026-08-14
2131,Azad Sani,Other,35.0,Kochi,Kerala,2023-04-22
2132,Leela Sengupta,Other,32.0,Coimbatore,Tamil Nadu,2025-02-26
2133,Krisha Savant,Other,38.0,Siliguri,West Bengal,2025-01-13
2134,Balendra Bali,Male,37.0,Mangaluru,Karnataka,2025-06-25
2135,Chavvi Gala,Female,28.0,Ahmedabad,Gujarat,2024-06-07
2136,Raagini Desai,Male,26.0,Kolkata,West Bengal,2024-09-01
2137,Lopa Sura,Female,32.0,Chennai,Tamil Nadu,2026-07-17
2138,Vritti Zacharia,Male,45.0,Warangal,Telangana,2024-07-15
2139,Vamakshi Dugar,Female,,Mysuru,Karnataka,2025-04-25
2140,Mahika Lall,Male,18.0,Warangal,Telangana,2023-11-25
2141,Krishna Pandit,Male,33.0,Siliguri,West Bengal,2024-12-21
2142,Ekani Bhat,Other,32.0,Vadodara,Gujarat,2026-01-26
2143,Chakradev Dave,Other,33.0,Warangal,Telangana,2023-02-26
2144,Ikshita Bala,Other,34.0,Nagpur,Maharashtra,2024-01-12
2145,Lajita Chatterjee,Male,29.0,Noida,Uttar Pradesh,2023-01-07
2146,Hemani Parikh,Other,45.0,Ahmedabad,Gujarat,2024-09-17
2147,Indali Bhalla,Male,17.0,Hyderabad,Telangana,2023-11-20
2148,Yug Keer,Other,24.0,Madurai,Tamil Nadu,2026-08-22
2149,Frado Bhatti,Female,31.0,New Delhi,Delhi,2025-07-13
2150,Ishwar Nazareth,Male,17.0,Noida,Uttar Pradesh,2024-06-17
2151,Anmol Yohannan,Female,30.0,New Delhi,Delhi,2024-02-11
2152,Baljiwan Sharma,Female,46.0,Mysuru,Karnataka,2024-01-08
2153,Yutika Sama,Other,32.0,Surat,Gujarat,2024-04-04
2154,Anmol Singh,Other,34.0,Mumbai,Maharashtra,2026-08-18
2155,Edhitha Purohit,Male,20.0,Kochi,Kerala,2025-08-05
2156,Ekantika Chaudhari,Other,26.0,Coimbatore,Tamil Nadu,2023-12-12
2157,Harish Jha,Other,28.0,Pune,Maharashtra,2025-05-28
2158,Watika Thakkar,Male,29.0,Thiruvananthapuram,Kerala,2023-07-02
2159,Ojas Mistry,Other,43.0,Hyderabad,Telangana,2023-08-29
2160,Rajata Jaggi,Other,37.0,Nagpur,Maharashtra,2025-06-10
2161,Faqid Wason,Female,21.0,Noida,Uttar Pradesh,2023-08-31
2162,Bhavna Lanka,Male,34.0,Madurai,Tamil Nadu,2024-01-26
2163,Chameli Ratti,Other,36.0,Durgapur,West Bengal,2025-10-09
2164,George Chandran,Female,42.0,Ahmedabad,Gujarat,2024-02-28
2165,Anjali Bhavsar,Female,46.0,Kochi,Kerala,2024-01-23
2166,Prisha Kadakia,Female,22.0,Ahmedabad,Gujarat,2023-10-26
2167,Faraj Mittal,Female,24.0,Pune,Maharashtra,2024-04-27
2168,Rachita Zacharia,Male,20.0,Thiruvananthapuram,Kerala,2025-01-27
2169,Ryan Sachdeva,Male,29.0,Thiruvananthapuram,Kerala,2023-01-22
2170,Zayan Varma,Female,36.0,Lucknow,Uttar Pradesh,2025-03-25
2171,Pranit Bahl,Female,40.0,Madurai,Tamil Nadu,2025-05-16
2172,Xalak Kala,Male,31.0,Thiruvananthapuram,Kerala,2023-07-15
2173,Amrita Walia,Male,29.0,Jaipur,Rajasthan,2024-11-12
2174,Darpan Vig,Female,33.0,Coimbatore,Tamil Nadu,2026-05-26
2175,Janya Shere,Male,24.0,Kochi,Kerala,2024-06-03
2176,Wridesh Dora,Female,50.0,Udaipur,Rajasthan,2025-03-19
2177,Radhika Roy,Other,17.0,Hyderabad,Telangana,2023-03-26
2178,Devansh Jani,Female,33.0,Kochi,Kerala,2023-12-14
2179,Amara Mangat,Female,50.0,Udaipur,Rajasthan,2025-08-16
2180,Aahana Keer,Female,32.0,New Delhi,Delhi,2025-12-22
2181,William Comar,Female,30.0,Ahmedabad,Gujarat,2023-08-28
2182,Rehaan Bala,Male,28.0,Hyderabad,Telangana,2025-10-19
2183,Dayita Shetty,Female,30.0,Siliguri,West Bengal,2025-05-30
2184,Rajata Sami,Other,44.0,Durgapur,West Bengal,2024-06-24
2185,Saksham Dutta,Female,16.0,Udaipur,Rajasthan,2023-12-04
2186,Laban Balakrishnan,Male,45.0,Warangal,Telangana,2026-02-12
2187,Arunima Goda,Male,19.0,Lucknow,Uttar Pradesh,2023-11-01
2188,Vedika Bahri,Male,29.0,Mumbai,Maharashtra,2023-03-15
2189,Fiyaz Murthy,Male,28.0,Kanpur,Uttar Pradesh,2025-08-14
2190,Devansh Ray,Female,37.0,Ahmedabad,Gujarat,2023-03-25
2191,Gautam Ranganathan,Other,17.0,Kanpur,Uttar Pradesh,2026-02-22
2192,Warinder Choudhury,Female,36.0,Kanpur,Uttar Pradesh,2023-08-19
2193,Zayan Taneja,Female,50.0,New Delhi,Delhi,2023-07-11
2194,Wazir Das,Male,19.0,Coimbatore,Tamil Nadu,2023-12-11
2195,Forum Ramakrishnan,Other,33.0,Udaipur,Rajasthan,2026-04-14
2196,Pallavi Kamdar,Male,26.0,Madurai,Tamil Nadu,2025-12-13
2197,Hredhaan Gill,Female,35.0,Kochi,Kerala,2023-06-07
2198,Anvi Sarraf,Other,32.0,Coimbatore,Tamil Nadu,2023-07-13
2199,Aachal Bhalla,Female,26.0,Hyderabad,Telangana,2023-09-07
2200,Kavya Chowdhury,Other,36.0,Surat,Gujarat,2023-08-06
2201,Pallavi Soman,Male,48.0,Hyderabad,Telangana,2023-06-16
2202,Arunima Dhillon,Other,30.0,Noida,Uttar Pradesh,2025-09-09
2203,Vaishnavi Pillai,Female,38.0,Noida,Uttar Pradesh,2026-05-01
2204,Ansh Banerjee,Male,20.0,Pune,Maharashtra,2026-06-28
2205,Wriddhish Kulkarni,Other,23.0,Kanpur,Uttar Pradesh,2026-03-11
2206,Dayamai Patil,Male,36.0,New Delhi,Delhi,2026-08-11
2207,Warjas Savant,Male,45.0,Durgapur,West Bengal,2023-05-25
2208,Abhiram Ramaswamy,Male,35.0,Udaipur,Rajasthan,2025-03-27
2209,Charvi Chana,Male,29.0,Kolkata,West Bengal,2025-03-27
2210,Chameli Kade,Male,31.0,Bengaluru,Karnataka,2023-11-30
2211,Reva Nadig,Female,20.0,Surat,Gujarat,2026-08-18
2212,Bahadurjit Mahal,Female,37.0,New Delhi,Delhi,2025-10-02
2213,Vyanjana Sinha,Female,39.0,Vadodara,Gujarat,2026-05-20
2214,Gaurangi Sami,Other,27.0,New Delhi,Delhi,2023-07-16
2215,Naveen Lal,Female,27.0,Hyderabad,Telangana,2025-07-01
2216,Indira Salvi,Female,,Surat,Gujarat,2026-02-27
2217,Sudiksha Bala,Male,28.0,Thiruvananthapuram,Kerala,2025-05-15
2218,Qarin Sawhney,Female,31.0,Hyderabad,Telangana,2026-07-15
2219,Aarush Rattan,Male,50.0,Ahmedabad,Gujarat,2025-11-17
2220,Dalaja Murthy,Other,29.0,Warangal,Telangana,2024-04-04
2221,Indrajit Dugar,Other,28.0,New Delhi,Delhi,2026-07-13
2222,Zaitra De,Female,26.0,Jaipur,Rajasthan,2025-08-16
2223,Ekaja Seth,Female,38.0,Ahmedabad,Gujarat,2024-09-07
2224,Kiaan Lad,Other,30.0,New Delhi,Delhi,2024-09-07
2225,Falak Manda,Female,26.0,Madurai,Tamil Nadu,2024-08-28
2226,Frado Sachdeva,Other,43.0,Kochi,Kerala,2023-06-06
2227,Qabil Ramaswamy,Male,44.0,Nagpur,Maharashtra,2025-11-11
2228,Udarsh Bail,Male,26.0,Surat,Gujarat,2025-08-09
2229,Veer Chakraborty,Female,16.0,Thiruvananthapuram,Kerala,2024-06-05
2230,Rushil Lala,Other,41.0,Kochi,Kerala,2023-02-03
2231,Chandran Rattan,Other,25.0,Mangaluru,Karnataka,2025-08-05
2232,Abha Dixit,Female,39.0,New Delhi,Delhi,2023-04-03
2233,Jhalak Garde,Other,16.0,Mysuru,Karnataka,2024-09-01
2234,Akshay Vora,Other,40.0,Warangal,Telangana,2025-07-10
2235,Sudiksha Talwar,Female,21.0,Thiruvananthapuram,Kerala,2024-01-19
2236,Udarsh Jani,Male,38.0,Chennai,Tamil Nadu,2026-05-22
2237,Amaira Mani,Male,32.0,Siliguri,West Bengal,2025-06-07
2238,Lavanya De,Male,23.0,Jaipur,Rajasthan,2025-03-19
2239,Samuel Kale,Male,28.0,Bengaluru,Karnataka,2025-09-04
2240,Ranbir Sahota,Female,38.0,Noida,Uttar Pradesh,2026-05-17
2241,Nilima Dhingra,Other,32.0,Kanpur,Uttar Pradesh,2026-06-17
2242,Bina Lala,Female,37.0,Warangal,Telangana,2023-06-29
2243,Shravya Kothari,Male,49.0,New Delhi,Delhi,2024-01-26
2244,Tara Chada,Other,17.0,Bengaluru,Karnataka,2024-01-21
2245,Upasna Deol,Female,46.0,Mumbai,Maharashtra,2026-08-21
2246,Mitali Kala,Female,32.0,New Delhi,Delhi,2026-07-06
2247,Pallavi Kunda,Male,23.0,Jaipur,Rajasthan,2024-09-08
2248,Girish Bhargava,Female,20.0,Lucknow,Uttar Pradesh,2025-05-14
2249,Gaurangi Keer,Male,30.0,Mumbai,Maharashtra,2023-11-09
2250,Irya Bath,Female,40.0,Kanpur,Uttar Pradesh,2023-02-10
2251,Zehaan Thaman,Male,30.0,Noida,Uttar Pradesh,2024-02-17
2252,Chasmum Rana,Female,45.0,Siliguri,West Bengal,2023-04-15
2253,Kevin Barman,Male,18.0,Hyderabad,Telangana,2026-07-15
2254,Abha Gara,Female,31.0,Surat,Gujarat,2026-03-31
2255,Harinakshi Sidhu,Male,20.0,Thiruvananthapuram,Kerala,2025-09-25
2256,Gaurav Nadig,Other,35.0,Surat,Gujarat,2026-04-25
2257,Lucky Lad,Male,39.0,Thiruvananthapuram,Kerala,2023-05-05
2258,Dhriti Basu,Female,28.0,Jaipur,Rajasthan,2026-03-26
2259,Xalak Mand,Female,16.0,Hyderabad,Telangana,2026-08-20
2260,Qushi Mandal,Male,33.0,Surat,Gujarat,2025-10-10
2261,Aishani Varughese,Female,35.0,Thiruvananthapuram,Kerala,2025-06-12
2262,Rajata Gala,Female,35.0,Mumbai,Maharashtra,2024-01-29
2263,Vyanjana Dora,Female,43.0,Kanpur,Uttar Pradesh,2024-04-20
2264,Chatresh Gulati,Other,22.0,Jaipur,Rajasthan,2024-11-25
2265,Chatura Karpe,Male,38.0,Thiruvananthapuram,Kerala,2024-08-23
2266,Balendra Singhal,Other,42.0,Surat,Gujarat,2026-08-29
2267,Nihal Sibal,Male,16.0,Warangal,Telangana,2026-06-27
2268,Jack Talwar,Other,34.0,Coimbatore,Tamil Nadu,2023-06-26
2269,Riya Parikh,Male,27.0,Lucknow,Uttar Pradesh,2024-02-13
2270,Tanvi Tailor,Male,31.0,New Delhi,Delhi,2025-05-01
2271,Manbir Dasgupta,Male,35.0,Kanpur,Uttar Pradesh,2024-03-04
2272,Girik Jani,Male,27.0,Jaipur,Rajasthan,2025-01-04
2273,Pranit Ganguly,Other,25.0,Durgapur,West Bengal,2023-11-21
2274,Simon Agrawal,Male,32.0,New Delhi,Delhi,2024-11-22
2275,Omaja Bose,Other,22.0,Ahmedabad,Gujarat,2024-04-09
2276,Wishi Chandra,Male,22.0,Mangaluru,Karnataka,2025-09-23
2277,Atharv Mane,Female,38.0,Durgapur,West Bengal,2023-04-06
2278,Meera Prakash,Male,21.0,Udaipur,Rajasthan,2025-11-21
2279,Ekiya Dube,Other,37.0,Kochi,Kerala,2023-04-14
2280,Finn Sharma,Male,36.0,Kanpur,Uttar Pradesh,2023-08-05
2281,Sudiksha Luthra,Other,16.0,Kochi,Kerala,2023-03-27
2282,Forum Bassi,Male,25.0,Jaipur,Rajasthan,2026-07-14
2283,Ekta Dayal,Female,42.0,Bengaluru,Karnataka,2023-11-18
2284,Chanakya Mandal,Female,23.0,Siliguri,West Bengal,2025-11-02
2285,Christopher Bobal,Male,27.0,Noida,Uttar Pradesh,2023-11-12
2286,George Rastogi,Male,36.0,Warangal,Telangana,2023-09-09
2287,Pranav Khatri,Female,39.0,Coimbatore,Tamil Nadu,2023-01-14
2288,Gaurav Bail,Female,29.0,Coimbatore,Tamil Nadu,2024-08-10
2289,Nicholas Rama,Male,26.0,Jaipur,Rajasthan,2024-06-28
2290,Bhavani Dube,Female,44.0,Warangal,Telangana,2026-07-13
2291,Chanchal Swaminathan,Other,47.0,Chennai,Tamil Nadu,2025-05-13
2292,Dayita Deep,Female,40.0,Chennai,Tamil Nadu,2025-04-26
2293,Gopal Pillai,Other,32.0,Surat,Gujarat,2025-01-10
2294,Vrishti Sehgal,Male,24.0,Pune,Maharashtra,2023-01-21
2295,Vamakshi Loyal,Male,24.0,Jaipur,Rajasthan,2024-11-23
2296,Gautam Sami,Male,36.0,Warangal,Telangana,2025-06-07
2297,Quincy Saraf,Male,35.0,Pune,Maharashtra,2026-08-06
2298,Girik Baria,Other,44.0,New Delhi,Delhi,2025-11-30
2299,Ubika Kapur,Female,37.0,Durgapur,West Bengal,2026-02-07
2300,Warhi Vyas,Other,18.0,Siliguri,West Bengal,2024-10-04
2301,Bina Sidhu,Female,41.0,Hyderabad,Telangana,2025-12-16
2302,Fariq Sridhar,Other,23.0,Kochi,Kerala,2025-04-07
2303,Manthan Datta,Male,28.0,Noida,Uttar Pradesh,2026-01-19
2304,Yuvraj Virk,Other,34.0,Thiruvananthapuram,Kerala,2024-12-08
2305,Chakrika Batta,Female,49.0,Ahmedabad,Gujarat,2023-06-22
2306,Chakradev Varghese,Female,59.0,Nagpur,Maharashtra,2025-03-09
2307,Yashvi Sandal,Male,37.0,New Delhi,Delhi,2023-07-10
2308,Girindra Shetty,Other,30.0,Udaipur,Rajasthan,2024-11-28
2309,Isha Kumar,Male,36.0,New Delhi,Delhi,2026-01-10
2310,Yahvi Babu,Male,39.0,Thiruvananthapuram,Kerala,2024-09-14
2311,Turvi Gola,Male,29.0,Vadodara,Gujarat,2023-05-03
2312,Maya Bath,Other,48.0,Warangal,Telangana,2025-11-05
2313,Omaja Mishra,Male,34.0,Hyderabad,Telangana,2026-08-26
2314,Suhani Sengupta,Female,36.0,Mysuru,Karnataka,2026-03-18
2315,Harita Grover,Female,37.0,Pune,Maharashtra,2024-04-28
2316,Qasim Brar,Female,35.0,Kochi,Kerala,2024-09-04
2317,Hitesh Saraf,Other,39.0,Siliguri,West Bengal,2026-03-19
2318,Abdul Rana,Other,26.0,New Delhi,Delhi,2024-05-22
2319,Agastya Garg,Other,26.0,Mysuru,Karnataka,2026-04-07
2320,Triveni Ravel,Female,22.0,Coimbatore,Tamil Nadu,2023-07-20
2321,Chavvi Patel,Female,35.0,New Delhi,Delhi,2023-06-17
2322,Chasmum Chahal,Female,39.0,Bengaluru,Karnataka,2023-09-24
2323,Krishna Atwal,Female,36.0,Lucknow,Uttar Pradesh,2023-06-09
2324,Isaac Babu,Other,47.0,Warangal,Telangana,2026-02-18
2325,Avi Kadakia,Female,31.0,Udaipur,Rajasthan,2026-04-11
2326,Maanav Khurana,Female,38.0,Noida,Uttar Pradesh,2025-06-20
2327,Rayaan Chadha,Female,22.0,Noida,Uttar Pradesh,2023-11-30
2328,Ubika Divan,Female,28.0,New Delhi,Delhi,2025-07-26
2329,Pahal Bains,Other,38.0,New Delhi,Delhi,2024-03-11
2330,Ojas Dua,Male,39.0,Kanpur,Uttar Pradesh,2023-11-18
2331,Vedhika Sinha,Male,29.0,Udaipur,Rajasthan,2026-05-17
2332,Shivani Kibe,Male,31.0,Ahmedabad,Gujarat,2025-01-26
2333,Chaitaly Ramanathan,Male,18.0,Thiruvananthapuram,Kerala,2025-12-06
2334,Gauri Anand,Female,28.0,New Delhi,Delhi,2024-09-16
2335,Rachana Sagar,Female,40.0,Warangal,Telangana,2025-09-22
2336,Bina Bansal,Male,37.0,Mumbai,Maharashtra,2026-04-22
2337,Mugdha Sunder,Female,36.0,Ahmedabad,Gujarat,2024-08-03
2338,Vincent Bhat,Other,32.0,Chennai,Tamil Nadu,2025-09-28
2339,Pahal Mutti,Other,32.0,Mumbai,Maharashtra,2024-12-15
2340,Amrita Sahni,Female,26.0,Bengaluru,Karnataka,2025-09-12
2341,Jackson Talwar,Other,38.0,Thiruvananthapuram,Kerala,2025-07-15
2342,Saumya Sarin,Female,35.0,Warangal,Telangana,2026-05-25
2343,Neel Mani,Other,36.0,New Delhi,Delhi,2026-07-27
2344,Upasna Padmanabhan,Other,27.0,Kanpur,Uttar Pradesh,2025-07-08
2345,Vincent Tripathi,Male,16.0,New Delhi,Delhi,2026-07-03
2346,Harinakshi Sidhu,Female,41.0,Thiruvananthapuram,Kerala,2024-04-21
2347,Chaaya Ramakrishnan,Other,27.0,Surat,Gujarat,2023-04-04
2348,Jagvi Sodhi,Female,24.0,Noida,Uttar Pradesh,2026-08-15
2349,Sarthak Mandal,Other,38.0,Bengaluru,Karnataka,2023-02-20
2350,Vasudha Dayal,Other,28.0,Thiruvananthapuram,Kerala,2026-08-14
2351,Ryan Dugar,Other,41.0,Mangaluru,Karnataka,2023-06-24
2352,Harrison Sagar,Other,37.0,Madurai,Tamil Nadu,2026-03-27
2353,Chavvi Keer,Other,38.0,Nagpur,Maharashtra,2024-01-23
2354,Champak Badami,Male,19.0,Noida,Uttar Pradesh,2023-09-04
2355,Advika Parikh,Male,42.0,Jaipur,Rajasthan,2024-07-17
2356,Owen Thakur,Other,34.0,Chennai,Tamil Nadu,2026-04-01
2357,Devansh Nazareth,Other,28.0,Lucknow,Uttar Pradesh,2026-05-27
2358,Ishaan Karan,Other,33.0,Warangal,Telangana,2023-04-03
2359,Udarsh Sur,Female,16.0,Lucknow,Uttar Pradesh,2025-06-14
2360,Harini Pant,Male,35.0,New Delhi,Delhi,2025-12-17
2361,Amara Dora,Female,22.0,Warangal,Telangana,2023-07-06
2362,Chandresh Sarma,Other,19.0,Bengaluru,Karnataka,2023-12-11
2363,Indrajit Cherian,Male,18.0,Kolkata,West Bengal,2024-06-07
2364,Benjamin Tripathi,Female,42.0,Bengaluru,Karnataka,2025-04-14
2365,Oliver Dalal,Other,26.0,New Delhi,Delhi,2024-10-28
2366,Janaki Dugar,Other,45.0,New Delhi,Delhi,2023-04-30
2367,Riya Toor,Male,27.0,Durgapur,West Bengal,2024-10-17
2368,Hardik Dube,Female,16.0,New Delhi,Delhi,2024-06-12
2369,Gaurika Devi,Male,21.0,Ahmedabad,Gujarat,2024-02-19
2370,Saksham Sarna,Other,43.0,Madurai,Tamil Nadu,2024-04-29
2371,Abeer Korpal,Other,30.0,Noida,Uttar Pradesh,2025-02-27
2372,Harita Mangat,Male,27.0,Mysuru,Karnataka,2024-10-13
2373,Frederick Lata,Female,33.0,Noida,Uttar Pradesh,2023-05-15
2374,Oeshi Patel,Female,36.0,Lucknow,Uttar Pradesh,2026-07-21
2375,Max Wagle,Female,42.0,Chennai,Tamil Nadu,2026-02-08
2376,Vedant Devi,Male,45.0,Kochi,Kerala,2026-02-10
2377,Odika Rout,Other,28.0,New Delhi,Delhi,2025-04-13
2378,Zaitra Pathak,Other,,Lucknow,Uttar Pradesh,2025-10-21
2379,Saanvi Dhingra,Female,28.0,Chennai,Tamil Nadu,2026-01-11
2380,Zansi Boase,Other,34.0,New Delhi,Delhi,2025-05-17
2381,Hamsini Murty,Male,23.0,Udaipur,Rajasthan,2023-01-03
2382,Nitesh Saraf,Female,23.0,Noida,Uttar Pradesh,2026-08-30
2383,Maya Bansal,Male,35.0,New Delhi,Delhi,2025-09-14
2384,Dalbir Venkatesh,Female,31.0,Siliguri,West Bengal,2025-02-17
2385,Oni Ratti,Other,32.0,Hyderabad,Telangana,2025-11-11
2386,Dipta Padmanabhan,Male,25.0,Kolkata,West Bengal,2025-12-29
2387,Ati Wable,Female,29.0,Kochi,Kerala,2023-07-03
2388,Netra Sehgal,Male,23.0,Vadodara,Gujarat,2023-10-14
2389,Riya Pai,Female,40.0,Udaipur,Rajasthan,2024-03-07
2390,Rudra Mitra,Other,41.0,Thiruvananthapuram,Kerala,2024-12-02
2391,Balhaar Yogi,Female,16.0,Siliguri,West Bengal,2024-07-13
2392,Madhavi Date,Female,23.0,Madurai,Tamil Nadu,2024-11-30
2393,Tanay Chander,Other,18.0,Coimbatore,Tamil Nadu,2024-11-03
2394,Harini Dutta,Male,26.0,Nagpur,Maharashtra,2026-08-16
2395,Ayaan Zacharia,Female,31.0,Nagpur,Maharashtra,2023-01-09
2396,Wyatt Modi,Male,18.0,Nagpur,Maharashtra,2025-04-26
2397,Yashasvi Choudhry,Female,23.0,Udaipur,Rajasthan,2026-01-07
2398,Kashish Lad,Other,22.0,Mangaluru,Karnataka,2023-06-08
2399,Jatin Batta,Other,33.0,Jaipur,Rajasthan,2025-06-30
2400,Saumya Misra,Female,32.0,Mysuru,Karnataka,2026-05-16
2401,Sudiksha Nori,Male,25.0,Warangal,Telangana,2023-01-18
2402,Vivaan Palla,Female,33.0,Mysuru,Karnataka,2024-01-31
2403,Bhavani Dey,Male,27.0,Lucknow,Uttar Pradesh,2023-02-10
2404,Zinal Kota,Other,29.0,Siliguri,West Bengal,2025-01-02
2405,Falak Varty,Other,47.0,Chennai,Tamil Nadu,2026-07-04
2406,Jalsa Sha,Male,44.0,Siliguri,West Bengal,2024-04-24
2407,Manan Sandal,Male,20.0,Kanpur,Uttar Pradesh,2024-07-28
2408,Finn Chanda,Other,39.0,Noida,Uttar Pradesh,2026-05-26
2409,Pavani De,Male,39.0,Chennai,Tamil Nadu,2026-07-31
2410,Tanish Sehgal,Female,21.0,Ahmedabad,Gujarat,2026-03-11
2411,Kala Vora,Male,39.0,Udaipur,Rajasthan,2026-02-04
2412,Zilmil Rana,Other,45.0,Madurai,Tamil Nadu,2026-03-04
2413,Wishi Sampath,Male,21.0,Kochi,Kerala,2026-04-19
2414,Vrishti Saha,Unknown,23.0,New Delhi,Delhi,2024-06-15
2415,Maanas Tiwari,Other,41.0,Kochi,Kerala,2024-07-15
2416,Vedhika Shankar,Male,34.0,Madurai,Tamil Nadu,2025-12-27
2417,Yochana Wadhwa,Other,36.0,Thiruvananthapuram,Kerala,2026-02-21
2418,Simon Shah,Female,35.0,Lucknow,Uttar Pradesh,2026-08-05
2419,Bachittar Dugar,Female,35.0,Pune,Maharashtra,2025-04-13
2420,Jagat Rege,Other,20.0,Kolkata,West Bengal,2025-11-27
2421,Jai Pingle,Female,41.0,Kanpur,Uttar Pradesh,2025-11-25
2422,Banjeet Virk,Male,42.0,Nagpur,Maharashtra,2023-04-07
2423,Jacob Prabhu,Other,29.0,Durgapur,West Bengal,2025-07-08
2424,Kavya Mitter,Female,31.0,Hyderabad,Telangana,2024-02-03
2425,Vedika Bala,Other,18.0,Hyderabad,Telangana,2023-02-21
2426,Lucky Sama,Female,36.0,Madurai,Tamil Nadu,2023-06-02
2427,Dalaja Mander,Male,37.0,Chennai,Tamil Nadu,2024-11-05
2428,Qadim Suresh,Other,31.0,Kolkata,West Bengal,2026-07-04
2429,Jason Palla,Female,42.0,Bengaluru,Karnataka,2025-06-03
2430,Chaitanya Sahni,Other,28.0,Nagpur,Maharashtra,2024-11-15
2431,Dayita Sethi,Male,37.0,Kolkata,West Bengal,2025-08-27
2432,Krishna Soman,Male,22.0,Coimbatore,Tamil Nadu,2024-11-14
2433,Lakshit Thaman,Male,31.0,Jaipur,Rajasthan,2026-05-13
2434,Shivani Sen,Male,30.0,Thiruvananthapuram,Kerala,2026-07-04
2435,Eshana Chakraborty,Male,34.0,Noida,Uttar Pradesh,2023-06-25
2436,Lila Kaul,Female,28.0,Mumbai,Maharashtra,2024-10-03
2437,Harinakshi Zachariah,Male,30.0,Bengaluru,Karnataka,2025-06-24
2438,Saanvi Mall,Other,39.0,Pune,Maharashtra,2026-07-06
2439,Noah Bakshi,Male,28.0,Ahmedabad,Gujarat,2023-04-25
2440,Jatin Chada,Female,17.0,Jaipur,Rajasthan,2025-02-20
2441,Chatresh Vig,Other,47.0,Ahmedabad,Gujarat,2025-04-21
2442,Vamakshi Thakkar,Other,44.0,Madurai,Tamil Nadu,2026-07-01
2443,Jai Wali,Female,20.0,Pune,Maharashtra,2025-08-08
2444,Anirudh Maharaj,Other,38.0,Vadodara,Gujarat,2023-07-27
2445,Yatan Sawhney,Female,27.0,Hyderabad,Telangana,2025-11-25
2446,Ekani Ratti,Male,34.0,Hyderabad,Telangana,2023-07-30
2447,Vyanjana Bajaj,Other,34.0,Nagpur,Maharashtra,2023-05-19
2448,Rajeshri Gole,Other,29.0,Kochi,Kerala,2023-09-16
2449,Arjun Wable,Female,24.0,Udaipur,Rajasthan,2025-05-12
2450,Lavanya Kurian,Other,25.0,Noida,Uttar Pradesh,2025-06-29
2451,Ishwar Chaudhary,Male,23.0,New Delhi,Delhi,2023-04-01
2452,Bhavika Dhawan,Female,,Mumbai,Maharashtra,2026-04-12
2453,Aadhya Chakraborty,Other,31.0,Vadodara,Gujarat,2025-01-02
2454,Damyanti Reddy,Other,25.0,Siliguri,West Bengal,2023-10-26
2455,Daniel Nanda,Female,38.0,New Delhi,Delhi,2026-05-20
2456,Avi Bhardwaj,Female,45.0,Warangal,Telangana,2023-01-17
2457,Madhavi Chaudhary,Male,26.0,Jaipur,Rajasthan,2024-05-01
2458,Lucky Sachar,Female,34.0,Jaipur,Rajasthan,2024-12-05
2459,Aarna Prashad,Other,36.0,Chennai,Tamil Nadu,2024-02-17
2460,Charles Jain,Male,36.0,Mysuru,Karnataka,2025-09-01
2461,Warjas Tailor,Other,32.0,Noida,Uttar Pradesh,2024-11-09
2462,Ishwar Luthra,Other,38.0,Thiruvananthapuram,Kerala,2024-09-05
2463,Eesha Shetty,Male,36.0,Surat,Gujarat,2023-08-03
2464,Dominic Sule,Female,20.0,Lucknow,Uttar Pradesh,2024-03-25
2465,Nikita Kaur,Unknown,39.0,Nagpur,Maharashtra,2024-04-16
2466,Amruta Chaudhuri,Male,39.0,Noida,Uttar Pradesh,2024-05-04
2467,Jeremiah Modi,Female,25.0,Noida,Uttar Pradesh,2025-02-08
2468,Sanaya Chacko,Male,32.0,Coimbatore,Tamil Nadu,2023-01-14
2469,Lucky Prakash,Unknown,38.0,Hyderabad,Telangana,2025-01-02
2470,Yatan Yogi,Male,30.0,Nagpur,Maharashtra,2023-10-19
2471,Siya Barman,Male,41.0,Durgapur,West Bengal,2026-07-16
2472,Ucchal Mann,Male,53.0,Thiruvananthapuram,Kerala,2023-03-02
2473,Aadi Bhasin,Female,24.0,Chennai,Tamil Nadu,2023-12-23
2474,Anjali Krishna,Other,19.0,Coimbatore,Tamil Nadu,2023-12-23
2475,Indali Kala,Male,34.0,Hyderabad,Telangana,2024-02-06
2476,Chakradev Edwin,Female,38.0,Mumbai,Maharashtra,2023-07-27
2477,Charita Chakraborty,Male,29.0,Nagpur,Maharashtra,2025-02-15
2478,Jason Dey,Male,45.0,Mysuru,Karnataka,2024-09-16
2479,Rachana Kade,Female,19.0,Lucknow,Uttar Pradesh,2025-02-01
2480,Hema Lal,Other,38.0,New Delhi,Delhi,2023-05-14
2481,Anjali Korpal,Male,26.0,Bengaluru,Karnataka,2024-01-24
2482,Harita Kade,Female,47.0,Madurai,Tamil Nadu,2025-02-05
2483,Falguni Babu,Other,49.0,Warangal,Telangana,2024-05-15
2484,Aarnav Soni,Other,25.0,Nagpur,Maharashtra,2024-01-23
2485,Aditya Ghose,Male,27.0,Udaipur,Rajasthan,2024-11-02
2486,Vrinda Ramaswamy,Other,39.0,Chennai,Tamil Nadu,2024-07-27
2487,Faras Yohannan,Male,28.0,New Delhi,Delhi,2023-06-16
2488,Sai Dasgupta,Other,31.0,Noida,Uttar Pradesh,2023-05-13
2489,Krisha Parmar,Other,32.0,New Delhi,Delhi,2025-11-08
2490,Peter Anand,Other,16.0,Warangal,Telangana,2025-08-08
2491,Turvi Prabhakar,Other,31.0,New Delhi,Delhi,2025-02-04
2492,Sai Andra,Other,25.0,Udaipur,Rajasthan,2025-10-10
2493,Anmol Mand,Other,27.0,Kanpur,Uttar Pradesh,2025-04-01
2494,Rehaan Chana,Male,44.0,Kochi,Kerala,2024-03-25
2495,Timothy Kaur,Male,20.0,Coimbatore,Tamil Nadu,2025-03-21
2496,Janani Bansal,Female,39.0,Coimbatore,Tamil Nadu,2025-02-11
2497,Waida Kadakia,Female,29.0,Kochi,Kerala,2024-06-05
2498,Rohan Randhawa,Male,29.0,Jaipur,Rajasthan,2023-06-22
2499,Arunima Tella,Other,39.0,Durgapur,West Bengal,2024-12-21
2500,Onkar Hari,Male,35.0,Madurai,Tamil Nadu,2025-08-10
2501,Dhruv Dave,Female,37.0,Udaipur,Rajasthan,2025-07-12
2502,Joshua Lad,Female,40.0,Kanpur,Uttar Pradesh,2025-01-22
2503,Anusha Handa,Female,29.0,Kanpur,Uttar Pradesh,2025-02-22
2504,Zayyan Setty,Female,26.0,Mumbai,Maharashtra,2024-04-23
2505,Prisha Ben,Male,22.0,Siliguri,West Bengal,2025-01-05
2506,Rachana Ray,Other,24.0,Mysuru,Karnataka,2025-11-16
2507,Jairaj Vasa,Female,58.0,Jaipur,Rajasthan,2024-04-11
2508,Warhi Pathak,Male,43.0,Bengaluru,Karnataka,2025-01-07
2509,Udarsh Batta,Male,19.0,Nagpur,Maharashtra,2024-11-14
2510,Osha Walia,Female,20.0,Madurai,Tamil Nadu,2024-05-27
2511,Diya Ahluwalia,Other,36.0,Siliguri,West Bengal,2024-07-16
2512,Robert Natt,Other,36.0,Madurai,Tamil Nadu,2023-10-10
2513,Aryan Kara,Male,36.0,Udaipur,Rajasthan,2024-09-05
2514,Falan Krish,Female,29.0,Durgapur,West Bengal,2025-04-10
2515,Nitesh Narayan,Female,30.0,Kochi,Kerala,2025-11-15
2516,Dev Chatterjee,Unknown,34.0,New Delhi,Delhi,2024-04-09
2517,Varsha Sankaran,Male,32.0,Coimbatore,Tamil Nadu,2025-11-22
2518,Gaurika Krishna,Other,16.0,Thiruvananthapuram,Kerala,2025-08-02
2519,Hritik Solanki,Female,29.0,Hyderabad,Telangana,2024-01-20
2520,Harini Bhagat,Female,24.0,Vadodara,Gujarat,2024-03-05
2521,Zinal Khalsa,Other,33.0,Kanpur,Uttar Pradesh,2023-03-03
2522,Reva Chandran,Other,58.0,Hyderabad,Telangana,2023-09-20
2523,Jeet Chada,Male,35.0,Siliguri,West Bengal,2025-10-20
2524,Bahadurjit Purohit,Male,29.0,Warangal,Telangana,2025-05-08
2525,Dhruv Datta,Female,40.0,Vadodara,Gujarat,2026-01-06
2526,Riya Bhakta,Other,36.0,Durgapur,West Bengal,2023-02-17
2527,Rachana Bhatti,Male,35.0,Kochi,Kerala,2023-11-11
2528,Daksh Ben,Female,,Warangal,Telangana,2024-02-23
2529,Lakshmi Ratti,Other,50.0,Ahmedabad,Gujarat,2025-03-02
2530,Nirja Kaul,Male,21.0,Coimbatore,Tamil Nadu,2024-11-04
2531,Sudiksha Rajagopalan,Other,36.0,Thiruvananthapuram,Kerala,2024-09-15
2532,Priya Chaudhuri,Male,23.0,Bengaluru,Karnataka,2026-02-06
2533,Atharv Setty,Other,36.0,New Delhi,Delhi,2026-05-20
2534,Reyansh Chokshi,Male,23.0,Lucknow,Uttar Pradesh,2024-02-12
2535,Advik Bir,Female,28.0,Mysuru,Karnataka,2024-02-26
2536,Jonathan Upadhyay,Other,29.0,Coimbatore,Tamil Nadu,2025-12-09
2537,Isha Sama,Male,40.0,Mysuru,Karnataka,2025-01-24
2538,Sai Grewal,Male,40.0,Jaipur,Rajasthan,2024-10-31
2539,Laksh Basu,Male,20.0,Surat,Gujarat,2023-08-15
2540,Joshua Muni,Female,32.0,New Delhi,Delhi,2023-05-21
2541,Yochana Parmar,Male,25.0,Ahmedabad,Gujarat,2024-02-26
2542,Madhav Din,Other,20.0,Durgapur,West Bengal,2025-08-30
2543,Dayamai Oza,Other,30.0,New Delhi,Delhi,2024-02-20
2544,Jyoti Anand,Female,29.0,Udaipur,Rajasthan,2024-02-18
2545,Dakshesh Khanna,Female,53.0,Mumbai,Maharashtra,2023-05-12
2546,Pahal Padmanabhan,Male,35.0,Vadodara,Gujarat,2025-12-12
2547,Sai Jaggi,Female,19.0,Warangal,Telangana,2025-08-05
2548,Harita Gulati,Other,26.0,Kochi,Kerala,2023-07-06
2549,Unni Narula,Female,41.0,Siliguri,West Bengal,2024-12-11
2550,Chandani Sahota,Other,50.0,Durgapur,West Bengal,2023-12-25
2551,Nicholas Cheema,Male,17.0,Ahmedabad,Gujarat,2026-06-19
2552,Brijesh Tandon,Female,16.0,Surat,Gujarat,2024-01-11
2553,Aarush Kapoor,Female,48.0,Kochi,Kerala,2023-03-31
2554,Unnati Kala,Female,35.0,Chennai,Tamil Nadu,2026-07-10
2555,Vasana Narula,Other,24.0,Udaipur,Rajasthan,2023-05-17
2556,Samesh Ratta,Female,36.0,Coimbatore,Tamil Nadu,2026-02-06
2557,Abeer Patil,Male,16.0,Mysuru,Karnataka,2023-08-04
2558,Ethan Parmar,Female,32.0,Udaipur,Rajasthan,2025-07-12
2559,Ishwar Dhar,Male,34.0,New Delhi,Delhi,2025-11-02
2560,Ria Hayer,Male,40.0,Pune,Maharashtra,2023-05-30
2561,Caleb Balan,Female,22.0,Kanpur,Uttar Pradesh,2025-03-28
2562,Rudra Mander,Male,32.0,Coimbatore,Tamil Nadu,2023-01-22
2563,Theodore Lala,Other,23.0,Kolkata,West Bengal,2023-10-07
2564,Harinakshi Korpal,Female,34.0,Warangal,Telangana,2025-08-02
2565,Rohan Bains,Other,23.0,Bengaluru,Karnataka,2024-05-11
2566,Adweta Chaudhuri,Female,28.0,Lucknow,Uttar Pradesh,2024-07-25
2567,Laksh Raghavan,Male,23.0,New Delhi,Delhi,2026-05-28
2568,Hamsini Kade,Female,37.0,Bengaluru,Karnataka,2023-09-12
2569,Tanmayi Khatri,Male,39.0,Udaipur,Rajasthan,2023-06-08
2570,Kashish Garg,Female,29.0,Nagpur,Maharashtra,2023-11-11
2571,Dhruv Dani,Male,,Kanpur,Uttar Pradesh,2024-03-19
2572,Kalpit Gupta,Other,18.0,Nagpur,Maharashtra,2024-03-18
2573,Kritika Prasad,Male,29.0,Noida,Uttar Pradesh,2026-07-24
2574,Pushti Konda,Female,31.0,Jaipur,Rajasthan,2024-09-23
2575,Ranbir Wason,Other,55.0,Lucknow,Uttar Pradesh,2023-01-10
2576,Manthan Narang,Male,21.0,Pune,Maharashtra,2024-05-26
2577,Chatresh Mammen,Male,45.0,Hyderabad,Telangana,2023-07-07
2578,Yashoda Suresh,Male,40.0,Pune,Maharashtra,2023-01-30
2579,Finn Singhal,Other,34.0,Hyderabad,Telangana,2023-05-10
2580,Oliver Trivedi,Other,47.0,Chennai,Tamil Nadu,2023-12-10
2581,Yashodhara Prasad,Female,35.0,New Delhi,Delhi,2025-11-15
2582,Zilmil Shetty,Female,35.0,Mysuru,Karnataka,2026-02-25
2583,Ekanta Prakash,Male,31.0,Madurai,Tamil Nadu,2026-01-14
2584,Warda Som,Male,43.0,Surat,Gujarat,2024-04-20
2585,Nandini Bansal,Female,41.0,Chennai,Tamil Nadu,2024-10-24
2586,Theodore Jain,Female,26.0,New Delhi,Delhi,2024-10-09
2587,Wahab Randhawa,Unknown,20.0,Pune,Maharashtra,2025-07-28
2588,Damini Sandal,Other,30.0,Chennai,Tamil Nadu,2024-07-24
2589,Naksh Prasad,Male,24.0,Thiruvananthapuram,Kerala,2023-05-18
2590,Frado Desai,Female,31.0,Coimbatore,Tamil Nadu,2026-05-11
2591,Chakrika Saxena,Other,43.0,Lucknow,Uttar Pradesh,2026-01-03
2592,Victor Barman,Female,27.0,Kochi,Kerala,2023-07-14
2593,Yauvani Nayar,Other,31.0,Thiruvananthapuram,Kerala,2025-03-06
2594,Shravya Sibal,Male,32.0,New Delhi,Delhi,2026-07-25
2595,Nilima Pillai,Male,39.0,Warangal,Telangana,2024-11-17
2596,Edhitha Mahajan,Other,16.0,Nagpur,Maharashtra,2025-07-08
2597,Aryan Gola,Other,26.0,Vadodara,Gujarat,2024-04-21
2598,Vivaan Lanka,Male,33.0,Jaipur,Rajasthan,2023-02-13
2599,Jagrati Butala,Female,42.0,Kochi,Kerala,2024-04-29
2600,Yachana Varghese,Other,27.0,Ahmedabad,Gujarat,2023-06-12
2601,Aradhana Kari,Female,16.0,Mumbai,Maharashtra,2025-10-18
2602,Jagat Bora,Male,37.0,Kolkata,West Bengal,2025-02-08
2603,Balvan Iyer,Male,26.0,Madurai,Tamil Nadu,2024-05-02
2604,Ronith Narayan,Other,21.0,Thiruvananthapuram,Kerala,2024-11-04
2605,Chasmum Maharaj,Female,26.0,New Delhi,Delhi,2026-08-11
2606,Lakshit Lal,Female,30.0,Nagpur,Maharashtra,2026-08-20
2607,Chandani Manda,Male,26.0,Kolkata,West Bengal,2024-11-09
2608,Netra Ravi,Male,16.0,Hyderabad,Telangana,2026-01-09
2609,Urmi Vala,Male,40.0,Nagpur,Maharashtra,2024-03-31
2610,Mitali Kari,Other,43.0,Thiruvananthapuram,Kerala,2024-10-20
2611,Shaurya Som,Other,37.0,New Delhi,Delhi,2023-01-13
2612,Zaitra Sidhu,Male,21.0,Mysuru,Karnataka,2024-01-30
2613,Harini Chada,Male,30.0,Nagpur,Maharashtra,2024-02-23
2614,Raghav Sanghvi,Male,31.0,New Delhi,Delhi,2026-04-28
2615,Shaurya Sarna,Male,37.0,Jaipur,Rajasthan,2025-11-05
2616,Ayushman Prasad,Other,38.0,Mysuru,Karnataka,2025-08-14
2617,Kabir Mody,Other,25.0,Kolkata,West Bengal,2024-02-09
2618,Xalak Pant,Male,32.0,Coimbatore,Tamil Nadu,2026-05-25
2619,Umang Saini,Female,36.0,Coimbatore,Tamil Nadu,2026-03-26
2620,Netra Yogi,Male,45.0,Noida,Uttar Pradesh,2024-07-10
2621,Eshana Bajaj,Female,38.0,Lucknow,Uttar Pradesh,2025-03-26
2622,Liam Dube,Female,39.0,Ahmedabad,Gujarat,2025-06-22
2623,Mahika Raj,Other,32.0,Vadodara,Gujarat,2025-06-06
2624,Mahika Bhatt,Male,44.0,New Delhi,Delhi,2025-02-20
2625,Raghav Soman,Female,35.0,Ahmedabad,Gujarat,2026-05-03
2626,Falguni Seth,Other,24.0,Jaipur,Rajasthan,2023-12-26
2627,Girik Garg,Female,44.0,Durgapur,West Bengal,2024-09-18
2628,Peter Balay,Female,38.0,Kanpur,Uttar Pradesh,2026-02-25
2629,Avi Grover,Male,28.0,Thiruvananthapuram,Kerala,2024-11-13
2630,Ekaraj Raju,Male,27.0,New Delhi,Delhi,2023-11-13
2631,Samesh Kaul,Male,34.0,Chennai,Tamil Nadu,2025-10-22
2632,Ekaraj Sha,Female,36.0,Warangal,Telangana,2025-05-01
2633,Jyoti Vasa,Female,33.0,Vadodara,Gujarat,2025-02-25
2634,Onveer Narain,Other,,Kanpur,Uttar Pradesh,2026-04-19
2635,Mahika Dugar,Male,47.0,Mysuru,Karnataka,2023-09-12
2636,Kai Yadav,Male,41.0,Vadodara,Gujarat,2024-02-02
2637,Vanya Biswas,Other,33.0,Surat,Gujarat,2024-12-14
2638,Samuel De,Other,40.0,Udaipur,Rajasthan,2025-01-24
2639,Dayita Sankaran,Female,22.0,Nagpur,Maharashtra,2025-05-18
2640,Nathan Mukherjee,Female,35.0,Chennai,Tamil Nadu,2023-03-12
2641,Yadavi Shanker,Other,48.0,Hyderabad,Telangana,2026-08-14
2642,Saksham Amble,Other,30.0,New Delhi,Delhi,2025-07-21
2643,Sanaya Bhatt,Male,24.0,New Delhi,Delhi,2026-05-18
2644,Yatin Vora,Male,26.0,Kochi,Kerala,2023-08-28
2645,Vritti Sharma,Other,22.0,Mangaluru,Karnataka,2025-02-26
2646,Balveer Chand,Other,24.0,Vadodara,Gujarat,2023-06-14
2647,Tanmayi Palan,Female,28.0,Jaipur,Rajasthan,2023-12-06
2648,Mahika Gill,Other,19.0,Surat,Gujarat,2024-09-10
2649,Zaid Gola,Other,32.0,Udaipur,Rajasthan,2024-09-22
2650,Tanvi Rajagopalan,Male,40.0,Vadodara,Gujarat,2023-08-12
2651,Girish Ramaswamy,Male,23.0,Thiruvananthapuram,Kerala,2024-07-04
2652,Wriddhish Dugar,Female,45.0,Madurai,Tamil Nadu,2024-09-22
2653,Bishakha Bhavsar,Female,36.0,Mumbai,Maharashtra,2023-01-04
2654,Wakeeta Sabharwal,Unknown,41.0,Bengaluru,Karnataka,2025-05-05
2655,Jyoti Bose,Other,26.0,Udaipur,Rajasthan,2024-08-13
2656,Yamini Nanda,Male,39.0,Ahmedabad,Gujarat,2025-02-06
2657,Shravya Gala,Male,22.0,New Delhi,Delhi,2025-09-23
2658,Sarthak Toor,Female,40.0,New Delhi,Delhi,2026-03-07
2659,Turvi Bala,Male,33.0,Chennai,Tamil Nadu,2023-05-01
2660,Triya Raj,Unknown,36.0,New Delhi,Delhi,2025-04-17
2661,Mohini Hayer,Other,21.0,Noida,Uttar Pradesh,2023-08-12
2662,Baljiwan Anne,Female,23.0,New Delhi,Delhi,2023-06-25
2663,Ishwar Deshpande,Female,37.0,Ahmedabad,Gujarat,2023-05-12
2664,Ucchal Sundaram,Other,23.0,Hyderabad,Telangana,2024-04-25
2665,Ekansh Butala,Other,36.0,Kanpur,Uttar Pradesh,2023-07-26
2666,Raksha Dey,Female,19.0,Mumbai,Maharashtra,2023-01-15
2667,Arya Edwin,Male,39.0,Kochi,Kerala,2024-03-08
2668,Andrew Chaudhry,Female,20.0,Jaipur,Rajasthan,2026-05-19
2669,Chaitaly Dash,Female,36.0,Udaipur,Rajasthan,2025-08-27
2670,Om Brahmbhatt,Female,37.0,Warangal,Telangana,2025-01-29
2671,Anjali Dube,Male,25.0,Warangal,Telangana,2025-01-09
2672,Ishita Gokhale,Other,37.0,Surat,Gujarat,2023-04-28
2673,Bakhshi Walia,Male,34.0,Warangal,Telangana,2023-01-07
2674,Riya Batta,Female,27.0,Noida,Uttar Pradesh,2023-10-12
2675,Madhavi Morar,Male,22.0,Nagpur,Maharashtra,2025-12-22
2676,Charles Agrawal,Male,16.0,Siliguri,West Bengal,2025-01-24
2677,Krishna Jaggi,Other,35.0,Noida,Uttar Pradesh,2025-08-31
2678,Kavya Khare,Other,17.0,Udaipur,Rajasthan,2024-01-20
2679,Gavin Babu,Female,32.0,Nagpur,Maharashtra,2023-02-04
2680,Ayaan Atwal,Other,29.0,Hyderabad,Telangana,2024-10-28
2681,Rehaan Bhatnagar,Other,38.0,Lucknow,Uttar Pradesh,2025-09-19
2682,Gopal Ganesh,Other,29.0,Vadodara,Gujarat,2023-06-16
2683,Chaitanya Sagar,Female,29.0,Warangal,Telangana,2023-07-25
2684,Eta Naidu,Other,38.0,Surat,Gujarat,2024-02-04
2685,Sarthak Rana,Male,35.0,New Delhi,Delhi,2025-10-16
2686,Jai Kata,Other,34.0,Mysuru,Karnataka,2026-01-28
2687,Hitesh Parikh,Female,36.0,Lucknow,Uttar Pradesh,2023-08-25
2688,Oscar Aurora,Other,18.0,Noida,Uttar Pradesh,2024-05-08
2689,Diya Arora,Male,38.0,Chennai,Tamil Nadu,2023-07-03
2690,Simon Shanker,Other,37.0,Mysuru,Karnataka,2023-03-01
2691,Dominic Mallick,Female,22.0,New Delhi,Delhi,2024-07-28
2692,Caleb Bhavsar,Female,29.0,Madurai,Tamil Nadu,2025-09-02
2693,Nirja Mitra,Male,31.0,Mangaluru,Karnataka,2025-12-30
2694,Harsh Yadav,Other,30.0,Lucknow,Uttar Pradesh,2024-11-12
2695,Zayan Chandran,Other,35.0,Madurai,Tamil Nadu,2023-05-13
2696,Lipika Deol,Other,44.0,Warangal,Telangana,2025-02-20
2697,Parth Nadkarni,Male,41.0,Udaipur,Rajasthan,2024-04-02
2698,Ekansh Nayak,Female,20.0,Kolkata,West Bengal,2023-06-29
2699,Saumya Raja,Female,37.0,Bengaluru,Karnataka,2026-04-27
2700,Yahvi Arya,Male,43.0,Madurai,Tamil Nadu,2026-03-19
2701,Ansh Dash,Female,35.0,Hyderabad,Telangana,2025-02-17
2702,Warjas Sangha,Female,41.0,Kochi,Kerala,2023-05-07
2703,Fariq Bhasin,Female,50.0,Kochi,Kerala,2025-05-17
2704,Kavya Tara,Other,41.0,Warangal,Telangana,2023-09-16
2705,Saksham Doshi,Male,34.0,Jaipur,Rajasthan,2025-03-20
2706,Samarth Barad,Female,41.0,Nagpur,Maharashtra,2024-10-09
2707,Sachi Narasimhan,Male,33.0,New Delhi,Delhi,2025-10-20
2708,Arunima Nadkarni,Other,32.0,Lucknow,Uttar Pradesh,2024-08-03
2709,Oeshi Mani,Other,28.0,New Delhi,Delhi,2024-10-17
2710,Veer Narula,Other,46.0,Siliguri,West Bengal,2023-09-10
2711,Xavier Jha,Other,24.0,Siliguri,West Bengal,2025-09-06
2712,Yuvraj Kapadia,Female,45.0,Coimbatore,Tamil Nadu,2025-02-10
2713,Ekanta Goswami,Male,36.0,Pune,Maharashtra,2024-03-07
2714,Abeer Bhattacharyya,Other,19.0,Madurai,Tamil Nadu,2023-04-18
2715,Ekaraj Hans,Other,35.0,New Delhi,Delhi,2025-03-13
2716,Lohit Jayaraman,Male,16.0,Siliguri,West Bengal,2023-02-14
2717,Gavin Ghose,Female,37.0,Udaipur,Rajasthan,2025-05-15
2718,Warinder Tripathi,Female,39.0,Kanpur,Uttar Pradesh,2025-03-11
2719,Pooja Sibal,Other,26.0,Mangaluru,Karnataka,2024-08-02
2720,Nitesh Hora,Male,33.0,Siliguri,West Bengal,2026-01-27
2721,Panini Goda,Male,49.0,Ahmedabad,Gujarat,2024-10-24
2722,Chavvi Mangal,Other,27.0,Kochi,Kerala,2024-09-14
2723,Saksham Magar,Male,22.0,Noida,Uttar Pradesh,2026-03-28
2724,Fariq Parsa,Other,45.0,New Delhi,Delhi,2025-09-15
2725,Krishna Ganesh,Male,49.0,Kolkata,West Bengal,2024-03-22
2726,Ridhi Sami,Other,32.0,Madurai,Tamil Nadu,2023-01-19
2727,Nachiket Subramaniam,Other,41.0,Hyderabad,Telangana,2023-10-30
2728,Lakshmi Sane,Other,44.0,Surat,Gujarat,2023-12-11
2729,Charita Yogi,Female,25.0,Mumbai,Maharashtra,2025-08-28
2730,Parth Kurian,Male,27.0,New Delhi,Delhi,2025-11-21
2731,Ubika Mohan,Male,43.0,Warangal,Telangana,2026-07-08
2732,Bhanumati Prashad,Male,47.0,Ahmedabad,Gujarat,2023-09-01
2733,Ekbal Nath,Female,37.0,Coimbatore,Tamil Nadu,2024-09-11
2734,Upasna Hayre,Other,24.0,Kochi,Kerala,2025-02-07
2735,Ranveer Agrawal,Other,49.0,Mysuru,Karnataka,2025-02-21
2736,Xiti Prasad,Other,27.0,Siliguri,West Bengal,2025-06-30
2737,Nidhi Sagar,Male,28.0,Hyderabad,Telangana,2023-08-27
2738,Kashvi Rajagopalan,Female,35.0,Bengaluru,Karnataka,2026-08-06
2739,Darika Bobal,Male,45.0,Jaipur,Rajasthan,2026-04-16
2740,Balvan Dash,Female,39.0,Thiruvananthapuram,Kerala,2023-07-13
2741,Nicholas Hari,Female,35.0,Kochi,Kerala,2025-09-18
2742,Aadhya Pall,Other,36.0,Surat,Gujarat,2023-09-14
2743,Jyoti Bhardwaj,Male,32.0,Mysuru,Karnataka,2026-01-05
2744,Panini Koshy,Other,37.0,New Delhi,Delhi,2023-02-10
2745,Vanya Banerjee,Other,16.0,Vadodara,Gujarat,2025-12-21
2746,Ayaan Divan,Other,29.0,Lucknow,Uttar Pradesh,2026-04-12
2747,Tamanna Din,Male,34.0,Jaipur,Rajasthan,2023-08-29
2748,Yug Edwin,Male,21.0,New Delhi,Delhi,2026-02-10
2749,Jackson Chanda,Male,35.0,Kanpur,Uttar Pradesh,2023-03-22
2750,Mitali Buch,Other,30.0,New Delhi,Delhi,2023-11-27
2751,Pallavi Gandhi,Female,47.0,Mangaluru,Karnataka,2023-03-13
2752,Zayyan Mittal,Other,46.0,Bengaluru,Karnataka,2024-09-03
2753,Darika Sabharwal,Female,27.0,Hyderabad,Telangana,2023-01-01
2754,Ikbal Padmanabhan,Male,30.0,Coimbatore,Tamil Nadu,2025-11-29
2755,Amruta Kadakia,Other,31.0,Siliguri,West Bengal,2025-06-30
2756,Darika Ahuja,Other,27.0,New Delhi,Delhi,2024-10-02
2757,Vyanjana Agarwal,Other,33.0,Udaipur,Rajasthan,2026-01-07
2758,Ekaraj Sahni,Other,25.0,Jaipur,Rajasthan,2023-07-22
2759,Bhavya Sankar,Male,21.0,Mumbai,Maharashtra,2024-01-21
2760,Patrick Prasad,Male,37.0,New Delhi,Delhi,2023-10-02
2761,Krish Hora,Other,37.0,Kochi,Kerala,2025-01-05
2762,Qabil Thakkar,Other,24.0,Kolkata,West Bengal,2026-06-28
2763,Shravya Kala,Other,40.0,Ahmedabad,Gujarat,2024-06-06
2764,Sai Bhargava,Other,26.0,Durgapur,West Bengal,2023-12-01
2765,Rehaan Lad,Male,34.0,Surat,Gujarat,2024-06-04
2766,Ridhi Chopra,Male,39.0,Vadodara,Gujarat,2026-01-02
2767,Fariq Memon,Other,31.0,Chennai,Tamil Nadu,2024-07-05
2768,Krishna Dash,Female,36.0,Madurai,Tamil Nadu,2026-02-28
2769,Devansh Oommen,Female,27.0,Jaipur,Rajasthan,2023-11-11
2770,Wahab Sridhar,Female,30.0,Warangal,Telangana,2023-02-23
2771,Harrison Andra,Male,30.0,Kochi,Kerala,2024-07-07
2772,Amaira Amble,Male,25.0,Mangaluru,Karnataka,2026-01-28
2773,Gunbir Kakar,Female,30.0,Ahmedabad,Gujarat,2026-08-04
2774,Keya Venkatesh,Female,18.0,Mysuru,Karnataka,2024-07-13
2775,Vedika Solanki,Female,27.0,New Delhi,Delhi,2023-01-21
2776,Pushti Nayar,Male,29.0,Mysuru,Karnataka,2025-02-14
2777,Hemal Murty,Male,29.0,Bengaluru,Karnataka,2025-12-14
2778,Jalsa Rastogi,Female,29.0,Siliguri,West Bengal,2023-07-15
2779,Dakshesh Parekh,Other,31.0,Udaipur,Rajasthan,2026-03-17
2780,Harish Aggarwal,Female,36.0,Siliguri,West Bengal,2026-05-29
2781,Neelima Dewan,Male,39.0,Bengaluru,Karnataka,2024-10-13
2782,Jason Wali,Female,26.0,Ahmedabad,Gujarat,2025-12-24
2783,Yuvraj Pillay,Female,21.0,Udaipur,Rajasthan,2026-04-28
2784,Vaishnavi Varma,Male,22.0,New Delhi,Delhi,2025-11-17
2785,Raghav Aggarwal,Male,27.0,New Delhi,Delhi,2025-02-14
2786,Anay Parsa,Male,28.0,Thiruvananthapuram,Kerala,2026-08-02
2787,Eshana Sawhney,Other,25.0,Hyderabad,Telangana,2026-05-31
2788,Vedhika Ratta,Female,20.0,Vadodara,Gujarat,2024-01-10
2789,Ijaya Sangha,Female,27.0,Kanpur,Uttar Pradesh,2025-10-25
2790,Harish Rajan,Female,33.0,Durgapur,West Bengal,2025-12-02
2791,Robert Dhar,Other,37.0,Coimbatore,Tamil Nadu,2023-06-28
2792,Joshua Tank,Female,26.0,Durgapur,West Bengal,2023-07-04
2793,Charvi Sibal,Other,28.0,Bengaluru,Karnataka,2024-05-06
2794,Sanaya D’Alia,Other,23.0,Bengaluru,Karnataka,2023-04-28
2795,Wridesh Kohli,Female,31.0,Mangaluru,Karnataka,2026-02-08
2796,Onkar Chakraborty,Female,24.0,Lucknow,Uttar Pradesh,2025-11-07
2797,Radhika Balakrishnan,Female,37.0,New Delhi,Delhi,2025-11-20
2798,Eta Rajagopal,Female,16.0,Jaipur,Rajasthan,2023-01-29
2799,Thomas Kurian,Other,28.0,Kochi,Kerala,2023-01-15
2800,Jatin Deshpande,Other,34.0,Vadodara,Gujarat,2024-12-07
2801,Gautam Natarajan,Other,33.0,Madurai,Tamil Nadu,2025-12-17
2802,Dhruv Oza,Other,,Kochi,Kerala,2025-07-07
2803,Lakshmi Sarkar,Male,35.0,New Delhi,Delhi,2023-06-03
2804,Udant Lad,Other,22.0,Hyderabad,Telangana,2024-12-24
2805,Bina Chahal,Female,31.0,Pune,Maharashtra,2025-02-15
2806,Gaurav Oak,Male,16.0,New Delhi,Delhi,2024-11-23
2807,Jack Pillai,Male,31.0,Madurai,Tamil Nadu,2024-08-17
2808,Dhriti Rai,Female,24.0,Durgapur,West Bengal,2024-06-26
2809,Deepa Bhatia,Other,40.0,Chennai,Tamil Nadu,2026-07-16
2810,Lipika Sampath,Male,27.0,Thiruvananthapuram,Kerala,2024-09-16
2811,Janya Date,Female,30.0,Jaipur,Rajasthan,2026-06-19
2812,Hredhaan Rana,Female,26.0,Lucknow,Uttar Pradesh,2023-01-13
2813,Triveni Mutti,Female,47.0,Thiruvananthapuram,Kerala,2024-09-03
2814,Chaman Kanda,Male,29.0,Hyderabad,Telangana,2024-12-17
2815,Tamanna Din,Female,48.0,New Delhi,Delhi,2023-01-19
2816,Madhav Banerjee,Female,39.0,Mysuru,Karnataka,2024-02-09
2817,Dayamai Thakkar,Other,36.0,Mangaluru,Karnataka,2023-11-11
2818,Anusha Sridhar,Female,35.0,Ahmedabad,Gujarat,2023-01-15
2819,Warda Manne,Male,35.0,New Delhi,Delhi,2025-08-21
2820,Daniel Nath,Female,16.0,Surat,Gujarat,2025-01-16
2821,Shivansh Kar,Other,29.0,Ahmedabad,Gujarat,2024-07-05
2822,Praneel Sura,Other,39.0,Mysuru,Karnataka,2025-06-18
2823,Chandani Dutta,Female,31.0,New Delhi,Delhi,2025-06-07
2824,Manya Nazareth,Other,19.0,Pune,Maharashtra,2024-02-11
2825,Urvashi Pall,Female,31.0,Bengaluru,Karnataka,2023-03-24
2826,Mahika Bora,Female,47.0,New Delhi,Delhi,2024-11-09
2827,Barkha Hayer,Other,43.0,Mumbai,Maharashtra,2024-02-12
2828,Gunbir Deep,Female,31.0,Noida,Uttar Pradesh,2023-09-01
2829,Chatura Modi,Other,40.0,Surat,Gujarat,2025-10-11
2830,Nihal Devan,Female,28.0,New Delhi,Delhi,2025-10-24
2831,Vasudha Manne,Male,16.0,Ahmedabad,Gujarat,2023-08-09
2832,Shaurya Kamdar,Male,23.0,Mumbai,Maharashtra,2024-12-05
2833,Aditya Pathak,Other,46.0,Jaipur,Rajasthan,2024-04-29
2834,Manbir Puri,Female,29.0,Nagpur,Maharashtra,2025-05-29
2835,Om Bhalla,Female,29.0,Kochi,Kerala,2025-09-10
2836,Ishani Som,Female,29.0,Durgapur,West Bengal,2023-06-19
2837,Charles Dalal,Other,49.0,Ahmedabad,Gujarat,2023-11-09
2838,Radha Dixit,Male,46.0,Jaipur,Rajasthan,2024-07-29
2839,Yash Bandi,Other,51.0,Mysuru,Karnataka,2024-05-21
2840,Wridesh Ranganathan,Female,30.0,Ahmedabad,Gujarat,2023-07-31
2841,Chasmum Gera,Male,34.0,Jaipur,Rajasthan,2026-04-25
2842,Gaurav Sheth,Male,18.0,New Delhi,Delhi,2023-09-28
2843,Anvi Saxena,Female,45.0,Ahmedabad,Gujarat,2024-01-29
2844,Advay Dar,Male,21.0,New Delhi,Delhi,2026-06-16
2845,Fitan Dara,Male,33.0,Chennai,Tamil Nadu,2025-02-17
2846,Yashodhara Kar,Female,22.0,Vadodara,Gujarat,2026-07-21
2847,Varsha Mahal,Female,,Chennai,Tamil Nadu,2025-05-22
2848,Pratyush Rajagopalan,Other,24.0,Lucknow,Uttar Pradesh,2025-05-24
2849,Radha Misra,Male,26.0,Pune,Maharashtra,2024-07-05
2850,Hardik Nanda,Female,27.0,Warangal,Telangana,2025-05-06
2851,Qasim Ravi,Male,27.0,Coimbatore,Tamil Nadu,2024-01-08
2852,Meera Yadav,Male,39.0,Mumbai,Maharashtra,2024-10-20
2853,Devansh Venkataraman,Female,22.0,Coimbatore,Tamil Nadu,2024-07-27
2854,Sarthak Dalal,Female,33.0,Kochi,Kerala,2024-01-14
2855,Pranit Ahluwalia,Female,42.0,Durgapur,West Bengal,2024-11-15
2856,Dipta Das,Male,27.0,Kolkata,West Bengal,2023-01-28
2857,Kabir Jhaveri,Female,25.0,Jaipur,Rajasthan,2025-01-08
2858,Gagan Kunda,Male,29.0,Warangal,Telangana,2026-08-24
2859,Frado Dash,Other,42.0,Kolkata,West Bengal,2025-02-25
2860,Januja Garg,Male,33.0,Bengaluru,Karnataka,2026-07-13
2861,Aadi Kothari,Male,27.0,Kochi,Kerala,2026-04-16
2862,Chakradhar Venkataraman,Other,36.0,Chennai,Tamil Nadu,2025-07-01
2863,Sai Dey,Other,22.0,Bengaluru,Karnataka,2026-06-21
2864,Dhriti Virk,Other,38.0,Warangal,Telangana,2025-08-29
2865,Yashvi Kadakia,Other,35.0,Madurai,Tamil Nadu,2023-11-11
2866,Chaitanya Khalsa,Male,29.0,Mumbai,Maharashtra,2025-05-06
2867,Raghav Dhar,Other,24.0,Udaipur,Rajasthan,2024-12-12
2868,Tanveer Desai,Other,24.0,Warangal,Telangana,2023-08-29
2869,Jagrati Mall,Female,36.0,Ahmedabad,Gujarat,2025-05-08
2870,Pahal Borde,Male,43.0,Jaipur,Rajasthan,2026-05-12
2871,Abha Raj,Male,26.0,Siliguri,West Bengal,2024-08-16
2872,Mugdha Shan,Male,36.0,Nagpur,Maharashtra,2024-01-25
2873,Aachal Sandal,Other,16.0,Surat,Gujarat,2025-12-26
2874,Samar Bobal,Male,26.0,Jaipur,Rajasthan,2025-06-15
2875,Reyansh Pradhan,Other,31.0,Udaipur,Rajasthan,2025-03-10
2876,Oni Dube,Female,23.0,Vadodara,Gujarat,2024-02-28
2877,Radha Raghavan,Male,23.0,New Delhi,Delhi,2026-03-17
2878,Yug Brahmbhatt,Other,25.0,Madurai,Tamil Nadu,2023-01-19
2879,Jeet Wali,Other,34.0,Udaipur,Rajasthan,2025-12-11
2880,Niharika Bhatti,Male,30.0,Durgapur,West Bengal,2024-08-29
2881,Gaurav Patil,Male,16.0,Siliguri,West Bengal,2023-12-17
2882,Anjali Dhingra,Other,16.0,Chennai,Tamil Nadu,2024-05-02
2883,Anusha Anne,Other,26.0,Kolkata,West Bengal,2023-10-31
2884,Krishna Kapadia,Female,36.0,Kolkata,West Bengal,2023-04-16
2885,Henry Dasgupta,Other,16.0,Chennai,Tamil Nadu,2023-08-26
2886,Damini Suri,Female,27.0,Nagpur,Maharashtra,2026-07-19
2887,Ikshita Manda,Female,27.0,Thiruvananthapuram,Kerala,2023-06-20
2888,Hardik Bava,Other,44.0,Udaipur,Rajasthan,2023-10-01
2889,Eesha Ramachandran,Female,28.0,Vadodara,Gujarat,2024-10-26
2890,Hemani Wali,Male,35.0,Nagpur,Maharashtra,2024-12-29
2891,Vansha Datta,Female,33.0,Madurai,Tamil Nadu,2023-12-28
2892,Aditya Varghese,Other,16.0,Kolkata,West Bengal,2026-04-09
2893,Jonathan Dhar,Other,38.0,Mangaluru,Karnataka,2025-02-21
2894,Amara Bera,Other,33.0,Siliguri,West Bengal,2026-05-22
2895,Zaid Sahota,Female,36.0,Jaipur,Rajasthan,2024-03-27
2896,Qadim Sarna,Male,67.0,Warangal,Telangana,2026-04-06
2897,Upadhriti Thakkar,Female,16.0,Ahmedabad,Gujarat,2024-04-19
2898,Anya Sangha,Male,47.0,Surat,Gujarat,2025-09-08
2899,Dalaja Chahal,Male,29.0,Mysuru,Karnataka,2025-07-29
2900,Niharika Munshi,Male,34.0,New Delhi,Delhi,2026-03-12
2901,Fariq Bose,Male,31.0,Noida,Uttar Pradesh,2026-08-19
2902,Girik Gandhi,Female,28.0,Kolkata,West Bengal,2023-11-30
2903,Frado Mangal,Other,26.0,New Delhi,Delhi,2026-05-29
2904,Advaith Samra,Male,34.0,Chennai,Tamil Nadu,2023-05-28
2905,Varsha Tank,Female,18.0,Ahmedabad,Gujarat,2026-08-14
2906,Nidra Atwal,Other,38.0,Ahmedabad,Gujarat,2025-12-14
2907,Abhimanyu Sandal,Other,28.0,New Delhi,Delhi,2023-07-24
2908,Yash Wable,Male,21.0,Surat,Gujarat,2023-08-14
2909,Saumya Ganguly,Male,27.0,Nagpur,Maharashtra,2023-09-28
2910,Parth Borde,Female,43.0,Chennai,Tamil Nadu,2023-10-20
2911,Kiaan Varkey,Male,27.0,Kochi,Kerala,2023-08-06
2912,Charan Sami,Other,35.0,Udaipur,Rajasthan,2023-06-24
2913,Ladli Garde,Female,25.0,Chennai,Tamil Nadu,2026-02-26
2914,Isaiah Nigam,Female,38.0,Lucknow,Uttar Pradesh,2024-11-10
2915,Jacob Mannan,Male,38.0,Lucknow,Uttar Pradesh,2023-04-25
2916,Vasudha Memon,Other,48.0,Udaipur,Rajasthan,2026-01-18
2917,Tanay Agate,Male,30.0,Bengaluru,Karnataka,2023-07-30
2918,Teerth Mody,Male,38.0,Udaipur,Rajasthan,2025-11-13
2919,Ubika Sura,Male,32.0,Ahmedabad,Gujarat,2024-04-04
2920,Ishani Ahuja,Female,43.0,Mumbai,Maharashtra,2025-02-28
2921,Falguni Misra,Other,25.0,New Delhi,Delhi,2024-08-10
2922,Hredhaan Ahluwalia,Female,38.0,Madurai,Tamil Nadu,2023-08-19
2923,Quincy Ratti,Male,30.0,Lucknow,Uttar Pradesh,2024-04-04
2924,Aditya Chaudhuri,Female,31.0,Mysuru,Karnataka,2023-06-06
2925,Vyanjana Hora,Male,32.0,Thiruvananthapuram,Kerala,2025-01-08
2926,Yoshita Dube,Other,34.0,Bengaluru,Karnataka,2023-11-06
2927,Jatin Sura,Other,30.0,New Delhi,Delhi,2024-11-16
2928,Nachiket Krishna,Other,33.0,Kochi,Kerala,2025-05-20
2929,Upma Rana,Other,46.0,New Delhi,Delhi,2024-08-10
2930,Chandani Patla,Female,40.0,Hyderabad,Telangana,2025-10-19
2931,Qabil Yadav,Other,39.0,Warangal,Telangana,2023-06-06
2932,Ikbal Sarna,Other,27.0,Mumbai,Maharashtra,2023-10-28
2933,Neel Dey,Female,23.0,Hyderabad,Telangana,2025-07-03
2934,Radha Ahluwalia,Male,40.0,Lucknow,Uttar Pradesh,2026-03-29
2935,Rushil Choudhry,Female,39.0,Vadodara,Gujarat,2023-10-24
2936,Bhavani Baria,Male,45.0,Mysuru,Karnataka,2024-01-08
2937,Megha Sama,Female,26.0,Surat,Gujarat,2025-10-09
2938,Azad Dyal,Other,29.0,Surat,Gujarat,2025-04-27
2939,Varenya Lata,Male,17.0,Thiruvananthapuram,Kerala,2024-05-18
2940,Oviya Suresh,Other,28.0,Surat,Gujarat,2025-10-15
2941,Joshua Nair,Other,,Udaipur,Rajasthan,2026-01-03
2942,Yachana Ramachandran,Male,27.0,Coimbatore,Tamil Nadu,2026-04-04
2943,Imaran Chokshi,Other,37.0,Vadodara,Gujarat,2024-03-25
2944,Jonathan Dugal,Female,30.0,Bengaluru,Karnataka,2023-01-06
2945,Xiti Arya,Female,34.0,Chennai,Tamil Nadu,2026-02-17
2946,Charles Oommen,Male,21.0,Lucknow,Uttar Pradesh,2023-05-03
2947,Abhiram Saraf,Male,32.0,Warangal,Telangana,2024-08-26
2948,Bimala Manda,Other,16.0,Lucknow,Uttar Pradesh,2025-05-12
2949,Fitan Sanghvi,Male,30.0,Chennai,Tamil Nadu,2023-04-25
2950,Michael Vaidya,Other,17.0,New Delhi,Delhi,2023-10-21
2951,Zaid Mand,Male,42.0,Vadodara,Gujarat,2025-05-19
2952,Adya Kota,Other,38.0,Hyderabad,Telangana,2023-08-06
2953,Rushil Som,Female,36.0,Kochi,Kerala,2026-05-01
2954,Yadavi Golla,Male,45.0,New Delhi,Delhi,2025-01-18
2955,Manthan Karnik,Male,23.0,New Delhi,Delhi,2023-06-07
2956,Kevin Rattan,Female,47.0,Nagpur,Maharashtra,2023-11-03
2957,Anusha Handa,Other,40.0,New Delhi,Delhi,2023-10-14
2958,Pooja Badami,Female,29.0,Udaipur,Rajasthan,2025-04-22
2959,Gavin Behl,Other,42.0,Warangal,Telangana,2023-01-28
2960,Nikita Vohra,Male,22.0,Kolkata,West Bengal,2023-05-03
2961,Vihaan Kapadia,Male,24.0,Nagpur,Maharashtra,2025-10-27
2962,Pooja Srinivas,Female,26.0,New Delhi,Delhi,2025-05-17
2963,Yashvi Sane,Other,27.0,Noida,Uttar Pradesh,2024-06-12
2964,Daksha Choudhary,Other,22.0,Thiruvananthapuram,Kerala,2024-04-10
2965,Januja Mand,Female,43.0,Ahmedabad,Gujarat,2023-07-08
2966,Omya Koshy,Male,29.0,Udaipur,Rajasthan,2024-03-09
2967,Champak Gopal,Male,35.0,Vadodara,Gujarat,2024-03-24
2968,Aadi Ben,Other,26.0,Ahmedabad,Gujarat,2026-02-19
2969,Simon Mangal,Other,16.0,Kochi,Kerala,2025-08-17
2970,Ati Chaudhuri,Other,34.0,Kanpur,Uttar Pradesh,2026-08-07
2971,Qasim Krishnan,Male,16.0,Surat,Gujarat,2023-04-22
2972,Januja Natt,Male,31.0,Warangal,Telangana,2024-07-06
2973,Isaac Chatterjee,Male,19.0,Bengaluru,Karnataka,2025-01-12
2974,Kalpit Narula,Male,49.0,Thiruvananthapuram,Kerala,2024-05-05
2975,Janaki Wadhwa,Other,40.0,Kolkata,West Bengal,2023-08-07
2976,Wazir Majumdar,Other,32.0,Bengaluru,Karnataka,2023-01-23
2977,Leena Chahal,Other,43.0,Kolkata,West Bengal,2024-02-18
2978,Kalpit Dara,Female,24.0,Mumbai,Maharashtra,2023-06-24
2979,Rayaan Hans,Other,36.0,Kochi,Kerala,2025-09-17
2980,Hardik Borde,Female,33.0,Mumbai,Maharashtra,2023-07-10
2981,Charvi Som,Female,34.0,Kolkata,West Bengal,2024-08-01
2982,Mitesh Bassi,Male,43.0,Vadodara,Gujarat,2024-10-06
2983,Rehaan Sahota,Female,38.0,Vadodara,Gujarat,2023-09-23
2984,Idika Pau,Female,34.0,Mysuru,Karnataka,2025-10-28
2985,Jacob Sarin,Male,17.0,Mangaluru,Karnataka,2023-02-18
2986,Vasudha Saini,Female,23.0,Thiruvananthapuram,Kerala,2026-04-15
2987,Ojas Mahal,Male,30.0,Pune,Maharashtra,2023-11-07
2988,Bimala Bath,Other,32.0,Lucknow,Uttar Pradesh,2023-07-11
2989,Ranveer Rao,Other,21.0,Chennai,Tamil Nadu,2023-10-16
2990,Yochana Borde,Female,53.0,New Delhi,Delhi,2023-09-26
2991,Raksha Upadhyay,Female,45.0,Warangal,Telangana,2026-06-30
2992,Madhavi Rattan,Other,37.0,Ahmedabad,Gujarat,2025-03-04
2993,Samuel Gour,Other,32.0,Chennai,Tamil Nadu,2026-05-27
2994,Nathaniel Kamdar,Other,30.0,Bengaluru,Karnataka,2026-07-09
2995,Yochana Shah,Male,23.0,Lucknow,Uttar Pradesh,2023-10-20
2996,Chavvi Kannan,Male,32.0,Siliguri,West Bengal,2025-10-18
2997,Amrita Dani,Female,34.0,Mysuru,Karnataka,2023-12-14
2998,Udarsh Bath,Male,20.0,Kolkata,West Bengal,2024-07-27
2999,Bishakha Baral,Female,35.0,Thiruvananthapuram,Kerala,2023-07-02
3000,Arunima Deol,Other,30.0,Bengaluru,Karnataka,2025-08-01
3001,Charan Kothari,Female,16.0,Durgapur,West Bengal,2025-06-24
3002,Jack Agarwal,Other,24.0,New Delhi,Delhi,2025-09-26
3003,Jyoti Nair,Female,28.0,Pune,Maharashtra,2025-04-01
3004,Aishani Deol,Other,48.0,Vadodara,Gujarat,2023-09-22
3005,Chaitaly Nair,Other,37.0,Kanpur,Uttar Pradesh,2026-07-03
3006,Advaith Parekh,Male,19.0,Warangal,Telangana,2025-04-26
3007,Ati Goda,Female,36.0,Udaipur,Rajasthan,2023-03-29
3008,Amol Yogi,Other,18.0,Kochi,Kerala,2024-05-16
3009,Lavanya Kurian,Male,41.0,Jaipur,Rajasthan,2023-08-04
3010,Riya Kannan,Male,27.0,Durgapur,West Bengal,2026-03-13
3011,Amruta Jani,Male,31.0,Ahmedabad,Gujarat,2025-03-06
3012,Nachiket Sehgal,Male,43.0,Noida,Uttar Pradesh,2024-12-15
3013,Radha Pillay,Other,20.0,Kanpur,Uttar Pradesh,2025-12-31
3014,Varenya Chander,Male,19.0,Lucknow,Uttar Pradesh,2024-01-05
3015,Pratyush Sharaf,Female,26.0,Mysuru,Karnataka,2024-02-13
3016,Patrick Gulati,Male,41.0,Surat,Gujarat,2024-10-11
3017,Pranit Manda,Male,18.0,Warangal,Telangana,2025-09-02
3018,Dayita Gaba,Female,16.0,Mysuru,Karnataka,2023-03-20
3019,Meera Guha,Female,27.0,Jaipur,Rajasthan,2023-10-26
3020,Luke Bora,Other,36.0,Coimbatore,Tamil Nadu,2023-03-06
3021,Yatan Sha,Male,42.0,Thiruvananthapuram,Kerala,2025-01-10
3022,Harish Vyas,Unknown,27.0,Surat,Gujarat,2023-04-21
3023,Advik Chaudhry,Other,28.0,Chennai,Tamil Nadu,2025-05-16
3024,Leena Bail,Other,42.0,Durgapur,West Bengal,2023-12-27
3025,Agastya Bassi,Male,,Bengaluru,Karnataka,2024-07-14
3026,Yuvraj Chacko,Female,28.0,Ahmedabad,Gujarat,2025-07-13
3027,Luke Arya,Male,33.0,Vadodara,Gujarat,2024-06-15
3028,Hitesh Nigam,Male,36.0,New Delhi,Delhi,2025-05-27
3029,Samaksh Dewan,Male,27.0,Warangal,Telangana,2024-02-11
3030,Sachi Gade,Female,32.0,Warangal,Telangana,2025-08-31
3031,Garima Srinivas,Other,16.0,Jaipur,Rajasthan,2025-06-13
3032,Yagnesh Bhalla,Male,26.0,Warangal,Telangana,2026-02-22
3033,Jatin Bail,Male,36.0,Kochi,Kerala,2026-03-30
3034,Harshil Minhas,Female,23.0,Kochi,Kerala,2024-10-10
3035,Yasti Sagar,Female,32.0,Mumbai,Maharashtra,2023-10-30
3036,Aarav Kapur,Male,36.0,Kanpur,Uttar Pradesh,2025-04-12
3037,Utkarsh Sane,Other,28.0,Siliguri,West Bengal,2023-01-08
3038,Manan Pandit,Other,33.0,Lucknow,Uttar Pradesh,2025-07-09
3039,Upkaar Rajagopalan,Male,23.0,Kochi,Kerala,2024-03-23
3040,Vyanjana Gara,Other,30.0,Coimbatore,Tamil Nadu,2026-01-23
3041,Udarsh Chaudry,Male,37.0,New Delhi,Delhi,2024-12-13
3042,Ishanvi Bose,Other,33.0,Chennai,Tamil Nadu,2026-03-27
3043,Jagat Patel,Female,26.0,Pune,Maharashtra,2023-02-03
3044,Caleb Dora,Other,34.0,Durgapur,West Bengal,2023-09-13
3045,Priya Wali,Female,38.0,Noida,Uttar Pradesh,2025-04-27
3046,Pratyush Sandal,Female,16.0,Surat,Gujarat,2026-01-15
3047,Charvi Mangat,Female,42.0,Vadodara,Gujarat,2023-08-21
3048,Hemang Madan,Female,28.0,New Delhi,Delhi,2025-02-03
3049,Jyoti Lanka,Other,35.0,New Delhi,Delhi,2025-06-11
3050,Aarnav Dixit,Unknown,42.0,Surat,Gujarat,2025-06-14
3051,Ekaja Divan,Other,19.0,Siliguri,West Bengal,2023-07-23
3052,Sanya Sridhar,Male,25.0,Bengaluru,Karnataka,2026-08-23
3053,Isaiah Sane,Female,29.0,Nagpur,Maharashtra,2023-08-01
3054,Maanav Chana,Other,24.0,Noida,Uttar Pradesh,2026-01-20
3055,Joshua Gopal,Female,47.0,Mangaluru,Karnataka,2025-10-27
3056,Ira Nagar,Other,24.0,Kochi,Kerala,2024-08-16
3057,Panini Srivastava,Male,27.0,Ahmedabad,Gujarat,2025-07-20
3058,Gauri Devi,Male,33.0,Udaipur,Rajasthan,2024-02-05
3059,Leela Sahota,Female,21.0,Lucknow,Uttar Pradesh,2025-08-08
3060,Waida Walia,Other,28.0,Vadodara,Gujarat,2025-03-21
3061,Leena Chacko,Male,34.0,Pune,Maharashtra,2025-11-05
3062,Theodore Chahal,Other,29.0,Durgapur,West Bengal,2024-06-25
3063,Janaki Agate,Other,31.0,Durgapur,West Bengal,2024-05-09
3064,Anay Patil,Male,27.0,Pune,Maharashtra,2023-02-01
3065,Kiaan Choudhary,Female,18.0,Mumbai,Maharashtra,2025-11-28
3066,Ikshita Patel,Female,34.0,Thiruvananthapuram,Kerala,2023-12-16
3067,Chaitaly Sharma,Male,47.0,Thiruvananthapuram,Kerala,2026-02-12
3068,Oviya Kibe,Other,32.0,Ahmedabad,Gujarat,2026-08-12
3069,Udarsh Bhalla,Other,34.0,Ahmedabad,Gujarat,2025-05-28
3070,Jacob Dhar,Other,38.0,New Delhi,Delhi,2023-12-22
3071,Atharv Samra,Other,20.0,Surat,Gujarat,2023-11-21
3072,Chatura Cherian,Male,47.0,Ahmedabad,Gujarat,2023-09-16
3073,Vansha Dugar,Other,33.0,Jaipur,Rajasthan,2026-03-27
3074,Manan Pau,Female,46.0,Vadodara,Gujarat,2026-02-06
3075,Farhan Konda,Male,25.0,New Delhi,Delhi,2023-07-10
3076,Advik Saha,Female,48.0,Bengaluru,Karnataka,2023-01-24
3077,Qabil Singhal,Male,38.0,Kochi,Kerala,2026-06-19
3078,Chandani Singhal,Other,36.0,Jaipur,Rajasthan,2025-02-22
3079,Geetika Sawhney,Other,,Nagpur,Maharashtra,2023-09-25
3080,Bhavini Choudhry,Other,29.0,Noida,Uttar Pradesh,2025-01-03
3081,Darpan Balay,Other,42.0,New Delhi,Delhi,2024-03-30
3082,Yahvi Dyal,Other,33.0,Kolkata,West Bengal,2024-05-17
3083,Meghana Sampath,Other,16.0,Surat,Gujarat,2023-04-16
3084,Aarna Thaker,Male,21.0,Kolkata,West Bengal,2026-07-08
3085,Utkarsh Sampath,Other,30.0,Nagpur,Maharashtra,2023-07-31
3086,Anita Chanda,Other,34.0,Mysuru,Karnataka,2023-09-09
3087,Jeremiah Kakar,Female,31.0,Bengaluru,Karnataka,2024-06-20
3088,Daksh Kanda,Male,42.0,New Delhi,Delhi,2025-10-09
3089,Qarin Brahmbhatt,Female,16.0,Hyderabad,Telangana,2023-07-26
3090,Vansha Munshi,Female,33.0,Lucknow,Uttar Pradesh,2023-05-31
3091,Lajita Gala,Male,16.0,Noida,Uttar Pradesh,2024-03-06
3092,Kamya Samra,Female,38.0,Surat,Gujarat,2026-07-21
3093,Anamika Chopra,Male,31.0,Lucknow,Uttar Pradesh,2024-09-03
3094,Faras Patil,Other,35.0,Mumbai,Maharashtra,2026-03-07
3095,Ayaan Khatri,Male,24.0,Kochi,Kerala,2024-12-03
3096,Nicholas Chhabra,Other,43.0,Warangal,Telangana,2026-05-13
3097,Siddharth Apte,Male,41.0,Jaipur,Rajasthan,2025-12-04
3098,Raghav Jaggi,Male,37.0,Kolkata,West Bengal,2026-05-26
3099,Wridesh Luthra,Male,30.0,Nagpur,Maharashtra,2025-11-26
3100,Chaitanya Sule,Male,37.0,Jaipur,Rajasthan,2025-01-17
3101,Chanakya Murty,Male,25.0,Bengaluru,Karnataka,2024-11-01
3102,Dayamai Anand,Male,39.0,New Delhi,Delhi,2023-09-17
3103,Barkha Rao,Female,46.0,Durgapur,West Bengal,2024-02-13
3104,Divya Raman,Other,41.0,Mysuru,Karnataka,2026-02-03
3105,Kai Chatterjee,Other,25.0,Durgapur,West Bengal,2025-10-12
3106,Nikita Thakur,Female,35.0,Vadodara,Gujarat,2024-01-31
3107,Yadavi Doctor,Male,20.0,Kolkata,West Bengal,2024-07-29
3108,Lavanya Sood,Other,37.0,Ahmedabad,Gujarat,2026-04-18
3109,Bina Edwin,Male,36.0,Kolkata,West Bengal,2025-09-26
3110,Ubika Brar,Female,16.0,Surat,Gujarat,2026-05-06
3111,Vincent Kale,Other,21.0,Durgapur,West Bengal,2023-08-09
3112,Naveen Thaker,Female,29.0,Thiruvananthapuram,Kerala,2024-02-14
3113,Sara Deep,Female,29.0,Thiruvananthapuram,Kerala,2026-07-19
3114,Bina Parsa,Male,21.0,Mysuru,Karnataka,2023-03-11
3115,Balveer Ram,Other,35.0,Udaipur,Rajasthan,2025-04-19
3116,Sathvik Borde,Other,34.0,Siliguri,West Bengal,2025-12-22
3117,Widisha Chatterjee,Male,30.0,Warangal,Telangana,2023-08-23
3118,Luke More,Female,25.0,New Delhi,Delhi,2024-01-16
3119,Wishi Chandra,Male,41.0,Hyderabad,Telangana,2024-03-16
3120,Dipta Gara,Male,46.0,Warangal,Telangana,2024-10-05
3121,Neel Bir,Female,27.0,Bengaluru,Karnataka,2023-01-23
3122,Januja Pandit,Female,26.0,Hyderabad,Telangana,2026-03-08
3123,Ekavir Gola,Other,36.0,Hyderabad,Telangana,2023-05-16
3124,Aarna Solanki,Other,28.0,Surat,Gujarat,2024-03-10
3125,Riya Dey,Male,30.0,Jaipur,Rajasthan,2026-02-22
3126,Vinaya Baral,Other,38.0,Siliguri,West Bengal,2023-06-03
3127,Bhavini Rattan,Other,16.0,Thiruvananthapuram,Kerala,2025-06-10
3128,Kai Sastry,Male,43.0,Warangal,Telangana,2024-02-08
3129,Yauvani Murthy,Female,32.0,Pune,Maharashtra,2023-04-06
3130,Fiyaz Sachdev,Male,28.0,Durgapur,West Bengal,2023-09-12
3131,Adya Basak,Other,31.0,Lucknow,Uttar Pradesh,2024-10-31
3132,Yash Anand,Male,31.0,Thiruvananthapuram,Kerala,2026-03-26
3133,Henry Mannan,Male,16.0,Pune,Maharashtra,2026-08-11
3134,Nathan Rastogi,Female,45.0,Kochi,Kerala,2024-08-05
3135,Udant Rama,Male,32.0,New Delhi,Delhi,2025-12-28
3136,Girik Palla,Female,35.0,Jaipur,Rajasthan,2026-08-13
3137,Upadhriti Warrior,Female,40.0,Mumbai,Maharashtra,2023-07-14
3138,Ikbal Chada,Female,22.0,Vadodara,Gujarat,2024-07-16
3139,Hritik Ranganathan,Female,36.0,Warangal,Telangana,2023-06-13
3140,Ryan Ratti,Female,29.0,Udaipur,Rajasthan,2026-06-08
3141,Dhruv Nadig,Female,39.0,Pune,Maharashtra,2025-07-19
3142,Vedika Kala,Male,16.0,Noida,Uttar Pradesh,2025-02-04
3143,Ishwar Mallick,Male,31.0,Kochi,Kerala,2024-04-03
3144,Balvan Dugal,Male,26.0,Mumbai,Maharashtra,2023-08-04
3145,Madhav Kala,Male,35.0,Warangal,Telangana,2023-12-15
3146,Azad Rai,Other,36.0,Bengaluru,Karnataka,2025-01-25
3147,Janaki Sani,Other,25.0,Jaipur,Rajasthan,2023-04-18
3148,Tanay Bhagat,Male,25.0,Kolkata,West Bengal,2023-04-09
3149,Arin Sampath,Female,31.0,Kolkata,West Bengal,2024-11-05
3150,Zayyan Goda,Female,23.0,Thiruvananthapuram,Kerala,2023-12-15
3151,Lucky Biswas,Male,39.0,New Delhi,Delhi,2023-09-16
3152,Nidhi Bumb,Other,28.0,Hyderabad,Telangana,2025-04-26
3153,Siya Saini,Male,16.0,Noida,Uttar Pradesh,2025-12-04
3154,Aashi Gour,Other,28.0,Jaipur,Rajasthan,2025-09-05
3155,George Sangha,Female,22.0,Kanpur,Uttar Pradesh,2025-09-15
3156,Chameli Gala,Female,17.0,Chennai,Tamil Nadu,2024-08-29
3157,Ikshita Saini,Other,20.0,Mysuru,Karnataka,2024-05-11
3158,Vaishnavi Wason,Male,32.0,Madurai,Tamil Nadu,2023-06-03
3159,Rajeshri Pant,Male,43.0,Lucknow,Uttar Pradesh,2023-01-27
3160,Advaith Issac,Female,34.0,Coimbatore,Tamil Nadu,2024-01-20
3161,Maanav Naik,Female,26.0,Lucknow,Uttar Pradesh,2024-03-03
3162,Akshay Dora,Unknown,36.0,Thiruvananthapuram,Kerala,2025-07-18
3163,Manbir Tata,Male,27.0,New Delhi,Delhi,2024-03-24
3164,Ishaan Ray,Female,25.0,Warangal,Telangana,2026-06-24
3165,Aarush Seshadri,Female,21.0,Jaipur,Rajasthan,2024-01-20
3166,Shivani Chatterjee,Female,16.0,Mysuru,Karnataka,2023-12-03
3167,Tejas Guha,Other,28.0,Siliguri,West Bengal,2023-07-29
3168,Ojas Purohit,Male,33.0,New Delhi,Delhi,2023-08-14
3169,Ijaya Kadakia,Female,31.0,Chennai,Tamil Nadu,2024-01-19
3170,Akshay Prabhakar,Female,28.0,Kolkata,West Bengal,2025-12-23
3171,Amol Mittal,Female,23.0,Kanpur,Uttar Pradesh,2023-08-31
3172,Yadavi Dash,Female,37.0,Jaipur,Rajasthan,2025-06-02
3173,Tamanna Sachdev,Female,20.0,Chennai,Tamil Nadu,2025-10-25
3174,Indira Pandey,Female,38.0,Vadodara,Gujarat,2023-04-19
3175,Gautami Comar,Female,22.0,Kanpur,Uttar Pradesh,2023-07-20
3176,Tara Sangha,Female,25.0,Nagpur,Maharashtra,2025-05-15
3177,Peter Gaba,Male,18.0,Coimbatore,Tamil Nadu,2025-04-04
3178,Lakshmi Mane,Other,27.0,New Delhi,Delhi,2026-05-29
3179,Bhanumati Chaudhary,Female,40.0,Noida,Uttar Pradesh,2023-08-12
3180,Hemang Chakraborty,Male,36.0,Nagpur,Maharashtra,2023-08-16
3181,Nisha Chawla,Male,40.0,Chennai,Tamil Nadu,2023-03-15
3182,Harish Sawhney,Male,,Thiruvananthapuram,Kerala,2023-05-15
3183,Bimala Salvi,Female,22.0,Jaipur,Rajasthan,2024-04-08
3184,Udant Sha,Female,29.0,Thiruvananthapuram,Kerala,2025-03-15
3185,Ishwar Hayre,Other,24.0,Bengaluru,Karnataka,2024-07-03
3186,Jeet Panchal,Male,43.0,Lucknow,Uttar Pradesh,2024-02-21
3187,Nitara Randhawa,Other,21.0,Warangal,Telangana,2026-05-06
3188,Kavya Kapur,Male,40.0,Siliguri,West Bengal,2023-07-13
3189,Amrita Lalla,Other,40.0,New Delhi,Delhi,2024-09-17
3190,Oeshi Khurana,Female,48.0,Chennai,Tamil Nadu,2023-05-23
3191,Oeshi Bali,Female,28.0,New Delhi,Delhi,2025-07-21
3192,Atharv Dube,Other,38.0,New Delhi,Delhi,2025-08-29
3193,Zilmil Nadkarni,Male,52.0,Surat,Gujarat,2023-12-30
3194,Onkar Sani,Male,26.0,Kolkata,West Bengal,2023-01-20
3195,Mahika Hans,Female,18.0,Thiruvananthapuram,Kerala,2026-04-09
3196,Charan Sanghvi,Male,16.0,Pune,Maharashtra,2025-08-25
3197,Madhavi Ghose,Male,38.0,Bengaluru,Karnataka,2026-03-07
3198,Eesha Varughese,Other,16.0,Kolkata,West Bengal,2025-10-27
3199,Rajeshri Kashyap,Male,28.0,New Delhi,Delhi,2023-07-24
3200,Jonathan Thaman,Female,35.0,Siliguri,West Bengal,2025-07-15
3201,Manya Lad,Female,33.0,Noida,Uttar Pradesh,2026-01-22
3202,Ekantika Jani,Female,35.0,Siliguri,West Bengal,2024-06-03
3203,Girik Bal,Male,34.0,Warangal,Telangana,2024-12-23
3204,Advay Dua,Female,43.0,Siliguri,West Bengal,2025-11-26
3205,Farhan Raja,Male,23.0,Thiruvananthapuram,Kerala,2024-07-06
3206,Kalpit Setty,Male,25.0,Jaipur,Rajasthan,2025-04-20
3207,Rachit Khatri,Male,25.0,Madurai,Tamil Nadu,2025-01-01
3208,Chameli Hari,Male,39.0,Lucknow,Uttar Pradesh,2026-03-28
3209,Kritika Lad,Male,40.0,Surat,Gujarat,2023-07-02
3210,Anvi Butala,Other,36.0,Coimbatore,Tamil Nadu,2023-08-10
3211,Arin Chauhan,Other,42.0,Siliguri,West Bengal,2026-01-20
3212,Tripti Das,Male,21.0,Noida,Uttar Pradesh,2024-06-27
3213,Lucky Mandal,Female,47.0,Warangal,Telangana,2026-04-21
3214,Pranit Chander,Female,45.0,Surat,Gujarat,2024-01-26
3215,Warda Pathak,Other,38.0,Nagpur,Maharashtra,2024-12-04
3216,Mahika Chaudhuri,Female,48.0,Kochi,Kerala,2025-07-20
3217,Anthony Sachdev,Female,17.0,Thiruvananthapuram,Kerala,2023-08-14
3218,Vidhi Bose,Other,27.0,Pune,Maharashtra,2023-10-29
3219,Oni Prashad,Male,25.0,Noida,Uttar Pradesh,2025-12-07
3220,Shravya Dyal,Other,38.0,Siliguri,West Bengal,2023-11-30
3221,Chanchal Anne,Female,22.0,Durgapur,West Bengal,2023-05-13
3222,Azad Dalal,Female,38.0,Kolkata,West Bengal,2023-03-25
3223,Idika Sule,Other,44.0,Coimbatore,Tamil Nadu,2023-09-10
3224,Nathan Vig,Female,38.0,Pune,Maharashtra,2023-01-11
3225,Jairaj Hans,Other,34.0,Surat,Gujarat,2023-01-02
3226,Arin Vasa,Male,23.0,Pune,Maharashtra,2024-12-18
3227,Tarak Patla,Other,24.0,Siliguri,West Bengal,2026-02-22
3228,Teerth Balan,Other,43.0,New Delhi,Delhi,2024-07-08
3229,Lakshit Kannan,Female,39.0,New Delhi,Delhi,2026-04-13
3230,Jonathan Loyal,Male,31.0,Mysuru,Karnataka,2023-03-07
3231,Vasatika Iyengar,Male,28.0,Kanpur,Uttar Pradesh,2026-07-28
3232,Ijaya Menon,Female,16.0,Surat,Gujarat,2023-07-20
3233,Warhi Sarin,Other,22.0,Durgapur,West Bengal,2024-09-28
3234,Reyansh Krishna,Other,49.0,New Delhi,Delhi,2024-10-22
3235,Rudra Mand,Other,20.0,Kochi,Kerala,2024-02-13
3236,Harshil Muni,Female,33.0,Kolkata,West Bengal,2026-02-09
3237,Samesh Sura,Female,41.0,Coimbatore,Tamil Nadu,2023-06-25
3238,Sanaya Sampath,Other,20.0,Siliguri,West Bengal,2025-08-02
3239,Eiravati Chokshi,Female,33.0,Jaipur,Rajasthan,2025-06-13
3240,Pushti Iyengar,Other,40.0,Bengaluru,Karnataka,2025-06-24
3241,Kashvi Bhatt,Female,32.0,Warangal,Telangana,2024-12-26
3242,Oliver Bandi,Female,57.0,Surat,Gujarat,2025-04-20
3243,Nimrat Memon,Other,16.0,Lucknow,Uttar Pradesh,2023-02-24
3244,Mitali Balan,Male,41.0,Ahmedabad,Gujarat,2026-06-13
3245,Pranit Naidu,Other,30.0,Kolkata,West Bengal,2025-11-14
3246,Quincy Parmar,Other,38.0,Hyderabad,Telangana,2026-01-17
3247,Elijah Kale,Male,35.0,Thiruvananthapuram,Kerala,2025-03-15
3248,Kamya Dhillon,Other,25.0,New Delhi,Delhi,2023-01-13
3249,Jason Andra,Female,34.0,Noida,Uttar Pradesh,2023-04-22
3250,Advay Narasimhan,Female,16.0,Bengaluru,Karnataka,2026-08-23
3251,Udyati Nagy,Other,37.0,Mysuru,Karnataka,2023-07-19
3252,Dominic Rajan,Female,34.0,Siliguri,West Bengal,2024-11-09
3253,Simon Vyas,Other,37.0,Mumbai,Maharashtra,2026-04-12
3254,Harshil Mall,Other,41.0,Jaipur,Rajasthan,2024-02-24
3255,Oviya Saran,Other,35.0,Jaipur,Rajasthan,2025-10-11
3256,Ekaja Hora,Other,33.0,New Delhi,Delhi,2026-08-03
3257,Chandran Tak,Other,24.0,New Delhi,Delhi,2024-09-28
3258,Chakradhar Maharaj,Other,25.0,Pune,Maharashtra,2024-02-16
3259,Jagdish Dash,Male,42.0,Bengaluru,Karnataka,2023-11-10
3260,Onveer Narain,Other,44.0,Kochi,Kerala,2023-07-18
3261,Warjas Bail,Male,29.0,Chennai,Tamil Nadu,2025-08-28
3262,Andrew Agrawal,Female,32.0,Nagpur,Maharashtra,2025-03-11
3263,Bhavani Deep,Female,23.0,Mumbai,Maharashtra,2025-04-08
3264,Balhaar Walla,Male,42.0,Lucknow,Uttar Pradesh,2026-01-24
3265,Geetika Babu,Other,37.0,Siliguri,West Bengal,2025-06-18
3266,Upma Chandran,Female,49.0,Kochi,Kerala,2023-10-27
3267,Charvi Maharaj,Male,24.0,Mumbai,Maharashtra,2024-05-07
3268,Hiral Ratta,Female,28.0,New Delhi,Delhi,2025-09-10
3269,Dhriti Tak,Other,34.0,Durgapur,West Bengal,2023-07-24
3270,Maya Misra,Female,37.0,Thiruvananthapuram,Kerala,2024-07-17
3271,Wakeeta Dara,Other,30.0,Surat,Gujarat,2023-08-08
3272,Harshil Balakrishnan,Female,24.0,Kanpur,Uttar Pradesh,2023-10-31
3273,Champak Anne,Female,39.0,Pune,Maharashtra,2023-09-04
3274,Henry Naidu,Male,38.0,Thiruvananthapuram,Kerala,2026-04-03
3275,Upkaar Garde,Other,23.0,Kolkata,West Bengal,2026-08-25
3276,Rayaan Pillay,Male,44.0,Thiruvananthapuram,Kerala,2024-12-27
3277,Charles Lad,Other,42.0,New Delhi,Delhi,2025-07-27
3278,Indrajit Bava,Male,33.0,Kolkata,West Bengal,2025-01-02
3279,Falan Lalla,Female,32.0,Jaipur,Rajasthan,2025-12-11
3280,Ladli Madan,Male,36.0,Vadodara,Gujarat,2023-12-24
3281,Lakshit Sharma,Other,24.0,New Delhi,Delhi,2026-02-27
3282,Jonathan Nagar,Other,32.0,Warangal,Telangana,2023-10-14
3283,Odika Sekhon,Female,16.0,Siliguri,West Bengal,2025-03-17
3284,Wridesh Sridhar,Female,39.0,Mangaluru,Karnataka,2025-02-10
3285,Avni Nagy,Other,17.0,Noida,Uttar Pradesh,2024-01-05
3286,Upkaar Chanda,Male,45.0,Thiruvananthapuram,Kerala,2024-10-25
3287,Chaman Butala,Other,29.0,Thiruvananthapuram,Kerala,2026-06-18
3288,Xavier Jha,Male,30.0,Ahmedabad,Gujarat,2023-03-02
3289,Falan Talwar,Male,26.0,New Delhi,Delhi,2023-08-06
3290,Simon Arya,Female,29.0,Noida,Uttar Pradesh,2024-10-24
3291,Upadhriti Rajan,Male,44.0,Madurai,Tamil Nadu,2023-08-04
3292,Vinaya Cheema,Female,16.0,New Delhi,Delhi,2023-05-12
3293,Sathvik Wable,Female,43.0,Nagpur,Maharashtra,2023-08-23
3294,Devika Setty,Male,35.0,Nagpur,Maharashtra,2025-06-23
3295,Yamini Cherian,Male,21.0,Hyderabad,Telangana,2024-10-19
3296,Theodore Patla,Female,22.0,Mangaluru,Karnataka,2025-02-12
3297,Sneha Varghese,Male,47.0,New Delhi,Delhi,2024-06-01
3298,Mugdha Guha,Other,23.0,Kanpur,Uttar Pradesh,2024-08-08
3299,Arunima Sampath,Other,21.0,Chennai,Tamil Nadu,2023-11-28
3300,Damyanti Chaudry,Male,42.0,Vadodara,Gujarat,2023-06-26
3301,Triya Chhabra,Other,35.0,Kochi,Kerala,2023-07-17
3302,Wridesh Babu,Male,23.0,Chennai,Tamil Nadu,2023-01-11
3303,Rachit Loke,Other,33.0,Warangal,Telangana,2026-01-24
3304,Vamakshi Wali,Male,22.0,Mysuru,Karnataka,2026-08-08
3305,Indira Lanka,Male,41.0,Udaipur,Rajasthan,2024-02-29
3306,Frado Pandya,Other,41.0,Thiruvananthapuram,Kerala,2024-12-22
3307,Simon Dora,Male,36.0,Hyderabad,Telangana,2025-06-17
3308,Yadavi Sankar,Female,35.0,Vadodara,Gujarat,2023-05-26
3309,Chatresh Sastry,Male,47.0,Kochi,Kerala,2025-11-25
3310,Kala Chaudhari,Male,31.0,Kolkata,West Bengal,2025-10-18
3311,Lavanya Sami,Other,21.0,Chennai,Tamil Nadu,2026-01-12
3312,Chaitaly Gulati,Male,36.0,Hyderabad,Telangana,2024-08-16
3313,Patrick Majumdar,Other,50.0,Durgapur,West Bengal,2025-01-02
3314,Zilmil Sant,Female,22.0,Bengaluru,Karnataka,2023-06-03
3315,Chandresh Kothari,Other,28.0,Jaipur,Rajasthan,2026-06-05
3316,Theodore Contractor,Female,35.0,Udaipur,Rajasthan,2026-06-20
3317,Balendra Lata,Other,31.0,Nagpur,Maharashtra,2023-08-16
3318,Dominic Wali,Female,23.0,Thiruvananthapuram,Kerala,2026-08-30
3319,Anya Kara,Female,42.0,Mumbai,Maharashtra,2025-05-13
3320,Manya Ramaswamy,Female,52.0,Kolkata,West Bengal,2023-05-02
3321,Thomas Loyal,Other,33.0,New Delhi,Delhi,2024-11-06
3322,Samesh Garg,Female,,Mumbai,Maharashtra,2023-05-30
3323,Idika Mani,Female,18.0,Kochi,Kerala,2023-05-25
3324,Aarush Chandra,Other,34.0,Vadodara,Gujarat,2026-06-08
3325,Yahvi Sood,Female,41.0,Mangaluru,Karnataka,2023-09-23
3326,William Garde,Male,36.0,Siliguri,West Bengal,2023-08-02
3327,Ekaraj Ganesan,Other,31.0,Pune,Maharashtra,2024-04-06
3328,Gaurangi Shah,Female,26.0,Warangal,Telangana,2024-09-13
3329,Agastya Som,Male,22.0,Chennai,Tamil Nadu,2023-02-23
3330,Gaurika Bail,Other,39.0,Madurai,Tamil Nadu,2025-02-15
3331,Aishani Bose,Female,40.0,Nagpur,Maharashtra,2023-04-17
3332,Aditya Pandey,Other,18.0,Surat,Gujarat,2023-09-14
3333,Aarav Suresh,Female,46.0,Vadodara,Gujarat,2026-01-30
3334,Urmi Choudhary,Female,37.0,New Delhi,Delhi,2023-08-30
3335,Anay Mannan,Female,44.0,Thiruvananthapuram,Kerala,2024-02-01
3336,Yahvi Ganesh,Male,19.0,Warangal,Telangana,2024-05-02
3337,Girindra Chaudhry,Other,19.0,Chennai,Tamil Nadu,2023-01-21
3338,Gautami Sethi,Other,30.0,Coimbatore,Tamil Nadu,2026-01-03
3339,Indali Kurian,Male,36.0,Kochi,Kerala,2024-05-26
3340,Zehaan Patla,Male,48.0,Mumbai,Maharashtra,2023-09-17
3341,Agastya Pandit,Female,,Lucknow,Uttar Pradesh,2023-03-31
3342,Gauri Vasa,Other,29.0,Warangal,Telangana,2024-05-15
3343,Isaiah Madan,Other,22.0,Kolkata,West Bengal,2025-03-25
3344,Manbir Roy,Male,43.0,Noida,Uttar Pradesh,2023-06-07
3345,Lucky Parikh,Other,23.0,Mysuru,Karnataka,2024-02-26
3346,Azaan Konda,Other,46.0,Noida,Uttar Pradesh,2025-01-01
3347,Jagvi Jhaveri,Other,29.0,Coimbatore,Tamil Nadu,2024-09-11
3348,Rishi Purohit,Other,46.0,Warangal,Telangana,2024-05-15
3349,Anusha Sengupta,Female,38.0,Udaipur,Rajasthan,2026-01-13
3350,Alka Palla,Male,30.0,Jaipur,Rajasthan,2024-12-10
3351,Mahika Sahni,Other,27.0,Vadodara,Gujarat,2025-09-22
3352,Dayamai Halder,Unknown,28.0,Kolkata,West Bengal,2023-10-08
3353,Zinal Oza,Female,35.0,Jaipur,Rajasthan,2026-02-06
3354,Rachita Sha,Female,32.0,Chennai,Tamil Nadu,2023-10-18
3355,Bhavya Choudhary,Other,26.0,Mumbai,Maharashtra,2025-06-20
3356,Wishi Din,Male,30.0,Lucknow,Uttar Pradesh,2025-10-18
3357,Mason Virk,Female,32.0,Pune,Maharashtra,2026-04-19
3358,Nicholas Mitter,Male,16.0,Surat,Gujarat,2023-05-03
3359,Bhavya Bhattacharyya,Female,36.0,Siliguri,West Bengal,2025-10-11
3360,Alexander Setty,Female,23.0,Pune,Maharashtra,2025-06-28
3361,Teerth Mandal,Male,21.0,Mumbai,Maharashtra,2025-02-15
3362,Chatresh Suresh,Other,16.0,New Delhi,Delhi,2023-04-18
3363,Abdul Sani,Other,16.0,Kolkata,West Bengal,2024-12-13
3364,Aadi Bedi,Female,19.0,Nagpur,Maharashtra,2024-06-21
3365,Lakshit Palla,Male,25.0,Kochi,Kerala,2024-11-29
3366,Yadavi Dubey,Female,49.0,Thiruvananthapuram,Kerala,2023-04-27
3367,Anika Dhar,Female,27.0,Mangaluru,Karnataka,2024-08-11
3368,Rachana Buch,Female,33.0,Udaipur,Rajasthan,2026-03-18
3369,Theodore Balay,Male,35.0,Thiruvananthapuram,Kerala,2025-02-19
3370,Isha Kothari,Male,33.0,Noida,Uttar Pradesh,2023-09-28
3371,Pahal Rastogi,Other,31.0,Pune,Maharashtra,2024-07-15
3372,Advika Mittal,Other,21.0,Bengaluru,Karnataka,2024-08-28
3373,Oscar Sarin,Male,45.0,Warangal,Telangana,2026-06-14
3374,Liam Iyengar,Female,48.0,Durgapur,West Bengal,2024-05-28
3375,Krishna Saha,Male,16.0,Kochi,Kerala,2024-09-20
3376,Charvi Mody,Female,22.0,Thiruvananthapuram,Kerala,2024-01-02
3377,Chameli Shenoy,Male,29.0,Kanpur,Uttar Pradesh,2025-06-19
3378,Keya Sarkar,Male,23.0,Pune,Maharashtra,2025-01-04
3379,Lakshit Vyas,Other,36.0,Noida,Uttar Pradesh,2024-03-22
3380,Dhriti Thakur,Other,25.0,Ahmedabad,Gujarat,2023-06-12
3381,Upadhriti Pandya,Other,51.0,Siliguri,West Bengal,2024-10-05
3382,Unnati Salvi,Male,42.0,Mysuru,Karnataka,2024-06-12
3383,Triya Bala,Female,33.0,Durgapur,West Bengal,2023-09-18
3384,Oviya Chakrabarti,Male,41.0,Madurai,Tamil Nadu,2023-10-28
3385,Chasmum Kibe,Male,41.0,Kochi,Kerala,2023-08-23
3386,Joshua Memon,Other,26.0,Mumbai,Maharashtra,2025-11-03
3387,Maya Dass,Female,24.0,Noida,Uttar Pradesh,2023-03-27
3388,Abeer Shere,Male,32.0,Jaipur,Rajasthan,2024-06-14
3389,Chatura Chad,Other,39.0,Kolkata,West Bengal,2024-12-24
3390,Anamika Chhabra,Other,33.0,Jaipur,Rajasthan,2024-04-25
3391,Gunbir Mannan,Male,17.0,Hyderabad,Telangana,2025-11-04
3392,Garima Bhat,Other,24.0,Lucknow,Uttar Pradesh,2023-06-08
3393,Yasti Bera,Female,31.0,Chennai,Tamil Nadu,2026-03-14
3394,Zaitra Dhawan,Male,31.0,Warangal,Telangana,2026-08-07
3395,Laban Kapoor,Male,49.0,Surat,Gujarat,2023-02-20
3396,Charvi Mukhopadhyay,Female,19.0,Warangal,Telangana,2025-04-15
3397,Vedhika Iyer,Female,36.0,Warangal,Telangana,2026-06-27
3398,Ekalinga Acharya,Female,45.0,Mumbai,Maharashtra,2023-04-02
3399,Jai Venkatesh,Other,52.0,Kolkata,West Bengal,2023-02-22
3400,Yug Jayaraman,Male,28.0,Mangaluru,Karnataka,2024-10-03
3401,Urvi Bakshi,Male,36.0,Udaipur,Rajasthan,2025-02-14
3402,Mahika Bhakta,Other,37.0,Kochi,Kerala,2023-11-04
3403,Charita Ravel,Male,33.0,Vadodara,Gujarat,2023-06-08
3404,Qarin Keer,Other,31.0,Madurai,Tamil Nadu,2026-03-22
3405,Reva Dasgupta,Other,35.0,Udaipur,Rajasthan,2023-09-06
3406,Madhav Bains,Other,16.0,Jaipur,Rajasthan,2025-08-25
3407,Lucky Khosla,Female,38.0,Udaipur,Rajasthan,2024-07-05
3408,Yasti Iyer,Female,33.0,Madurai,Tamil Nadu,2024-05-14
3409,Varsha Mann,Female,29.0,Hyderabad,Telangana,2024-04-17
3410,Harish Tailor,Other,50.0,Kanpur,Uttar Pradesh,2023-08-25
3411,Anvi Raman,Other,25.0,Coimbatore,Tamil Nadu,2025-04-19
3412,Hredhaan Shetty,Female,28.0,Hyderabad,Telangana,2026-02-21
3413,Pavani Divan,Female,49.0,Jaipur,Rajasthan,2026-08-31
3414,Bhanumati Shankar,Male,24.0,Noida,Uttar Pradesh,2025-07-08
3415,Lopa Apte,Other,27.0,Ahmedabad,Gujarat,2023-09-14
3416,Bahadurjit Saxena,Female,30.0,Jaipur,Rajasthan,2026-04-12
3417,Isha Dewan,Female,39.0,New Delhi,Delhi,2024-11-30
3418,Tara Malhotra,Male,33.0,Hyderabad,Telangana,2025-04-16
3419,Nathan Parmar,Male,20.0,Vadodara,Gujarat,2026-03-25
3420,Ikshita Vohra,Male,27.0,Noida,Uttar Pradesh,2024-01-04
3421,Yochana Bhatnagar,Male,26.0,Lucknow,Uttar Pradesh,2023-09-05
3422,Max Pandey,Other,31.0,Surat,Gujarat,2025-08-20
3423,Tripti Dey,Male,35.0,Bengaluru,Karnataka,2025-06-02
3424,Chavvi Ramesh,Male,35.0,Nagpur,Maharashtra,2023-05-30
3425,Veda Puri,Female,16.0,New Delhi,Delhi,2024-12-26
3426,Pranit Tripathi,Other,41.0,New Delhi,Delhi,2026-02-14
3427,Kai Naik,Female,34.0,Madurai,Tamil Nadu,2023-09-01
3428,Netra Bir,Other,44.0,Warangal,Telangana,2026-05-31
3429,Ayushman Dutt,Other,35.0,Kochi,Kerala,2023-04-03
3430,Gopal Cherian,Female,41.0,Mangaluru,Karnataka,2025-07-08
3431,Vamakshi Naik,Female,36.0,Vadodara,Gujarat,2025-06-11
3432,Warjas Cheema,Other,44.0,Durgapur,West Bengal,2023-10-03
3433,Leena Salvi,Male,36.0,New Delhi,Delhi,2023-01-16
3434,David Krishna,Other,31.0,Thiruvananthapuram,Kerala,2026-08-22
3435,Baljiwan Bora,Female,52.0,Kanpur,Uttar Pradesh,2025-06-17
3436,Kavya Balan,Male,40.0,New Delhi,Delhi,2024-04-20
3437,Ekani Chokshi,Female,37.0,Durgapur,West Bengal,2023-04-09
3438,Krishna Deol,Female,20.0,Thiruvananthapuram,Kerala,2024-10-23
3439,Rohan Krishnan,Male,20.0,Surat,Gujarat,2023-10-21
3440,Raksha Mangal,Other,34.0,Nagpur,Maharashtra,2024-03-07
3441,Saksham Edwin,Female,33.0,Vadodara,Gujarat,2026-03-23
3442,Rehaan Chadha,Male,26.0,Thiruvananthapuram,Kerala,2024-12-12
3443,Gopal Jani,Male,33.0,Kolkata,West Bengal,2024-08-12
3444,Logan Ahluwalia,Female,46.0,Durgapur,West Bengal,2024-04-03
3445,Nikita Bora,Female,38.0,New Delhi,Delhi,2026-05-26
3446,Qasim Wable,Other,21.0,Bengaluru,Karnataka,2024-07-24
3447,Ranveer Johal,Male,30.0,New Delhi,Delhi,2026-02-04
3448,Xiti Pandey,Male,24.0,Jaipur,Rajasthan,2026-05-10
3449,Lakshit Bhavsar,Other,28.0,Nagpur,Maharashtra,2024-02-04
3450,Prisha Puri,Male,28.0,Pune,Maharashtra,2025-01-26
3451,Farhan Datta,Other,27.0,Coimbatore,Tamil Nadu,2025-05-23
3452,Harrison Dalal,Male,20.0,Noida,Uttar Pradesh,2025-07-18
3453,Vihaan Behl,Other,30.0,Kolkata,West Bengal,2023-09-03
3454,Arin Kapur,Female,26.0,Kanpur,Uttar Pradesh,2024-06-22
3455,Zayan Ramakrishnan,Female,16.0,Bengaluru,Karnataka,2023-08-27
3456,Ekansh Dugar,Other,50.0,Hyderabad,Telangana,2024-03-31
3457,Falan Warrior,Male,,Mysuru,Karnataka,2025-11-04
3458,Zarna Tella,Female,28.0,Warangal,Telangana,2026-07-15
3459,Mohini Bhandari,Other,32.0,Jaipur,Rajasthan,2024-10-06
3460,Urishilla Lall,Male,21.0,Pune,Maharashtra,2025-12-03
3461,Bachittar Nigam,Other,47.0,Hyderabad,Telangana,2026-07-06
3462,Advika Iyer,Other,49.0,Nagpur,Maharashtra,2023-01-17
3463,Daniel Dewan,Other,33.0,Chennai,Tamil Nadu,2025-02-09
3464,Forum Bhatia,Male,41.0,Madurai,Tamil Nadu,2024-06-27
3465,Wakeeta Bora,Female,33.0,Lucknow,Uttar Pradesh,2024-01-19
3466,Hiral Bobal,Male,19.0,Kanpur,Uttar Pradesh,2024-02-11
3467,Faris Srinivas,Other,28.0,Mangaluru,Karnataka,2024-03-14
3468,Anika Barman,Male,33.0,Pune,Maharashtra,2025-10-01
3469,Balendra Taneja,Other,27.0,Jaipur,Rajasthan,2023-12-31
3470,Inaya Sankar,Other,30.0,Pune,Maharashtra,2024-06-22
3471,Chavvi Kari,Other,31.0,Thiruvananthapuram,Kerala,2026-04-10
3472,Christopher Bal,Female,31.0,Madurai,Tamil Nadu,2025-09-18
3473,Ladli Badami,Female,32.0,Jaipur,Rajasthan,2024-04-19
3474,Charles Ram,Female,22.0,Siliguri,West Bengal,2025-09-30
3475,Jeremiah Sani,Female,25.0,Vadodara,Gujarat,2026-01-17
3476,Lakshit D’Alia,Male,20.0,Kanpur,Uttar Pradesh,2024-03-24
3477,Jacob Pillai,Female,40.0,Mysuru,Karnataka,2025-07-04
3478,Rishi Oza,Other,16.0,Hyderabad,Telangana,2025-05-20
3479,Dalbir Khanna,Female,42.0,Bengaluru,Karnataka,2024-10-15
3480,George Anne,Other,44.0,Mysuru,Karnataka,2025-03-26
3481,Nitara Yadav,Female,29.0,New Delhi,Delhi,2026-05-15
3482,Alexander Krish,Male,16.0,Vadodara,Gujarat,2023-03-01
3483,Faraj Bhandari,Other,28.0,Durgapur,West Bengal,2024-03-16
3484,Reva Gole,Other,31.0,Ahmedabad,Gujarat,2024-10-23
3485,Caleb Murthy,Female,22.0,Siliguri,West Bengal,2025-04-22
3486,Yash Master,Female,27.0,Surat,Gujarat,2025-03-27
3487,Mitali Srinivas,Female,45.0,Kolkata,West Bengal,2025-09-21
3488,Faraj Bose,Other,37.0,Coimbatore,Tamil Nadu,2023-04-04
3489,Samesh Talwar,Female,23.0,Durgapur,West Bengal,2024-03-29
3490,Thomas Sawhney,Other,17.0,Kochi,Kerala,2024-02-27
3491,Jeevika Master,Other,29.0,Mangaluru,Karnataka,2024-11-06
3492,Amara Nagar,Other,30.0,New Delhi,Delhi,2023-02-13
3493,Chatura Pal,Other,36.0,Ahmedabad,Gujarat,2024-11-13
3494,Vedika Mammen,Other,27.0,Hyderabad,Telangana,2023-04-11
3495,Samar Devan,Female,36.0,Jaipur,Rajasthan,2026-01-01
3496,Dalaja Kade,Other,49.0,Chennai,Tamil Nadu,2025-03-21
3497,Kashish Dhar,Male,39.0,Coimbatore,Tamil Nadu,2025-02-04
3498,Wahab Sarraf,Male,31.0,Warangal,Telangana,2026-02-06
3499,Ishaan Bail,Male,30.0,Chennai,Tamil Nadu,2023-02-11
3500,Bahadurjit Madan,Other,28.0,Jaipur,Rajasthan,2025-03-25
3501,Leena Mital,Male,42.0,Lucknow,Uttar Pradesh,2024-08-02
3502,Darpan Mallick,Male,26.0,Kolkata,West Bengal,2026-07-17
3503,Warhi Bahl,Female,32.0,Chennai,Tamil Nadu,2023-09-11
3504,Leena Sawhney,Female,32.0,Vadodara,Gujarat,2023-09-26
3505,Udarsh Jha,Male,27.0,Kolkata,West Bengal,2023-06-01
3506,Qarin Sankar,Male,19.0,Udaipur,Rajasthan,2023-01-31
3507,Dalaja Balay,Male,34.0,Jaipur,Rajasthan,2026-04-19
3508,Atharv Nayar,Other,31.0,Ahmedabad,Gujarat,2024-10-01
3509,Tarak Bala,Other,36.0,Warangal,Telangana,2023-02-17
3510,Radha Sane,Female,27.0,Durgapur,West Bengal,2024-02-20
3511,Ikbal Rama,Other,42.0,Mysuru,Karnataka,2026-03-26
3512,Ubika Samra,Female,24.0,Kanpur,Uttar Pradesh,2025-05-29
3513,Nicholas Raj,Female,47.0,Bengaluru,Karnataka,2026-02-22
3514,Wazir Deo,Female,16.0,Durgapur,West Bengal,2025-12-28
3515,Avni Mahal,Female,35.0,Jaipur,Rajasthan,2023-02-05
3516,Zaid Merchant,Female,36.0,Noida,Uttar Pradesh,2025-02-02
3517,Megha Barad,Female,24.0,Jaipur,Rajasthan,2024-04-03
3518,Janaki Luthra,Female,35.0,Kochi,Kerala,2024-04-20
3519,Advik Dash,Female,43.0,Kanpur,Uttar Pradesh,2026-02-27
3520,Ekani Lalla,Female,16.0,Mangaluru,Karnataka,2024-11-11
3521,Sachi Shere,Male,36.0,New Delhi,Delhi,2026-02-22
3522,Ria Andra,Female,16.0,New Delhi,Delhi,2026-04-30
3523,Balhaar Parmer,Male,23.0,Chennai,Tamil Nadu,2025-04-05
3524,Tejas Rege,Other,46.0,Thiruvananthapuram,Kerala,2026-03-06
3525,Fariq Malhotra,Female,26.0,Chennai,Tamil Nadu,2024-05-31
3526,Devansh Sastry,Other,21.0,Surat,Gujarat,2024-11-22
3527,Aarna Majumdar,Female,30.0,New Delhi,Delhi,2026-03-03
3528,Warda Datta,Male,50.0,Thiruvananthapuram,Kerala,2024-07-03
3529,Owen Din,Female,16.0,Madurai,Tamil Nadu,2026-01-22
3530,Viraj Contractor,Other,22.0,Kanpur,Uttar Pradesh,2024-04-27
3531,Qarin Toor,Other,45.0,Warangal,Telangana,2025-09-16
3532,Edhitha Barman,Male,48.0,Jaipur,Rajasthan,2025-05-21
3533,Darsh Lad,Male,31.0,Mysuru,Karnataka,2023-01-28
3534,Amol Pandit,Male,20.0,New Delhi,Delhi,2024-02-09
3535,Wahab Palla,Male,50.0,Lucknow,Uttar Pradesh,2025-05-18
3536,Faras Tripathi,Other,46.0,Lucknow,Uttar Pradesh,2025-12-10
3537,Isaiah Vaidya,Other,38.0,Lucknow,Uttar Pradesh,2026-01-25
3538,Warjas Jani,Male,24.0,Surat,Gujarat,2024-08-30
3539,Kamya Sagar,Female,31.0,Mysuru,Karnataka,2024-07-09
3540,Pooja Mandal,Other,30.0,Udaipur,Rajasthan,2025-01-31
3541,Aryan Narain,Male,34.0,Kochi,Kerala,2024-08-17
3542,Gautami Reddy,Other,45.0,Jaipur,Rajasthan,2025-01-30
3543,Upma Menon,Female,39.0,Udaipur,Rajasthan,2025-08-05
3544,Naveen Pillay,Unknown,22.0,Coimbatore,Tamil Nadu,2023-10-05
3545,Bina Doctor,Male,44.0,New Delhi,Delhi,2024-10-12
3546,Hitesh Kakar,Male,34.0,Ahmedabad,Gujarat,2025-08-21
3547,Yasti Trivedi,Female,38.0,Bengaluru,Karnataka,2024-01-20
3548,Tanveer Radhakrishnan,Male,45.0,Madurai,Tamil Nadu,2026-01-06
3549,Mason Raj,Male,21.0,Kanpur,Uttar Pradesh,2023-05-06
3550,Faras Kapur,Other,31.0,Thiruvananthapuram,Kerala,2023-11-17
3551,Jairaj Wable,Other,27.0,Mysuru,Karnataka,2026-02-19
3552,Urmi Vohra,Other,17.0,Coimbatore,Tamil Nadu,2023-01-29
3553,Edhitha Luthra,Female,35.0,Coimbatore,Tamil Nadu,2025-05-22
3554,Chaaya Kohli,Female,54.0,Thiruvananthapuram,Kerala,2026-07-02
3555,Xavier Pathak,Other,16.0,Surat,Gujarat,2026-01-13
3556,Tamanna Murty,Other,31.0,Chennai,Tamil Nadu,2023-11-09
3557,Wridesh Saxena,Male,37.0,Mangaluru,Karnataka,2024-07-27
3558,Janaki Buch,Other,33.0,New Delhi,Delhi,2023-07-29
3559,Yashasvi Bose,Female,30.0,New Delhi,Delhi,2026-03-24
3560,Veda Karpe,Other,20.0,Thiruvananthapuram,Kerala,2026-06-15
3561,Omya Karpe,Male,34.0,Lucknow,Uttar Pradesh,2023-01-06
3562,Yash Reddy,Male,25.0,Chennai,Tamil Nadu,2026-06-13
3563,Abha Mangat,Male,16.0,New Delhi,Delhi,2025-08-31
3564,Dipta Dalal,Male,42.0,Pune,Maharashtra,2023-04-17
3565,Nilima Sama,Female,40.0,New Delhi,Delhi,2025-08-24
3566,Warda Hora,Other,32.0,Warangal,Telangana,2023-08-29
3567,Sudiksha Aurora,Female,34.0,Madurai,Tamil Nadu,2025-02-11
3568,Jai Sahota,Female,41.0,Vadodara,Gujarat,2024-12-28
3569,Upma Chaudhuri,Female,34.0,Siliguri,West Bengal,2025-12-22
3570,Bahadurjit Sankar,Male,40.0,Mangaluru,Karnataka,2023-12-07
3571,Ojas Bora,Male,29.0,Siliguri,West Bengal,2025-06-14
3572,Yutika Wagle,Female,43.0,Udaipur,Rajasthan,2024-05-28
3573,Pahal Pandya,Female,34.0,Mangaluru,Karnataka,2026-08-28
3574,Neelima Khurana,Male,33.0,Hyderabad,Telangana,2025-01-18
3575,Jagat Nayar,Female,20.0,Noida,Uttar Pradesh,2025-05-18
3576,Hritik Bath,Other,34.0,Madurai,Tamil Nadu,2024-01-27
3577,Isha Sen,Male,24.0,Surat,Gujarat,2023-01-22
3578,Shivani Sarin,Female,26.0,Coimbatore,Tamil Nadu,2025-12-13
3579,Vansha Desai,Other,24.0,Chennai,Tamil Nadu,2024-09-27
3580,Yashodhara Chacko,Female,22.0,Hyderabad,Telangana,2024-06-03
3581,Abhimanyu Pingle,Other,51.0,Jaipur,Rajasthan,2024-07-13
3582,Ladli Nagi,Female,43.0,Nagpur,Maharashtra,2026-08-07
3583,Patrick Trivedi,Male,49.0,Kanpur,Uttar Pradesh,2024-06-02
3584,Gunbir Kata,Male,20.0,Siliguri,West Bengal,2026-03-17
3585,Wakeeta Om,Female,32.0,Nagpur,Maharashtra,2026-05-29
3586,Zarna Vohra,Unknown,20.0,Kanpur,Uttar Pradesh,2025-08-27
3587,Bhavika Naidu,Male,25.0,Jaipur,Rajasthan,2025-01-26
3588,Eiravati Gokhale,Other,23.0,Nagpur,Maharashtra,2023-11-10
3589,Benjamin Kade,Male,43.0,New Delhi,Delhi,2025-05-09
3590,Zilmil Mall,Female,28.0,Bengaluru,Karnataka,2026-07-29
3591,Hardik Palan,Male,41.0,Pune,Maharashtra,2026-01-19
3592,Noah Dani,Other,37.0,Kolkata,West Bengal,2026-06-11
3593,Anusha Sur,Other,52.0,Pune,Maharashtra,2024-10-10
3594,Udarsh Gara,Other,18.0,New Delhi,Delhi,2023-01-30
3595,Aashi Cherian,Other,43.0,Surat,Gujarat,2023-05-06
3596,Arya Dhaliwal,Other,42.0,Bengaluru,Karnataka,2023-10-30
3597,Samuel Trivedi,Male,23.0,Kolkata,West Bengal,2025-06-27
3598,Ayaan Baral,Other,41.0,Pune,Maharashtra,2024-02-11
3599,Abeer Suresh,Male,35.0,Udaipur,Rajasthan,2026-07-25
3600,Kala Jani,Unknown,29.0,Pune,Maharashtra,2026-02-22
3601,Pooja Saxena,Female,24.0,Hyderabad,Telangana,2025-08-12
3602,Sudiksha Merchant,Other,25.0,Kochi,Kerala,2025-08-06
3603,Jagdish Saxena,Male,50.0,Bengaluru,Karnataka,2024-01-09
3604,Wakeeta Lall,Female,32.0,Bengaluru,Karnataka,2026-04-25
3605,Laksh Mallick,Male,39.0,Mumbai,Maharashtra,2024-03-21
3606,Irya Brar,Male,24.0,Warangal,Telangana,2024-05-20
3607,Falan Narain,Other,24.0,Siliguri,West Bengal,2024-01-27
3608,Yashica Nayak,Male,41.0,New Delhi,Delhi,2025-02-15
3609,Sudiksha Varghese,Female,19.0,Kolkata,West Bengal,2023-10-15
3610,Divya Barad,Female,28.0,Thiruvananthapuram,Kerala,2024-04-07
3611,Harish Verma,Male,32.0,Coimbatore,Tamil Nadu,2023-12-29
3612,Ranveer Banik,Other,33.0,Durgapur,West Bengal,2025-06-19
3613,Yatan Devan,Female,30.0,Kolkata,West Bengal,2024-12-28
3614,Thomas Hayre,Female,35.0,Thiruvananthapuram,Kerala,2026-08-07
3615,Upma Doshi,Other,38.0,Udaipur,Rajasthan,2023-12-16
3616,Rachit Taneja,Female,38.0,Nagpur,Maharashtra,2023-11-15
3617,Karan Issac,Other,23.0,Jaipur,Rajasthan,2025-06-07
3618,Zaitra Kala,Male,29.0,Warangal,Telangana,2024-12-01
3619,Radha Bhavsar,Male,42.0,Udaipur,Rajasthan,2025-11-17
3620,Sathvik Gokhale,Male,40.0,Coimbatore,Tamil Nadu,2025-08-15
3621,Omya Lall,Male,19.0,Kolkata,West Bengal,2025-11-24
3622,Wahab Palla,Male,35.0,New Delhi,Delhi,2025-08-14
3623,Pranit Mital,Female,16.0,Thiruvananthapuram,Kerala,2026-02-28
3624,Brinda Sundaram,Other,32.0,Vadodara,Gujarat,2023-03-11
3625,Manya Parikh,Other,49.0,Hyderabad,Telangana,2025-01-04
3626,Chakrika Char,Female,23.0,Mumbai,Maharashtra,2025-08-31
3627,Isaiah Mani,Other,24.0,Warangal,Telangana,2023-07-25
3628,Sanya Nanda,Female,38.0,New Delhi,Delhi,2023-11-30
3629,Pavani D’Alia,Male,18.0,Noida,Uttar Pradesh,2023-02-14
3630,Ucchal Nagar,Female,26.0,Noida,Uttar Pradesh,2026-04-30
3631,Idika Rao,Other,37.0,Thiruvananthapuram,Kerala,2025-03-28
3632,Veda Suresh,Female,26.0,Lucknow,Uttar Pradesh,2025-02-03
3633,Wahab Balakrishnan,Female,29.0,Thiruvananthapuram,Kerala,2025-04-01
3634,Amrita Tripathi,Male,38.0,Kolkata,West Bengal,2025-11-04
3635,Nilima Bhat,Female,35.0,Mysuru,Karnataka,2024-07-05
3636,Advika Nadkarni,Other,34.0,Thiruvananthapuram,Kerala,2023-02-28
3637,Mahika Sathe,Female,28.0,New Delhi,Delhi,2026-05-07
3638,Mohini Lad,Other,35.0,Jaipur,Rajasthan,2023-10-13
3639,Amrita Sunder,Male,30.0,New Delhi,Delhi,2023-07-05
3640,Harinakshi Bath,Female,36.0,Kolkata,West Bengal,2025-07-28
3641,Sara Rout,Female,27.0,Ahmedabad,Gujarat,2023-01-02
3642,Ojas Wason,Male,30.0,New Delhi,Delhi,2024-09-09
3643,Imaran Narayan,Male,23.0,Kolkata,West Bengal,2024-04-28
3644,Anmol Bail,Male,31.0,Coimbatore,Tamil Nadu,2024-05-16
3645,Gautam Nath,Male,24.0,New Delhi,Delhi,2025-09-04
3646,Dev Bawa,Male,21.0,New Delhi,Delhi,2025-08-22
3647,Janaki Wason,Other,34.0,Udaipur,Rajasthan,2024-03-11
3648,Naksh Wason,Female,33.0,Noida,Uttar Pradesh,2025-08-07
3649,Veer Mannan,Female,39.0,Chennai,Tamil Nadu,2023-09-21
3650,Kashvi Narula,Female,28.0,Hyderabad,Telangana,2024-10-31
3651,Tanveer Kothari,Other,35.0,Siliguri,West Bengal,2025-05-19
3652,Balendra Bahri,Other,36.0,Thiruvananthapuram,Kerala,2023-05-27
3653,Yachana Rao,Other,36.0,Warangal,Telangana,2026-04-16
3654,Brijesh Dugar,Other,24.0,Mumbai,Maharashtra,2023-12-31
3655,Charvi Bajwa,Female,33.0,Coimbatore,Tamil Nadu,2024-11-27
3656,Yug Bandi,Other,35.0,Jaipur,Rajasthan,2026-05-12
3657,Jatin Purohit,Other,32.0,Ahmedabad,Gujarat,2024-04-16
3658,Karan Madan,Male,16.0,New Delhi,Delhi,2023-04-01
3659,Faraj Borah,Female,33.0,Coimbatore,Tamil Nadu,2023-07-10
3660,Anmol Aurora,Other,51.0,Warangal,Telangana,2024-01-04
3661,Girish Raman,Female,28.0,Ahmedabad,Gujarat,2024-09-29
3662,Devika Naik,Female,25.0,Vadodara,Gujarat,2023-03-13
3663,Yauvani Bajaj,Male,35.0,Durgapur,West Bengal,2023-12-01
3664,Anusha Shanker,Other,34.0,Vadodara,Gujarat,2023-08-06
3665,Harish Lalla,Female,42.0,Lucknow,Uttar Pradesh,2023-07-27
3666,Krisha Manne,Male,20.0,Ahmedabad,Gujarat,2024-10-15
3667,Girik Kapadia,Other,38.0,New Delhi,Delhi,2025-07-20
3668,Arya Subramanian,Other,37.0,Pune,Maharashtra,2025-04-02
3669,Yashawini Konda,Female,30.0,Ahmedabad,Gujarat,2025-05-20
3670,Anay Taneja,Other,35.0,Siliguri,West Bengal,2023-08-26
3671,Kashish Chokshi,Other,41.0,Thiruvananthapuram,Kerala,2025-02-02
3672,Udarsh Bakshi,Female,39.0,Noida,Uttar Pradesh,2025-12-31
3673,Vincent Sekhon,Male,21.0,Hyderabad,Telangana,2025-05-18
3674,Vansha Chopra,Other,39.0,Udaipur,Rajasthan,2023-06-13
3675,Gaurangi Dhawan,Female,31.0,New Delhi,Delhi,2026-04-23
3676,Girish Gara,Other,32.0,Kolkata,West Bengal,2026-06-12
3677,Vrishti Krish,Male,32.0,Kanpur,Uttar Pradesh,2025-08-09
3678,Lohit Rau,Male,30.0,Kolkata,West Bengal,2025-09-29
3679,Viraj Bhargava,Male,42.0,Kanpur,Uttar Pradesh,2026-05-12
3680,Zayyan Sabharwal,Female,31.0,Warangal,Telangana,2024-11-22
3681,Geetika Dora,Other,21.0,Kolkata,West Bengal,2024-07-01
3682,Ekanta Ray,Female,28.0,New Delhi,Delhi,2025-05-04
3683,Amrita Kadakia,Female,,Pune,Maharashtra,2024-09-01
3684,Xalak Munshi,Male,43.0,Nagpur,Maharashtra,2025-01-01
3685,Ekanta Shenoy,Other,37.0,Nagpur,Maharashtra,2025-03-22
3686,Yoshita Bumb,Male,24.0,Chennai,Tamil Nadu,2025-12-31
3687,Pavani Brahmbhatt,Other,54.0,Bengaluru,Karnataka,2023-10-24
3688,Joshua Arya,Female,34.0,Kanpur,Uttar Pradesh,2024-12-08
3689,Zinal Dara,Other,43.0,Noida,Uttar Pradesh,2024-05-14
3690,Rudra Sarma,Male,30.0,Udaipur,Rajasthan,2023-06-06
3691,Balvan Samra,Male,36.0,Warangal,Telangana,2023-10-28
3692,Onkar Vohra,Female,39.0,Kochi,Kerala,2025-11-15
3693,Logan Sahota,Other,42.0,Mysuru,Karnataka,2024-09-10
3694,Aditya Minhas,Male,41.0,Surat,Gujarat,2024-01-12
3695,Radhika Menon,Other,39.0,Siliguri,West Bengal,2023-06-12
3696,Ekantika Prabhu,Male,29.0,Ahmedabad,Gujarat,2026-03-15
3697,Lohit Mannan,Other,26.0,Durgapur,West Bengal,2025-11-18
3698,Kamya Venkataraman,Other,34.0,Jaipur,Rajasthan,2023-04-11
3699,Urmi Shere,Male,40.0,Warangal,Telangana,2025-06-13
3700,Ganga Deshmukh,Other,29.0,Siliguri,West Bengal,2024-01-16
3701,Urvi Anne,Other,41.0,Siliguri,West Bengal,2023-04-04
3702,Omaja Gola,Male,45.0,Thiruvananthapuram,Kerala,2024-08-06
3703,Upma Bhavsar,Female,23.0,Kolkata,West Bengal,2024-02-29
3704,Devika Guha,Other,24.0,Pune,Maharashtra,2023-09-23
3705,Girindra Yogi,Female,30.0,Durgapur,West Bengal,2026-05-11
3706,Ganga Chandra,Male,34.0,Hyderabad,Telangana,2024-04-05
3707,Upadhriti Dugar,Female,27.0,Nagpur,Maharashtra,2024-03-28
3708,Inaya Kara,Female,44.0,Mangaluru,Karnataka,2026-06-01
3709,Akshay Hans,Female,35.0,Noida,Uttar Pradesh,2026-07-24
3710,Bhavani Sandhu,Other,32.0,Thiruvananthapuram,Kerala,2025-03-07
3711,Jhalak Rau,Male,19.0,Noida,Uttar Pradesh,2024-12-03
3712,Samaksh Brahmbhatt,Female,20.0,Warangal,Telangana,2025-06-29
3713,Harshil Kalita,Other,34.0,New Delhi,Delhi,2025-10-18
3714,Pranav Lall,Other,16.0,Madurai,Tamil Nadu,2023-12-15
3715,Jonathan Vig,Female,41.0,Surat,Gujarat,2023-03-08
3716,Ganga Malhotra,Other,30.0,Kochi,Kerala,2025-09-23
3717,Shaurya Ganguly,Male,61.0,Udaipur,Rajasthan,2024-03-01
3718,Vincent Kalita,Female,52.0,Udaipur,Rajasthan,2024-08-20
3719,Manan Dhar,Other,30.0,Warangal,Telangana,2025-08-15
3720,Vaishnavi Acharya,Other,31.0,Mumbai,Maharashtra,2026-04-12
3721,Faras Ben,Other,40.0,New Delhi,Delhi,2025-06-02
3722,Yasti Sarraf,Female,47.0,Ahmedabad,Gujarat,2026-02-13
3723,Urmi Narain,Female,17.0,Lucknow,Uttar Pradesh,2026-01-05
3724,Xiti Dalal,Other,16.0,New Delhi,Delhi,2023-09-10
3725,Maya Purohit,Male,26.0,Mysuru,Karnataka,2024-03-08
3726,Urvi Pant,Female,37.0,Mangaluru,Karnataka,2024-01-01
3727,Edhitha Wali,Other,36.0,New Delhi,Delhi,2025-04-16
3728,Tanish Ganesan,Female,41.0,Hyderabad,Telangana,2026-05-12
3729,Luke Sarkar,Female,21.0,Durgapur,West Bengal,2026-07-14
3730,Vrishti Krishna,Other,16.0,Mangaluru,Karnataka,2026-07-20
3731,Radhika Pall,Male,39.0,Warangal,Telangana,2025-04-07
3732,Aryan Pau,Female,24.0,Kanpur,Uttar Pradesh,2025-07-09
3733,Hiral Samra,Female,16.0,New Delhi,Delhi,2024-08-13
3734,Rayaan Raja,Female,33.0,Nagpur,Maharashtra,2025-08-08
3735,Praneel Anne,Female,39.0,New Delhi,Delhi,2026-04-03
3736,Riya Patel,Female,30.0,Surat,Gujarat,2024-01-22
3737,Abdul Mukherjee,Male,27.0,Nagpur,Maharashtra,2023-10-11
3738,Girindra Pillay,Other,30.0,Kochi,Kerala,2026-03-14
3739,Yadavi Arya,Female,28.0,Ahmedabad,Gujarat,2026-06-02
3740,Bahadurjit Maharaj,Other,19.0,Chennai,Tamil Nadu,2026-07-05
3741,Mitali Bassi,Male,25.0,Noida,Uttar Pradesh,2025-01-28
3742,Anusha Bhandari,Other,36.0,Nagpur,Maharashtra,2025-03-08
3743,Urishilla Sha,Male,34.0,Jaipur,Rajasthan,2025-07-26
3744,Oscar Solanki,Male,33.0,Hyderabad,Telangana,2025-08-25
3745,Balvan Pingle,Male,23.0,Coimbatore,Tamil Nadu,2024-08-23
3746,Michael Goel,Male,30.0,Bengaluru,Karnataka,2026-03-28
3747,Fitan Saini,Male,16.0,Kanpur,Uttar Pradesh,2026-05-20
3748,Daksh Sawhney,Male,33.0,Lucknow,Uttar Pradesh,2025-08-02
3749,Dipta Chatterjee,Other,44.0,Jaipur,Rajasthan,2024-11-09
3750,Rishi Badal,Female,18.0,New Delhi,Delhi,2023-05-24
3751,Edhitha Gara,Male,26.0,Nagpur,Maharashtra,2025-04-12
3752,Zaitra Atwal,Female,34.0,Udaipur,Rajasthan,2023-05-25
3753,Omaja Bhat,Other,,Surat,Gujarat,2026-01-05
3754,Reyansh Thaker,Other,27.0,Mangaluru,Karnataka,2026-08-18
3755,Amara Chacko,Female,25.0,Jaipur,Rajasthan,2025-09-11
3756,Sachi Basu,Female,16.0,Pune,Maharashtra,2023-03-23
3757,Rushil Tiwari,Other,32.0,Warangal,Telangana,2025-11-13
3758,Oscar Aggarwal,Male,50.0,Kanpur,Uttar Pradesh,2023-08-01
3759,Anusha Panchal,Other,34.0,New Delhi,Delhi,2023-08-17
3760,Harita Shukla,Female,31.0,New Delhi,Delhi,2024-11-26
3761,Ubika Chakrabarti,Female,34.0,New Delhi,Delhi,2024-03-06
3762,Gautam Gopal,Female,31.0,Kolkata,West Bengal,2026-08-07
3763,Quincy Nadkarni,Other,24.0,Mysuru,Karnataka,2025-10-03
3764,Omkaar Anne,Female,39.0,Coimbatore,Tamil Nadu,2024-08-27
3765,Kavya Sharma,Female,34.0,Kanpur,Uttar Pradesh,2024-06-12
3766,Yatin Morar,Other,32.0,Thiruvananthapuram,Kerala,2023-03-15
3767,Kevin Mukherjee,Other,23.0,New Delhi,Delhi,2024-08-13
3768,Ladli Mangat,Female,43.0,Mumbai,Maharashtra,2026-02-28
3769,Arya Dey,Female,37.0,Warangal,Telangana,2023-11-21
3770,Odika Kara,Female,27.0,Thiruvananthapuram,Kerala,2025-06-19
3771,Anjali Iyengar,Other,41.0,Kolkata,West Bengal,2023-09-21
3772,Chakrika Lad,Female,27.0,New Delhi,Delhi,2024-06-10
3773,Aishani Chanda,Male,24.0,Chennai,Tamil Nadu,2026-04-09
3774,Isha Patla,Unknown,25.0,Kolkata,West Bengal,2023-01-25
3775,Shivani Garde,Other,16.0,Durgapur,West Bengal,2025-11-07
3776,Lekha Dugal,Female,36.0,Udaipur,Rajasthan,2026-06-20
3777,Radha Palan,Other,16.0,New Delhi,Delhi,2023-11-16
3778,Sarthak Oommen,Other,20.0,Thiruvananthapuram,Kerala,2025-02-05
3779,Gautam Varghese,Other,16.0,Surat,Gujarat,2023-12-13
3780,Aarna Kamdar,Male,31.0,Udaipur,Rajasthan,2025-09-18
3781,Advika Balay,Other,30.0,Ahmedabad,Gujarat,2023-05-13
3782,Zansi Grewal,Female,29.0,Hyderabad,Telangana,2024-02-27
3783,Logan Sibal,Female,22.0,Chennai,Tamil Nadu,2026-05-31
3784,Kashish Purohit,Male,21.0,Mangaluru,Karnataka,2024-12-31
3785,Ekantika Cheema,Other,36.0,Kanpur,Uttar Pradesh,2026-07-31
3786,Abhiram Dutt,Other,27.0,Nagpur,Maharashtra,2024-04-12
3787,Vaishnavi Natt,Other,34.0,Coimbatore,Tamil Nadu,2023-03-09
3788,Harish Grover,Male,24.0,Vadodara,Gujarat,2024-11-05
3789,Damini Gaba,Female,33.0,Jaipur,Rajasthan,2026-02-07
3790,Quincy Bains,Male,43.0,Jaipur,Rajasthan,2025-07-03
3791,Tanmayi Saran,Male,37.0,Kochi,Kerala,2024-06-08
3792,Urvashi Kohli,Male,28.0,New Delhi,Delhi,2025-07-23
3793,Kashvi Nazareth,Other,34.0,New Delhi,Delhi,2024-06-28
3794,Nandini Mital,Male,29.0,Udaipur,Rajasthan,2024-01-25
3795,Vivaan Tripathi,Other,32.0,Bengaluru,Karnataka,2024-09-12
3796,Oviya Sandhu,Male,29.0,Mumbai,Maharashtra,2024-05-14
3797,Nandini Balakrishnan,Female,30.0,Thiruvananthapuram,Kerala,2023-07-21
3798,Yauvani Ganesan,Female,33.0,Jaipur,Rajasthan,2026-07-22
3799,Rushil Dewan,Female,23.0,Bengaluru,Karnataka,2023-08-27
3800,Gauri Bhagat,Female,22.0,Lucknow,Uttar Pradesh,2024-02-09
3801,Dayamai Dhaliwal,Other,19.0,Mangaluru,Karnataka,2024-03-16
3802,Tara Randhawa,Female,17.0,Thiruvananthapuram,Kerala,2026-03-11
3803,Triveni Acharya,Female,21.0,Nagpur,Maharashtra,2023-08-17
3804,Sai Gera,Male,33.0,Noida,Uttar Pradesh,2026-04-21
3805,Damyanti Buch,Male,23.0,Thiruvananthapuram,Kerala,2024-05-30
3806,Warinder Jani,Female,36.0,Vadodara,Gujarat,2025-10-05
3807,Gautam Konda,Other,32.0,New Delhi,Delhi,2025-09-16
3808,Kavya Ahluwalia,Other,16.0,Udaipur,Rajasthan,2024-09-05
3809,Nathaniel Padmanabhan,Male,37.0,Siliguri,West Bengal,2024-11-29
3810,Urishilla Ramesh,Other,39.0,Siliguri,West Bengal,2025-10-27
3811,Urmi Puri,Female,23.0,Siliguri,West Bengal,2023-08-17
3812,Xavier Char,Male,35.0,New Delhi,Delhi,2024-10-15
3813,Kabir Nadkarni,Female,24.0,Udaipur,Rajasthan,2023-12-01
3814,Mugdha Narain,Female,32.0,New Delhi,Delhi,2024-09-15
3815,Panini Ramesh,Female,20.0,Mysuru,Karnataka,2026-07-30
3816,Idika Suresh,Male,16.0,Jaipur,Rajasthan,2023-08-11
3817,Tristan Gokhale,Female,28.0,Chennai,Tamil Nadu,2025-10-24
3818,Jyoti Pathak,Other,30.0,Durgapur,West Bengal,2025-08-24
3819,Yachana Agarwal,Female,28.0,Mangaluru,Karnataka,2026-06-02
3820,Faras Karpe,Other,21.0,Madurai,Tamil Nadu,2023-11-13
3821,Xalak Guha,Male,28.0,Hyderabad,Telangana,2025-03-22
3822,Siddharth Mittal,Other,34.0,New Delhi,Delhi,2023-11-18
3823,Girik Nori,Other,31.0,Warangal,Telangana,2026-05-04
3824,Pranit Sandal,Female,33.0,Vadodara,Gujarat,2024-04-13
3825,Bhavani Mukhopadhyay,Female,25.0,Durgapur,West Bengal,2025-01-29
3826,Vasana Banerjee,Female,42.0,New Delhi,Delhi,2024-12-25
3827,Oviya Gola,Female,21.0,Warangal,Telangana,2025-05-21
3828,Mitali Varughese,Female,36.0,Thiruvananthapuram,Kerala,2023-01-12
3829,Udyati Butala,Female,42.0,Ahmedabad,Gujarat,2024-12-25
3830,Harrison Ravel,Female,36.0,New Delhi,Delhi,2023-02-09
3831,Naveen Nagar,Other,30.0,Chennai,Tamil Nadu,2024-06-08
3832,Yashica Rajagopalan,Male,27.0,Durgapur,West Bengal,2024-10-21
3833,Advay Sunder,Female,41.0,Surat,Gujarat,2026-02-16
3834,Pahal Bhagat,Male,19.0,Jaipur,Rajasthan,2026-06-18
3835,Pavani Kuruvilla,Female,23.0,Udaipur,Rajasthan,2023-08-07
3836,Shravya Thakkar,Male,28.0,Bengaluru,Karnataka,2024-10-28
3837,Urvashi Nayak,Other,43.0,Noida,Uttar Pradesh,2025-08-20
3838,Isaac Gola,Female,35.0,Nagpur,Maharashtra,2025-09-24
3839,Leela Buch,Other,23.0,Coimbatore,Tamil Nadu,2026-04-15
3840,Abhimanyu Nazareth,Male,29.0,Ahmedabad,Gujarat,2023-04-25
3841,Rudra Varma,Other,26.0,Warangal,Telangana,2025-01-26
3842,Radhika Bava,Male,25.0,Kanpur,Uttar Pradesh,2025-08-24
3843,Baghyawati Baral,Female,40.0,New Delhi,Delhi,2025-04-27
3844,Vrishti Sharma,Other,19.0,New Delhi,Delhi,2024-09-04
3845,Chandresh Pingle,Other,46.0,Kochi,Kerala,2023-06-30
3846,Pavani Nazareth,Female,39.0,Lucknow,Uttar Pradesh,2026-03-18
3847,Arjun Loke,Other,41.0,Udaipur,Rajasthan,2025-12-23
3848,Chaaya Parikh,Male,27.0,Siliguri,West Bengal,2023-10-15
3849,Anay Sekhon,Other,30.0,Mangaluru,Karnataka,2024-10-04
3850,Chameli Banik,Other,,Warangal,Telangana,2024-03-15
3851,Ishanvi Bansal,Female,27.0,New Delhi,Delhi,2024-04-11
3852,Yuvraj Gill,Female,36.0,Kanpur,Uttar Pradesh,2024-02-12
3853,Girindra Date,Other,43.0,Durgapur,West Bengal,2023-02-17
3854,Wakeeta Sankar,Other,22.0,New Delhi,Delhi,2025-04-21
3855,Hemani Shanker,Female,28.0,Surat,Gujarat,2023-04-09
3856,Tara Baria,Other,30.0,Jaipur,Rajasthan,2025-02-03
3857,Eta Pradhan,Female,19.0,Nagpur,Maharashtra,2023-03-07
3858,Manan Chaudhuri,Other,37.0,Udaipur,Rajasthan,2025-10-04
3859,Yauvani Brar,Female,25.0,Siliguri,West Bengal,2026-07-23
3860,Chasmum Sami,Male,30.0,Mangaluru,Karnataka,2026-03-03
3861,Anthony Gour,Male,27.0,Mangaluru,Karnataka,2025-12-25
3862,Fariq Sant,Other,24.0,New Delhi,Delhi,2025-08-17
3863,Rehaan Lal,Male,,Kochi,Kerala,2025-06-01
3864,Yoshita Zacharia,Female,30.0,Durgapur,West Bengal,2023-11-08
3865,Chandran Prasad,Male,28.0,Hyderabad,Telangana,2026-08-19
3866,Tanveer Sarkar,Female,25.0,Thiruvananthapuram,Kerala,2025-12-16
3867,Quincy Malhotra,Female,34.0,Ahmedabad,Gujarat,2026-03-23
3868,Mohini Golla,Other,46.0,Kolkata,West Bengal,2025-03-09
3869,Anjali Ahluwalia,Male,33.0,Mumbai,Maharashtra,2024-10-22
3870,Sarthak Bahl,Female,40.0,Ahmedabad,Gujarat,2024-04-01
3871,Kai Maharaj,Other,19.0,Thiruvananthapuram,Kerala,2025-07-26
3872,Turvi Nadkarni,Female,33.0,Madurai,Tamil Nadu,2026-03-27
3873,Timothy Kar,Male,22.0,New Delhi,Delhi,2024-02-27
3874,Ekta Kant,Male,18.0,Kolkata,West Bengal,2023-02-23
3875,Bhavna Sharma,Male,25.0,Jaipur,Rajasthan,2026-01-11
3876,Falguni Ramachandran,Female,42.0,Hyderabad,Telangana,2024-10-07
3877,Advik Oza,Male,40.0,Madurai,Tamil Nadu,2024-02-18
3878,Ekaja Pal,Female,34.0,Kolkata,West Bengal,2024-07-09
3879,Max Shere,Female,18.0,Chennai,Tamil Nadu,2023-02-25
3880,Shivansh Walia,Male,30.0,New Delhi,Delhi,2025-02-07
3881,Madhavi Kumer,Other,34.0,Pune,Maharashtra,2024-03-03
3882,Bachittar Brar,Female,33.0,Ahmedabad,Gujarat,2025-06-17
3883,Hemani Chacko,Male,16.0,Ahmedabad,Gujarat,2025-02-18
3884,Kala Modi,Male,23.0,Kochi,Kerala,2023-12-25
3885,Divya Seth,Male,31.0,Jaipur,Rajasthan,2024-03-05
3886,Ayushman Dugal,Other,36.0,Mysuru,Karnataka,2026-05-23
3887,Indira Sankar,Female,16.0,Warangal,Telangana,2024-01-27
3888,Arin Mander,Other,30.0,Chennai,Tamil Nadu,2025-01-06
3889,Wahab Prashad,Other,33.0,Kanpur,Uttar Pradesh,2023-08-18
3890,Kritika Dasgupta,Male,39.0,Lucknow,Uttar Pradesh,2025-02-17
3891,Meghana Kamdar,Male,38.0,Surat,Gujarat,2024-12-27
3892,Indrajit Mann,Male,37.0,Warangal,Telangana,2025-06-08
3893,Nathan Rattan,Other,24.0,Kolkata,West Bengal,2023-06-22
3894,Indira Kalla,Male,16.0,Surat,Gujarat,2024-07-16
3895,Arya Nagarajan,Male,28.0,Hyderabad,Telangana,2024-05-24
3896,Hitesh Nadkarni,Male,41.0,New Delhi,Delhi,2025-11-28
3897,Umang Raval,Other,44.0,New Delhi,Delhi,2025-08-20
3898,Ucchal Mangat,Other,38.0,Mumbai,Maharashtra,2024-03-05
3899,Naksh Goel,Other,35.0,Durgapur,West Bengal,2025-04-29
3900,Bhavya Aggarwal,Male,35.0,New Delhi,Delhi,2023-12-24
3901,Ucchal Gera,Other,26.0,Jaipur,Rajasthan,2024-01-07
3902,Leela Sahota,Male,30.0,Hyderabad,Telangana,2023-03-03
3903,Nirja Gulati,Female,47.0,Lucknow,Uttar Pradesh,2025-04-06
3904,Udarsh Devi,Other,23.0,Warangal,Telangana,2024-10-19
3905,Nilima Bajaj,Female,46.0,Mumbai,Maharashtra,2023-02-28
3906,Zaid Ganesan,Other,29.0,Lucknow,Uttar Pradesh,2023-10-23
3907,Gavin Prabhakar,Unknown,43.0,Ahmedabad,Gujarat,2025-02-11
3908,Lopa Vaidya,Male,19.0,Kochi,Kerala,2023-07-25
3909,Neel Shankar,Male,37.0,Pune,Maharashtra,2023-07-08
3910,Wriddhish Gill,Male,25.0,Ahmedabad,Gujarat,2025-09-01
3911,Ryan Naidu,Other,19.0,Kanpur,Uttar Pradesh,2025-06-20
3912,Chaaya Bhattacharyya,Female,33.0,New Delhi,Delhi,2025-09-02
3913,Samuel Shenoy,Male,41.0,Kanpur,Uttar Pradesh,2024-10-23
3914,Yash Sawhney,Other,24.0,Udaipur,Rajasthan,2023-07-17
3915,Peter Shenoy,Other,18.0,Kanpur,Uttar Pradesh,2026-03-15
3916,Garima Dutta,Male,31.0,Chennai,Tamil Nadu,2025-11-20
3917,Turvi Boase,Male,31.0,New Delhi,Delhi,2023-06-18
3918,Bachittar Ray,Female,36.0,Mangaluru,Karnataka,2024-08-01
3919,Lekha Bobal,Male,40.0,Kochi,Kerala,2024-04-08
3920,Abha Yogi,Other,31.0,Kolkata,West Bengal,2024-09-08
3921,Arjun Sarna,Other,48.0,Warangal,Telangana,2026-04-24
3922,Darpan Master,Male,34.0,Udaipur,Rajasthan,2024-11-02
3923,Balveer Patla,Other,28.0,Surat,Gujarat,2023-10-25
3924,Yasti Sarraf,Other,17.0,Kochi,Kerala,2025-02-27
3925,Jeet Chawla,Male,29.0,Mumbai,Maharashtra,2023-01-30
3926,Adweta Choudhury,Male,28.0,New Delhi,Delhi,2023-11-28
3927,Jeevika Sachar,Male,40.0,Surat,Gujarat,2026-03-17
3928,Lucky Kibe,Female,36.0,Kanpur,Uttar Pradesh,2024-01-20
3929,Shivansh Lalla,Female,21.0,Thiruvananthapuram,Kerala,2024-03-15
3930,Forum Borah,Female,33.0,Noida,Uttar Pradesh,2026-01-22
3931,Vyanjana Konda,Other,38.0,Lucknow,Uttar Pradesh,2024-07-26
3932,Hema Merchant,Female,45.0,Udaipur,Rajasthan,2024-01-17
3933,Ganga Seshadri,Female,39.0,Durgapur,West Bengal,2026-01-29
3934,Anvi Banik,Male,38.0,Noida,Uttar Pradesh,2024-12-02
3935,Manbir Vig,Male,32.0,Udaipur,Rajasthan,2025-01-18
3936,Atharv Kant,Male,35.0,Vadodara,Gujarat,2026-01-17
3937,Janani Manne,Male,43.0,New Delhi,Delhi,2025-07-25
3938,Nathan Mody,Other,20.0,Bengaluru,Karnataka,2024-08-28
3939,Ria Menon,Female,28.0,New Delhi,Delhi,2025-07-15
3940,Kabir Din,Male,25.0,Vadodara,Gujarat,2025-10-30
3941,Leena Kurian,Other,35.0,New Delhi,Delhi,2024-02-04
3942,Ayaan Kakar,Male,43.0,New Delhi,Delhi,2024-02-11
3943,Manbir Arora,Other,26.0,Hyderabad,Telangana,2025-12-22
3944,Januja Trivedi,Other,16.0,Jaipur,Rajasthan,2025-01-12
3945,Vansha Garde,Other,28.0,Jaipur,Rajasthan,2025-12-23
3946,Nachiket Thaker,Male,40.0,New Delhi,Delhi,2023-07-25
3947,Kavya Radhakrishnan,Other,36.0,New Delhi,Delhi,2023-11-08
3948,Omkaar Vohra,Male,35.0,Udaipur,Rajasthan,2024-07-24
3949,Parth Sule,Female,29.0,Pune,Maharashtra,2025-03-09
3950,Akshay Bhattacharyya,Female,20.0,Udaipur,Rajasthan,2025-08-16
3951,Umang More,Other,36.0,Hyderabad,Telangana,2024-09-06
3952,Udarsh Doctor,Female,24.0,Mumbai,Maharashtra,2026-02-12
3953,Jagdish Hegde,Other,51.0,Kolkata,West Bengal,2026-06-09
3954,Wishi Sharaf,Male,37.0,Kochi,Kerala,2025-04-20
3955,Vedant Jain,Female,26.0,New Delhi,Delhi,2023-11-25
3956,Bachittar Rastogi,Male,26.0,Coimbatore,Tamil Nadu,2026-08-16
3957,Forum Tripathi,Other,31.0,Surat,Gujarat,2024-02-01
3958,Anika Warrior,Male,29.0,Coimbatore,Tamil Nadu,2024-04-08
3959,Daksh Sekhon,Female,42.0,Kolkata,West Bengal,2023-09-10
3960,Yash Kunda,Male,33.0,Kochi,Kerala,2025-06-27
3961,Yash Kari,Female,25.0,New Delhi,Delhi,2023-01-23
3962,Peter Baria,Female,49.0,Mangaluru,Karnataka,2025-12-09
3963,Arunima Chand,Other,32.0,Mangaluru,Karnataka,2025-08-22
3964,Devansh Deo,Female,38.0,Madurai,Tamil Nadu,2024-09-03
3965,Darsh Johal,Other,26.0,Mangaluru,Karnataka,2026-06-03
3966,Yagnesh Sood,Male,35.0,Lucknow,Uttar Pradesh,2024-11-30
3967,Guneet Yadav,Female,34.0,Kolkata,West Bengal,2024-06-07
3968,Eiravati Bora,Female,16.0,Mangaluru,Karnataka,2025-05-22
3969,Vanya Dada,Other,50.0,Kochi,Kerala,2025-09-24
3970,Fiyaz Soni,Other,43.0,Kolkata,West Bengal,2023-07-31
3971,Harish Kale,Other,28.0,Mangaluru,Karnataka,2026-05-11
3972,Charita Andra,Other,22.0,Hyderabad,Telangana,2025-10-09
3973,Isaac Savant,Male,35.0,Surat,Gujarat,2026-07-30
3974,Tanmayi Acharya,Other,32.0,Mysuru,Karnataka,2024-07-18
3975,Niharika Madan,Other,35.0,Siliguri,West Bengal,2024-11-04
3976,Patrick Narasimhan,Female,33.0,Vadodara,Gujarat,2024-12-31
3977,Yoshita Mander,Male,36.0,Bengaluru,Karnataka,2025-09-21
3978,Aishani Wali,Female,45.0,Madurai,Tamil Nadu,2024-03-29
3979,Harita Maharaj,Other,37.0,Thiruvananthapuram,Kerala,2024-06-28
3980,Ria Choudhury,Female,22.0,Mangaluru,Karnataka,2026-02-22
3981,Vinaya Ahuja,Other,44.0,Thiruvananthapuram,Kerala,2025-11-28
3982,Yashodhara Singhal,Other,46.0,Ahmedabad,Gujarat,2023-08-09
3983,Nihal Gola,Other,60.0,Kochi,Kerala,2023-07-14
3984,Rachana Modi,Female,21.0,Bengaluru,Karnataka,2026-04-03
3985,Saanvi Oommen,Female,34.0,Thiruvananthapuram,Kerala,2023-03-23
3986,Rishi Chopra,Female,16.0,Warangal,Telangana,2026-03-20
3987,Tanay Mohanty,Female,36.0,Jaipur,Rajasthan,2026-07-10
3988,Ekaja Wali,Male,27.0,Vadodara,Gujarat,2024-03-18
3989,Harshil Mital,Male,49.0,Kochi,Kerala,2026-07-15
3990,Mohammed Naik,Female,25.0,Hyderabad,Telangana,2025-04-24
3991,Rehaan Randhawa,Female,16.0,Nagpur,Maharashtra,2024-06-03
3992,Nakul Dugar,Female,27.0,Warangal,Telangana,2024-05-24
3993,Zaitra Som,Male,16.0,Durgapur,West Bengal,2024-10-26
3994,Amruta Karnik,Other,38.0,Noida,Uttar Pradesh,2024-06-22
3995,Urmi Mitter,Other,16.0,New Delhi,Delhi,2026-01-25
3996,Maanav Mohan,Female,32.0,Warangal,Telangana,2023-12-19
3997,Irya Murty,Female,16.0,Lucknow,Uttar Pradesh,2024-12-21
3998,Darika Sandal,Female,29.0,Kochi,Kerala,2024-09-18
3999,Omisha Ahluwalia,Male,46.0,Mangaluru,Karnataka,2026-08-02
4000,Christopher Rege,Other,35.0,Surat,Gujarat,2025-10-15
4001,Logan Shan,Male,24.0,New Delhi,Delhi,2024-06-26
4002,Anirudh Jain,Female,31.0,Kanpur,Uttar Pradesh,2025-06-15
4003,Aahana Menon,Male,32.0,Hyderabad,Telangana,2024-10-23
4004,Arjun Nagy,Male,36.0,Mumbai,Maharashtra,2026-04-06
4005,Lavanya Nanda,Other,19.0,Siliguri,West Bengal,2026-08-08
4006,Tanveer Thakur,Other,37.0,Udaipur,Rajasthan,2026-01-07
4007,Anusha Chhabra,Other,16.0,New Delhi,Delhi,2023-06-05
4008,Xavier Dyal,Male,26.0,Chennai,Tamil Nadu,2026-05-09
4009,Varsha Singhal,Male,27.0,Surat,Gujarat,2024-11-27
4010,Madhavi Sur,Female,37.0,Udaipur,Rajasthan,2023-09-30
4011,Ati Prashad,Other,32.0,Ahmedabad,Gujarat,2024-08-24
4012,Harrison Bhalla,Female,19.0,Kochi,Kerala,2024-04-05
4013,Anya Yogi,Male,23.0,Lucknow,Uttar Pradesh,2026-01-27
4014,Raksha Mane,Male,33.0,New Delhi,Delhi,2025-10-09
4015,Urmi Desai,Male,31.0,Madurai,Tamil Nadu,2024-05-17
4016,Ekta Sachdev,Other,26.0,Coimbatore,Tamil Nadu,2024-03-18
4017,Matthew Mistry,Female,27.0,New Delhi,Delhi,2024-05-14
4018,Gaurang Sarma,Female,38.0,Nagpur,Maharashtra,2025-06-17
4019,Falak Lad,Other,27.0,Vadodara,Gujarat,2026-03-09
4020,Anthony Dey,Male,31.0,Coimbatore,Tamil Nadu,2025-11-28
4021,Dipta Patel,Other,51.0,Thiruvananthapuram,Kerala,2026-03-24
4022,Tanish Gour,Female,19.0,Vadodara,Gujarat,2025-01-15
4023,Upadhriti Kari,Female,16.0,Durgapur,West Bengal,2025-01-16
4024,Janaki Nath,Other,39.0,Coimbatore,Tamil Nadu,2025-01-01
4025,Aashi Kumer,Male,25.0,Mangaluru,Karnataka,2024-10-20
4026,Logan Dar,Other,29.0,Madurai,Tamil Nadu,2023-09-21
4027,Prisha Randhawa,Other,24.0,Mangaluru,Karnataka,2025-09-01
4028,Chanakya Wadhwa,Male,29.0,Udaipur,Rajasthan,2026-05-22
4029,Yauvani Prakash,Female,46.0,Madurai,Tamil Nadu,2026-08-13
4030,Rajeshri Balay,Female,39.0,Jaipur,Rajasthan,2024-07-05
4031,Vyanjana Mandal,Female,39.0,Kochi,Kerala,2026-06-21
4032,Ekalinga Borra,Other,19.0,Kanpur,Uttar Pradesh,2025-06-12
4033,Isaiah Wali,Male,21.0,Bengaluru,Karnataka,2026-02-20
4034,Yochana Chahal,Other,16.0,Noida,Uttar Pradesh,2023-04-28
4035,Rayaan Bora,Other,24.0,Warangal,Telangana,2023-10-30
4036,Aradhana Shroff,Female,40.0,Mangaluru,Karnataka,2023-05-14
4037,Max Narayanan,Female,36.0,Siliguri,West Bengal,2023-02-26
4038,Qabil Nori,Female,30.0,Thiruvananthapuram,Kerala,2023-10-01
4039,Rachana Bail,Other,31.0,Ahmedabad,Gujarat,2025-07-14
4040,Chaaya Ahuja,Other,25.0,Siliguri,West Bengal,2024-09-15
4041,Anirudh Anand,Other,33.0,Hyderabad,Telangana,2025-11-06
4042,Ekantika Sane,Other,38.0,Ahmedabad,Gujarat,2026-04-16
4043,Aashi Kapoor,Other,17.0,Hyderabad,Telangana,2023-04-19
4044,Tanvi Iyer,Male,34.0,Hyderabad,Telangana,2026-06-11
4045,Michael Gulati,Female,40.0,Mangaluru,Karnataka,2023-11-27
4046,Samuel Morar,Other,28.0,Chennai,Tamil Nadu,2024-01-03
4047,Harrison Bal,Other,38.0,New Delhi,Delhi,2025-10-10
4048,Joshua Zachariah,Male,57.0,Mysuru,Karnataka,2023-07-12
4049,Ekapad Narang,Other,31.0,Vadodara,Gujarat,2025-03-04
4050,Victor Joshi,Other,35.0,Surat,Gujarat,2025-08-29
4051,Chavvi Gade,Male,25.0,New Delhi,Delhi,2023-07-16
4052,Anika Kaul,Male,33.0,Durgapur,West Bengal,2025-05-31
4053,Isha Bala,Male,36.0,Durgapur,West Bengal,2024-01-13
4054,Ria Dasgupta,Male,33.0,Durgapur,West Bengal,2024-04-09
4055,Atharv Sawhney,Female,22.0,Hyderabad,Telangana,2025-07-14
4056,Lajita Bawa,Female,33.0,Mangaluru,Karnataka,2023-02-11
4057,Reva Rastogi,Other,45.0,Kochi,Kerala,2023-05-02
4058,Samesh Rai,Male,36.0,Hyderabad,Telangana,2023-01-04
4059,Girik Gill,Male,40.0,Jaipur,Rajasthan,2024-10-31
4060,Nicholas Kadakia,Male,29.0,Surat,Gujarat,2026-03-09
4061,Vrinda Parmar,Male,38.0,Thiruvananthapuram,Kerala,2023-12-20
4062,Ojasvi Halder,Other,34.0,Madurai,Tamil Nadu,2025-10-17
4063,Gautam Tripathi,Female,23.0,New Delhi,Delhi,2023-07-18
4064,Vanya Kumer,Other,34.0,New Delhi,Delhi,2023-12-29
4065,Tanmayi Babu,Male,23.0,Noida,Uttar Pradesh,2025-11-05
4066,Lajita Salvi,Male,26.0,New Delhi,Delhi,2026-06-28
4067,Harish Pant,Unknown,33.0,Nagpur,Maharashtra,2024-09-30
4068,Dayita Bhattacharyya,Female,34.0,Kolkata,West Bengal,2024-01-05
4069,Charita Karnik,Male,21.0,Kochi,Kerala,2025-10-16
4070,Madhavi Sinha,Male,41.0,Madurai,Tamil Nadu,2026-06-09
4071,Anvi Naik,Other,37.0,Warangal,Telangana,2026-01-27
4072,Lohit Kothari,Male,25.0,Surat,Gujarat,2026-02-09
4073,Aditya Dave,Male,18.0,Mysuru,Karnataka,2025-01-18
4074,Logan Singhal,Female,30.0,New Delhi,Delhi,2024-01-21
4075,Darsh Kadakia,Female,27.0,Ahmedabad,Gujarat,2023-05-01
4076,Kamya Sachdeva,Other,33.0,Noida,Uttar Pradesh,2026-04-25
4077,Oni Gera,Male,28.0,Mangaluru,Karnataka,2024-10-18
4078,Zilmil Doshi,Other,16.0,Udaipur,Rajasthan,2026-08-10
4079,Janya Choudhary,Female,28.0,Coimbatore,Tamil Nadu,2023-10-05
4080,Ayushman Tank,Female,29.0,Lucknow,Uttar Pradesh,2026-07-06
4081,Damini Raval,Female,37.0,Surat,Gujarat,2025-02-11
4082,Alka Nagi,Male,25.0,Mysuru,Karnataka,2025-10-03
4083,Atharv Narula,Other,47.0,Mysuru,Karnataka,2025-09-18
4084,Upma Banerjee,Female,16.0,Thiruvananthapuram,Kerala,2025-10-16
4085,Nikita Batra,Other,43.0,Siliguri,West Bengal,2023-04-23
4086,Omkaar Dugar,Male,29.0,Jaipur,Rajasthan,2023-07-02
4087,Alexander Palla,Other,39.0,Siliguri,West Bengal,2026-03-15
4088,George Saini,Other,32.0,Jaipur,Rajasthan,2024-10-04
4089,Isaiah Soni,Male,42.0,Nagpur,Maharashtra,2023-04-07
4090,Ojasvi Yadav,Male,28.0,Durgapur,West Bengal,2024-12-21
4091,Krish Acharya,Other,22.0,Jaipur,Rajasthan,2025-06-07
4092,Vamakshi Singh,Other,44.0,Jaipur,Rajasthan,2025-01-29
4093,Kabir Naidu,Male,30.0,Mumbai,Maharashtra,2025-07-25
4094,Gopal Sridhar,Other,33.0,New Delhi,Delhi,2024-10-17
4095,Rohan Dass,Male,43.0,Mangaluru,Karnataka,2025-10-11
4096,Yutika Dayal,Other,22.0,Madurai,Tamil Nadu,2026-06-09
4097,Umang Butala,Female,37.0,Mumbai,Maharashtra,2024-02-26
4098,Netra Mandal,Male,26.0,Mysuru,Karnataka,2024-05-07
4099,Zaid Kara,Female,30.0,Hyderabad,Telangana,2024-04-12
4100,Qasim Mitra,Male,32.0,Warangal,Telangana,2023-11-16
4101,Turvi Venkatesh,Other,18.0,New Delhi,Delhi,2024-06-12
4102,Karan Narang,Other,24.0,Vadodara,Gujarat,2026-07-06
4103,Kavya Dhillon,Other,44.0,Kolkata,West Bengal,2024-07-12
4104,Lekha Bava,Male,39.0,Vadodara,Gujarat,2025-05-01
4105,Qabil Atwal,Female,31.0,Surat,Gujarat,2024-01-24
4106,Bahadurjit Khanna,Other,34.0,Kanpur,Uttar Pradesh,2023-01-22
4107,Mekhala Naidu,Other,29.0,Ahmedabad,Gujarat,2025-07-08
4108,Vasana Sule,Male,44.0,New Delhi,Delhi,2026-07-29
4109,Raghav Ravi,Male,30.0,Bengaluru,Karnataka,2025-09-27
4110,Tanish Setty,Other,34.0,Bengaluru,Karnataka,2024-11-01
4111,Ria Dalal,Other,42.0,New Delhi,Delhi,2025-03-26
4112,Yoshita Nazareth,Female,25.0,Siliguri,West Bengal,2024-08-06
4113,Quincy Kumer,Male,46.0,Thiruvananthapuram,Kerala,2023-09-02
4114,Vinaya Shan,Male,18.0,Ahmedabad,Gujarat,2026-02-10
4115,Hema Venkataraman,Male,46.0,Lucknow,Uttar Pradesh,2025-11-27
4116,Dev Pau,Female,28.0,Pune,Maharashtra,2023-08-12
4117,Atharv Date,Male,29.0,Bengaluru,Karnataka,2025-03-05
4118,Utkarsh Shankar,Other,16.0,New Delhi,Delhi,2023-05-19
4119,Jai Merchant,Other,27.0,Coimbatore,Tamil Nadu,2025-01-29
4120,Idika Mohanty,Male,22.0,Noida,Uttar Pradesh,2025-06-24
4121,Rajata Butala,Other,26.0,Kochi,Kerala,2025-10-28
4122,Mitali Vaidya,Unknown,30.0,Chennai,Tamil Nadu,2024-10-13
4123,Lucky Kapadia,Male,40.0,Nagpur,Maharashtra,2023-11-09
4124,Rushil Pandya,Male,33.0,Warangal,Telangana,2024-12-18
4125,Champak Walia,Other,34.0,Lucknow,Uttar Pradesh,2023-04-26
4126,Victor Wali,Male,22.0,Surat,Gujarat,2024-08-20
4127,Kavya Dutt,Male,24.0,Jaipur,Rajasthan,2024-01-12
4128,Noah Kara,Other,48.0,Coimbatore,Tamil Nadu,2025-06-17
4129,Panini Jain,Male,25.0,Pune,Maharashtra,2024-05-18
4130,Chandran Rattan,Other,46.0,Thiruvananthapuram,Kerala,2023-11-26
4131,Madhavi Vig,Male,29.0,New Delhi,Delhi,2023-08-17
4132,Vamakshi Sidhu,Other,32.0,Mysuru,Karnataka,2025-12-30
4133,Laban Mital,Other,41.0,Nagpur,Maharashtra,2023-12-14
4134,Falan Krishnamurthy,Male,43.0,Warangal,Telangana,2023-10-21
4135,Sathvik Bhavsar,Male,31.0,Mangaluru,Karnataka,2023-01-13
4136,Nirja Dey,Other,28.0,Ahmedabad,Gujarat,2023-04-30
4137,Vasana Dyal,Male,31.0,Vadodara,Gujarat,2024-04-04
4138,Mahika Dutta,Other,35.0,Nagpur,Maharashtra,2023-06-01
4139,Mahika Hari,Female,40.0,Nagpur,Maharashtra,2026-03-16
4140,Inaya Bobal,Other,32.0,Surat,Gujarat,2026-06-15
4141,Anya Dey,Other,37.0,Surat,Gujarat,2024-05-01
4142,Jatin Doshi,Female,46.0,Noida,Uttar Pradesh,2024-12-07
4143,Sachi Dhar,Male,35.0,Kanpur,Uttar Pradesh,2025-07-19
4144,Falak Apte,Male,34.0,Udaipur,Rajasthan,2023-10-23
4145,Deepa Viswanathan,Other,18.0,Siliguri,West Bengal,2023-12-24
4146,Urishilla Kata,Male,16.0,Surat,Gujarat,2025-01-23
4147,Chanchal Dash,Female,35.0,Pune,Maharashtra,2023-10-22
4148,Mitesh Bobal,Female,31.0,Pune,Maharashtra,2026-01-13
4149,Anita Baria,Male,27.0,Coimbatore,Tamil Nadu,2026-07-07
4150,Aadhya Chowdhury,Female,34.0,Hyderabad,Telangana,2025-05-12
4151,Pooja Ganguly,Other,31.0,Surat,Gujarat,2025-07-15
4152,Bishakha Kar,Female,42.0,Kanpur,Uttar Pradesh,2025-01-14
4153,Gaurang Patil,Other,32.0,Warangal,Telangana,2025-03-27
4154,Warda Sankaran,Male,,New Delhi,Delhi,2024-03-20
4155,Dakshesh Cheema,Male,40.0,Madurai,Tamil Nadu,2026-06-21
4156,Anya Krishnamurthy,Other,30.0,Warangal,Telangana,2025-04-16
4157,Oni Krishnamurthy,Male,36.0,Warangal,Telangana,2025-03-15
4158,Fiyaz Arya,Male,27.0,New Delhi,Delhi,2026-01-16
4159,Vedika Kibe,Other,26.0,Kanpur,Uttar Pradesh,2025-04-24
4160,Timothy Saraf,Male,32.0,Mumbai,Maharashtra,2024-11-22
4161,Hemang Sura,Other,32.0,Jaipur,Rajasthan,2025-02-26
4162,Zilmil Raja,Male,36.0,Udaipur,Rajasthan,2025-06-26
4163,Hritik Chaudhari,Male,29.0,Nagpur,Maharashtra,2025-03-01
4164,Jacob Khare,Female,16.0,Kochi,Kerala,2026-02-27
4165,Oviya Ramesh,Other,28.0,New Delhi,Delhi,2024-02-10
4166,Idika Sarraf,Female,39.0,New Delhi,Delhi,2025-08-17
4167,Baljiwan Rastogi,Male,29.0,Madurai,Tamil Nadu,2025-09-23
4168,Atharv Kalita,Other,29.0,Hyderabad,Telangana,2023-07-18
4169,Arjun Narasimhan,Male,40.0,Bengaluru,Karnataka,2023-01-18
4170,Brinda Sachar,Male,25.0,Pune,Maharashtra,2024-10-03
4171,Tanmayi Kulkarni,Other,18.0,Hyderabad,Telangana,2023-11-05
4172,Hemangini Pandey,Male,30.0,Coimbatore,Tamil Nadu,2025-01-13
4173,Aradhana Sehgal,Other,27.0,Thiruvananthapuram,Kerala,2025-07-03
4174,Ekta Shanker,Other,23.0,Kanpur,Uttar Pradesh,2023-12-25
4175,Naveen Kadakia,Male,30.0,Durgapur,West Bengal,2026-02-24
4176,Nandini Pall,Male,36.0,New Delhi,Delhi,2025-04-30
4177,Xalak Chakraborty,Other,31.0,Mangaluru,Karnataka,2025-04-19
4178,Indira Yohannan,Other,34.0,New Delhi,Delhi,2024-07-29
4179,Edhitha Mohan,Other,48.0,Chennai,Tamil Nadu,2023-10-28
4180,Gautam Ravi,Male,28.0,Lucknow,Uttar Pradesh,2023-10-05
4181,Widisha Grewal,Female,34.0,Surat,Gujarat,2025-09-03
4182,Samaksh Lanka,Other,27.0,New Delhi,Delhi,2025-01-12
4183,Indali Nazareth,Other,24.0,Noida,Uttar Pradesh,2024-01-08
4184,Janaki Dutta,Female,,Lucknow,Uttar Pradesh,2026-03-06
4185,Ekantika Babu,Male,27.0,Warangal,Telangana,2025-01-27
4186,Ranveer Mukherjee,Male,35.0,Bengaluru,Karnataka,2026-07-02
4187,Pranav Rao,Female,53.0,Siliguri,West Bengal,2023-11-03
4188,Rushil Chander,Male,25.0,Mangaluru,Karnataka,2026-07-22
4189,Nidhi Lall,Other,28.0,Warangal,Telangana,2023-06-20
4190,Harini Walia,Male,31.0,Warangal,Telangana,2026-06-27
4191,Mekhala Deol,Male,35.0,Thiruvananthapuram,Kerala,2025-01-17
4192,Hemang Memon,Other,34.0,Kolkata,West Bengal,2024-07-27
4193,Ekiya Kar,Female,43.0,Jaipur,Rajasthan,2024-10-14
4194,Banjeet Korpal,Other,16.0,New Delhi,Delhi,2024-05-04
4195,Anusha Bal,Female,16.0,Durgapur,West Bengal,2025-06-05
4196,Udarsh Kanda,Female,27.0,Hyderabad,Telangana,2025-07-27
4197,Upkaar Sarraf,Other,41.0,Mysuru,Karnataka,2023-03-06
4198,Maanav Arora,Other,17.0,New Delhi,Delhi,2026-03-20
4199,Yagnesh Bail,Female,16.0,Pune,Maharashtra,2024-02-13
4200,Reva Sachdeva,Female,37.0,Kanpur,Uttar Pradesh,2023-03-15
4201,Nitara Grewal,Female,34.0,Siliguri,West Bengal,2024-11-18
4202,Lila Lal,Female,22.0,Warangal,Telangana,2024-12-01
4203,Adya Sankar,Other,23.0,New Delhi,Delhi,2024-06-19
4204,Janya Keer,Female,23.0,Jaipur,Rajasthan,2024-07-30
4205,Ishanvi Bose,Female,32.0,Kolkata,West Bengal,2023-06-23
4206,Ekanta Koshy,Male,26.0,Hyderabad,Telangana,2023-09-21
4207,Gopal Tripathi,Male,36.0,Bengaluru,Karnataka,2023-12-29
4208,Dipta Cheema,Male,16.0,Hyderabad,Telangana,2026-03-17
4209,Ijaya Kapur,Male,24.0,Chennai,Tamil Nadu,2023-01-20
4210,Amruta Bera,Female,21.0,Nagpur,Maharashtra,2026-06-18
4211,Raksha Tank,Other,29.0,Bengaluru,Karnataka,2026-07-06
4212,Dhruv Garg,Female,27.0,Noida,Uttar Pradesh,2023-08-05
4213,Saumya Bhandari,Male,39.0,Kochi,Kerala,2023-10-12
4214,Vansha Divan,Male,16.0,Madurai,Tamil Nadu,2024-01-16
4215,Irya Bhattacharyya,Male,32.0,Mangaluru,Karnataka,2023-01-08
4216,Zayyan Bala,Male,37.0,Vadodara,Gujarat,2024-03-06
4217,Raagini Deol,Male,48.0,Nagpur,Maharashtra,2025-03-03
4218,Tanveer Seth,Female,27.0,Hyderabad,Telangana,2024-02-09
4219,Daksha Narayanan,Other,34.0,Noida,Uttar Pradesh,2024-01-17
4220,Yashoda Ray,Other,16.0,Kanpur,Uttar Pradesh,2026-04-27
4221,Divya Ahuja,Male,16.0,Pune,Maharashtra,2025-11-05
4222,Ishita Dar,Male,39.0,Mumbai,Maharashtra,2024-02-09
4223,Devansh Wagle,Other,31.0,Kolkata,West Bengal,2026-03-24
4224,Neel Hayer,Male,42.0,Madurai,Tamil Nadu,2023-06-05
4225,Praneel Golla,Female,19.0,Chennai,Tamil Nadu,2024-04-11
4226,Warda Dar,Other,36.0,New Delhi,Delhi,2026-04-28
4227,Gaurav Chandra,Female,48.0,Siliguri,West Bengal,2025-11-03
4228,Lila Reddy,Female,35.0,Kolkata,West Bengal,2024-05-28
4229,Urvi Devi,Other,34.0,Hyderabad,Telangana,2023-01-15
4230,Qadim Char,Male,32.0,Durgapur,West Bengal,2023-05-13
4231,Isha Goel,Female,17.0,Mumbai,Maharashtra,2024-12-05
4232,Zayyan Tata,Female,44.0,Nagpur,Maharashtra,2023-06-13
4233,Qarin Lad,Other,26.0,Lucknow,Uttar Pradesh,2023-06-30
4234,Sai Karan,Other,36.0,Warangal,Telangana,2026-05-25
4235,Finn Nori,Female,17.0,Mangaluru,Karnataka,2024-10-15
4236,Girindra Viswanathan,Other,21.0,Kanpur,Uttar Pradesh,2025-09-10
4237,Anmol Bhat,Female,44.0,Warangal,Telangana,2025-09-28
4238,Kashvi Chandran,Male,28.0,Hyderabad,Telangana,2026-04-17
4239,Aarav Wadhwa,Other,45.0,New Delhi,Delhi,2024-12-23
4240,Aayush Narain,Female,31.0,Surat,Gujarat,2024-10-26
4241,Damini Bala,Female,16.0,Surat,Gujarat,2025-07-15
4242,Ekaraj Gera,Other,40.0,New Delhi,Delhi,2025-02-28
4243,Wishi Gopal,Male,26.0,Ahmedabad,Gujarat,2024-10-10
4244,Hemani Chatterjee,Male,38.0,Vadodara,Gujarat,2025-03-29
4245,Kavya Goel,Female,32.0,Hyderabad,Telangana,2023-12-20
4246,Peter Tripathi,Male,18.0,New Delhi,Delhi,2023-07-14
4247,Sai Balasubramanian,Female,33.0,Pune,Maharashtra,2023-11-03
4248,Jai Muni,Male,51.0,Durgapur,West Bengal,2023-02-14
4249,Hritik Palla,Male,36.0,Kanpur,Uttar Pradesh,2024-09-13
4250,Zarna Ganesh,Male,31.0,Udaipur,Rajasthan,2024-01-25
4251,Widisha Hans,Other,41.0,Noida,Uttar Pradesh,2025-10-19
4252,Geetika Sha,Male,33.0,Surat,Gujarat,2025-09-25
4253,Sara Dada,Male,33.0,Pune,Maharashtra,2023-05-18
4254,Hamsini Koshy,Other,22.0,Warangal,Telangana,2024-08-15
4255,Lohit Khatri,Other,34.0,New Delhi,Delhi,2025-10-09
4256,Raghav Raval,Female,41.0,Coimbatore,Tamil Nadu,2023-01-27
4257,Ishita Bhargava,Male,24.0,Siliguri,West Bengal,2024-11-24
4258,Hardik Venkatesh,Other,,Siliguri,West Bengal,2025-05-28
4259,Ekani Vyas,Other,31.0,Kochi,Kerala,2023-09-23
4260,Sai Mandal,Female,24.0,Udaipur,Rajasthan,2025-02-03
4261,Krishna Sem,Other,40.0,New Delhi,Delhi,2025-08-27
4262,Brinda Sandhu,Female,29.0,Bengaluru,Karnataka,2025-01-27
4263,Radhika Purohit,Male,38.0,Ahmedabad,Gujarat,2024-10-30
4264,Vritti Bajwa,Other,29.0,Coimbatore,Tamil Nadu,2025-09-02
4265,Hemang Nagy,Female,31.0,Siliguri,West Bengal,2026-03-28
4266,Lopa Mohan,Male,36.0,Hyderabad,Telangana,2024-10-21
4267,Bhavna Bhakta,Other,34.0,Kochi,Kerala,2026-04-29
4268,Raghav Chakraborty,Male,16.0,Kochi,Kerala,2025-09-27
4269,Oscar Murthy,Male,21.0,Thiruvananthapuram,Kerala,2024-10-03
4270,Ayaan Batta,Female,40.0,Jaipur,Rajasthan,2023-10-31
4271,Lekha Guha,Male,30.0,Thiruvananthapuram,Kerala,2025-12-19
4272,Charles Saraf,Other,27.0,Kanpur,Uttar Pradesh,2024-06-28
4273,Yashoda Prabhakar,Female,19.0,Mysuru,Karnataka,2024-01-31
4274,Tanish Chaudhary,Male,22.0,Siliguri,West Bengal,2025-01-15
4275,Quincy Kant,Male,16.0,Pune,Maharashtra,2024-04-02
4276,Elijah Jani,Female,31.0,Pune,Maharashtra,2026-06-25
4277,Samuel Aurora,Male,26.0,Noida,Uttar Pradesh,2024-07-12
4278,Lakshmi Jha,Female,23.0,Warangal,Telangana,2026-05-23
4279,Bina Agrawal,Other,31.0,Jaipur,Rajasthan,2024-01-21
4280,Ganga Goel,Female,35.0,Kochi,Kerala,2023-05-05
4281,Vedant Prabhu,Other,50.0,Madurai,Tamil Nadu,2024-08-01
4282,Chaitanya Dugal,Female,18.0,Coimbatore,Tamil Nadu,2023-01-23
4283,Yatin Kuruvilla,Male,42.0,Durgapur,West Bengal,2023-10-23
4284,Dayita Jayaraman,Male,40.0,Kolkata,West Bengal,2026-08-27
4285,Nimrat Anne,Female,24.0,Ahmedabad,Gujarat,2025-08-10
4286,Odika Purohit,Other,33.0,New Delhi,Delhi,2025-02-21
4287,Ranveer Sura,Other,27.0,Jaipur,Rajasthan,2025-06-28
4288,Advaith Rana,Female,33.0,Hyderabad,Telangana,2025-07-22
4289,Saumya Dave,Other,45.0,Kolkata,West Bengal,2026-05-27
4290,Ekavir Contractor,Male,37.0,Kanpur,Uttar Pradesh,2026-04-16
4291,Nathan Suresh,Male,36.0,New Delhi,Delhi,2023-09-11
4292,Qadim Yadav,Other,28.0,Pune,Maharashtra,2025-09-04
4293,Oliver Kunda,Female,18.0,Hyderabad,Telangana,2025-02-07
4294,Bhavani Yadav,Other,30.0,Jaipur,Rajasthan,2025-06-08
4295,Bhavani Lal,Male,42.0,Warangal,Telangana,2024-10-30
4296,Jagdish Rana,Other,18.0,Kochi,Kerala,2024-08-02
4297,Gabriel Tank,Other,22.0,Hyderabad,Telangana,2023-04-25
4298,Joshua Vasa,Male,33.0,New Delhi,Delhi,2023-05-20
4299,Upasna Srinivas,Male,23.0,New Delhi,Delhi,2025-12-06
4300,Isaac Karnik,Male,24.0,New Delhi,Delhi,2025-01-07
4301,Lipika Gour,Male,28.0,Warangal,Telangana,2025-04-25
4302,Ekansh Khurana,Female,19.0,Hyderabad,Telangana,2025-03-31
4303,Kamala Sarma,Other,23.0,Jaipur,Rajasthan,2025-05-02
4304,Riya Barman,Male,38.0,Vadodara,Gujarat,2026-01-27
4305,Shivansh Nadkarni,Female,20.0,Bengaluru,Karnataka,2023-11-22
4306,Akshay Dua,Male,17.0,Mysuru,Karnataka,2024-05-05
4307,Zashil Gill,Other,26.0,Nagpur,Maharashtra,2026-02-16
4308,Turvi Iyer,Other,38.0,Mumbai,Maharashtra,2024-04-06
4309,Mahika Rai,Male,30.0,Lucknow,Uttar Pradesh,2024-03-24
4310,Bishakha Tiwari,Male,27.0,Chennai,Tamil Nadu,2025-10-22
4311,Umang Gour,Female,32.0,Warangal,Telangana,2026-07-23
4312,Gautami Sarna,Other,16.0,Ahmedabad,Gujarat,2024-08-16
4313,Ridhi Boase,Other,36.0,Lucknow,Uttar Pradesh,2025-04-29
4314,Bhavna Dyal,Male,35.0,Jaipur,Rajasthan,2024-02-14
4315,Eesha Bhandari,Male,28.0,Kochi,Kerala,2024-04-15
4316,Dhruv Rout,Unknown,41.0,Thiruvananthapuram,Kerala,2024-12-16
4317,Omkaar Nagy,Female,21.0,Mangaluru,Karnataka,2025-11-08
4318,Balvan Dhar,Male,42.0,New Delhi,Delhi,2023-11-08
4319,Vivaan Ahuja,Other,33.0,Jaipur,Rajasthan,2026-06-29
4320,Aarush Bhardwaj,Other,28.0,Durgapur,West Bengal,2025-02-05
4321,Jagdish Kapur,Male,31.0,Udaipur,Rajasthan,2024-02-17
4322,Ethan Bahri,Female,31.0,Thiruvananthapuram,Kerala,2024-02-05
4323,Libni Mandal,Female,42.0,Warangal,Telangana,2023-09-02
4324,Shivani Khanna,Male,22.0,Durgapur,West Bengal,2025-07-01
4325,Zashil Pai,Male,25.0,Thiruvananthapuram,Kerala,2024-01-14
4326,Varenya Dua,Female,41.0,Bengaluru,Karnataka,2023-08-07
4327,Jagvi Kapur,Other,26.0,Chennai,Tamil Nadu,2024-09-03
4328,Bhavini Ghosh,Female,40.0,Madurai,Tamil Nadu,2025-01-09
4329,Aarini Dyal,Other,47.0,Lucknow,Uttar Pradesh,2026-07-06
4330,Ansh Sankaran,Female,28.0,Madurai,Tamil Nadu,2024-03-20
4331,Maanas Basak,Female,38.0,Jaipur,Rajasthan,2023-01-26
4332,Nirja Karan,Female,21.0,Chennai,Tamil Nadu,2024-02-27
4333,Jeremiah Pandit,Female,38.0,Noida,Uttar Pradesh,2024-11-01
4334,Nidra Sama,Other,33.0,Kanpur,Uttar Pradesh,2023-12-05
4335,Triveni Sethi,Other,36.0,Kanpur,Uttar Pradesh,2026-05-07
4336,Lipika Sheth,Male,26.0,Siliguri,West Bengal,2023-06-09
4337,Geetika Nanda,Male,17.0,Kochi,Kerala,2023-03-05
4338,Kiaan Wagle,Male,36.0,Kochi,Kerala,2024-07-15
4339,Yatan Kalla,Female,16.0,Pune,Maharashtra,2025-02-20
4340,Robert Patla,Male,29.0,Kochi,Kerala,2023-04-20
4341,Nilima Prasad,Other,40.0,Hyderabad,Telangana,2024-01-26
4342,Tanay Ramaswamy,Female,33.0,Vadodara,Gujarat,2023-06-05
4343,Upma Chopra,Other,49.0,Durgapur,West Bengal,2023-02-15
4344,Charita Sachar,Male,41.0,Kolkata,West Bengal,2024-09-10
4345,Ryan Kalla,Female,26.0,New Delhi,Delhi,2024-02-24
4346,Naksh Rajagopalan,Other,32.0,Mangaluru,Karnataka,2023-03-04
4347,Pranit Savant,Male,31.0,Lucknow,Uttar Pradesh,2023-08-19
4348,Samuel Raju,Male,17.0,Mangaluru,Karnataka,2025-07-21
4349,Anjali Dugal,Female,23.0,Thiruvananthapuram,Kerala,2023-02-16
4350,Rudra Dora,Male,26.0,Thiruvananthapuram,Kerala,2023-11-10
4351,Edhitha Sidhu,Female,16.0,Chennai,Tamil Nadu,2025-02-11
4352,Kalpit Sur,Female,32.0,Mumbai,Maharashtra,2025-06-04
4353,Balendra Chatterjee,Male,29.0,Kanpur,Uttar Pradesh,2023-01-28
4354,Frederick Bail,Other,16.0,Kochi,Kerala,2023-05-10
4355,Chatresh Narula,Female,35.0,Siliguri,West Bengal,2025-09-08
4356,Dhriti Parikh,Male,38.0,Coimbatore,Tamil Nadu,2024-07-10
4357,Matthew Kala,Other,34.0,Chennai,Tamil Nadu,2025-07-06
4358,Dominic Patil,Male,29.0,Nagpur,Maharashtra,2026-02-27
4359,Sanya Soman,Other,37.0,Vadodara,Gujarat,2025-09-27
4360,Parth Mann,Other,38.0,Madurai,Tamil Nadu,2023-04-07
4361,Harrison Dutta,Male,34.0,Durgapur,West Bengal,2026-05-09
4362,Nihal Sagar,Female,24.0,Warangal,Telangana,2026-01-20
4363,Nimrat Dutt,Other,34.0,New Delhi,Delhi,2025-01-30
4364,Avni Krish,Female,42.0,Jaipur,Rajasthan,2026-08-02
4365,Manan Saxena,Male,26.0,Warangal,Telangana,2026-04-03
4366,Balveer Deshmukh,Female,50.0,Surat,Gujarat,2024-12-12
4367,Urvashi Raghavan,Other,27.0,Kolkata,West Bengal,2025-10-09
4368,Onkar Bahri,Female,32.0,Udaipur,Rajasthan,2025-06-03
4369,Ridhi Gopal,Female,25.0,Mangaluru,Karnataka,2023-10-09
4370,Anmol Swamy,Other,34.0,Warangal,Telangana,2025-08-13
4371,Harinakshi Chada,Other,16.0,Noida,Uttar Pradesh,2023-12-03
4372,Ekapad Goel,Other,27.0,Pune,Maharashtra,2026-07-04
4373,Charita Ramesh,Other,22.0,New Delhi,Delhi,2026-07-19
4374,Indrajit Hegde,Male,33.0,New Delhi,Delhi,2025-03-22
4375,Brinda Chacko,Male,40.0,Mysuru,Karnataka,2025-10-23
4376,Warda Babu,Other,37.0,Jaipur,Rajasthan,2023-08-01
4377,Omkaar Patla,Female,16.0,Kochi,Kerala,2026-02-01
4378,Rehaan Varghese,Other,50.0,New Delhi,Delhi,2024-11-16
4379,Zinal Bajwa,Female,34.0,Lucknow,Uttar Pradesh,2025-02-03
4380,Eiravati Ganesan,Other,25.0,Udaipur,Rajasthan,2025-03-15
4381,William Mohan,Female,33.0,Madurai,Tamil Nadu,2025-04-15
4382,Saumya Sant,Other,33.0,Bengaluru,Karnataka,2026-08-11
4383,Banjeet Mahajan,Other,25.0,Lucknow,Uttar Pradesh,2024-01-21
4384,Faris Natarajan,Male,33.0,Nagpur,Maharashtra,2025-10-11
4385,Kalpit Anne,Other,26.0,New Delhi,Delhi,2024-09-19
4386,Chasmum Rai,Female,28.0,Coimbatore,Tamil Nadu,2024-03-04
4387,Upma Rai,Male,25.0,Jaipur,Rajasthan,2023-02-18
4388,Balendra Madan,Female,19.0,Mumbai,Maharashtra,2023-09-05
4389,Gautami Peri,Other,33.0,Chennai,Tamil Nadu,2023-05-27
4390,Niharika Oommen,Female,37.0,Mysuru,Karnataka,2023-09-01
4391,Hiral Lal,Other,36.0,Surat,Gujarat,2025-04-05
4392,Vrinda Manda,Other,39.0,Nagpur,Maharashtra,2024-09-06
4393,Fiyaz Sengupta,Female,34.0,Warangal,Telangana,2024-03-02
4394,Eiravati Upadhyay,Other,27.0,Durgapur,West Bengal,2026-04-22
4395,Arin Dave,Other,39.0,Noida,Uttar Pradesh,2026-04-30
4396,Xavier Borde,Female,,Nagpur,Maharashtra,2023-03-06
4397,Kashvi Bhattacharyya,Female,23.0,Kanpur,Uttar Pradesh,2023-03-05
4398,Warjas Chahal,Female,23.0,Siliguri,West Bengal,2025-02-24
4399,Aditya Arya,Female,41.0,Jaipur,Rajasthan,2026-04-17
4400,Ekavir Dugal,Other,40.0,Thiruvananthapuram,Kerala,2025-10-01
4401,Ganga Cherian,Male,36.0,Pune,Maharashtra,2025-09-25
4402,Daksh Dewan,Female,41.0,Mysuru,Karnataka,2026-01-18
4403,Finn Grewal,Male,24.0,Bengaluru,Karnataka,2026-07-16
4404,Gavin Aggarwal,Female,35.0,Mysuru,Karnataka,2024-11-21
4405,Viraj Kade,Female,30.0,Madurai,Tamil Nadu,2023-03-12
4406,Fariq Ram,Other,39.0,Warangal,Telangana,2025-07-13
4407,Reyansh Soni,Female,30.0,Madurai,Tamil Nadu,2023-07-14
4408,Warhi Grewal,Male,28.0,Nagpur,Maharashtra,2026-04-30
4409,Bhavna Bhat,Female,36.0,Nagpur,Maharashtra,2023-05-22
4410,Qasim Tripathi,Female,39.0,Jaipur,Rajasthan,2024-07-16
4411,Fariq Goda,Other,25.0,Thiruvananthapuram,Kerala,2026-08-31
4412,Adya Dhawan,Other,31.0,Pune,Maharashtra,2023-08-29
4413,Jatin Borra,Male,22.0,Udaipur,Rajasthan,2025-07-14
4414,Rachit Nagy,Male,16.0,Kolkata,West Bengal,2024-08-17
4415,Nicholas Rana,Female,33.0,Thiruvananthapuram,Kerala,2023-08-13
4416,Nitara Toor,Male,37.0,New Delhi,Delhi,2025-09-14
4417,Tejas Sandhu,Male,34.0,Lucknow,Uttar Pradesh,2025-03-04
4418,Hemani Khosla,Male,16.0,New Delhi,Delhi,2024-09-11
4419,Zayan Manda,Female,28.0,New Delhi,Delhi,2026-04-10
4420,Dhruv Bhatia,Other,16.0,Lucknow,Uttar Pradesh,2025-06-29
4421,Wakeeta Padmanabhan,Male,44.0,Bengaluru,Karnataka,2023-10-13
4422,Qushi Buch,Female,22.0,New Delhi,Delhi,2025-10-13
4423,Advik Chakrabarti,Male,43.0,Warangal,Telangana,2025-12-11
4424,Janaki Bhatti,Female,40.0,Hyderabad,Telangana,2025-08-28
4425,Eiravati Seshadri,Female,23.0,Pune,Maharashtra,2026-02-15
4426,Varsha Prabhakar,Male,21.0,Ahmedabad,Gujarat,2023-06-28
4427,Charita Suresh,Female,35.0,Siliguri,West Bengal,2025-08-30
4428,Ranveer Kari,Male,24.0,Vadodara,Gujarat,2023-10-09
4429,Brijesh Pandit,Male,32.0,Bengaluru,Karnataka,2023-06-26
4430,Udyati Shenoy,Other,27.0,Kochi,Kerala,2024-02-07
4431,Neha Sheth,Other,16.0,Noida,Uttar Pradesh,2025-02-03
4432,Sneha Dua,Female,16.0,Udaipur,Rajasthan,2023-05-17
4433,Lekha Saini,Male,34.0,New Delhi,Delhi,2026-02-20
4434,Liam Nadig,Male,26.0,Mumbai,Maharashtra,2023-10-29
4435,Manthan Ratta,Other,27.0,Kolkata,West Bengal,2025-03-11
4436,Akshay Saraf,Male,38.0,Pune,Maharashtra,2025-11-10
4437,Matthew Gour,Other,42.0,Mumbai,Maharashtra,2024-06-28
4438,Girish Babu,Female,29.0,Kochi,Kerala,2023-10-08
4439,Urmi Doctor,Female,28.0,Hyderabad,Telangana,2024-03-13
4440,Geetika Hora,Female,36.0,Madurai,Tamil Nadu,2025-09-06
4441,Widisha Ramanathan,Male,19.0,Lucknow,Uttar Pradesh,2023-12-20
4442,Chavvi Mall,Other,34.0,Vadodara,Gujarat,2026-07-08
4443,Ranveer Sur,Male,36.0,Jaipur,Rajasthan,2023-09-18
4444,Rachita Saran,Male,38.0,Jaipur,Rajasthan,2025-09-05
4445,Vinaya Bhasin,Other,16.0,Jaipur,Rajasthan,2023-12-04
4446,Hitesh Bhavsar,Female,25.0,Madurai,Tamil Nadu,2026-07-05
4447,Vansha Mann,Female,24.0,Hyderabad,Telangana,2025-04-12
4448,Wahab Venkataraman,Male,32.0,Pune,Maharashtra,2024-10-18
4449,Tarak Saha,Male,36.0,Ahmedabad,Gujarat,2025-02-04
4450,Agastya Morar,Other,45.0,Surat,Gujarat,2024-04-05
4451,Hamsini Mukhopadhyay,Other,27.0,New Delhi,Delhi,2025-11-09
4452,Jairaj Dayal,Other,27.0,Vadodara,Gujarat,2023-11-19
4453,Harita Prakash,Other,42.0,Madurai,Tamil Nadu,2024-08-12
4454,Kala Solanki,Female,34.0,Lucknow,Uttar Pradesh,2026-05-13
4455,Andrew Sekhon,Male,43.0,Pune,Maharashtra,2026-02-24
4456,Omisha Koshy,Male,34.0,Mangaluru,Karnataka,2026-08-06
4457,Eta Kaur,Female,21.0,Pune,Maharashtra,2025-03-16
4458,Vamakshi Mand,Other,20.0,Durgapur,West Bengal,2024-11-30
4459,Garima Hayer,Other,18.0,Siliguri,West Bengal,2024-10-31
4460,Ekanta Karnik,Other,37.0,Durgapur,West Bengal,2025-09-25
4461,Zaid Suresh,Other,42.0,Vadodara,Gujarat,2026-02-21
4462,Anirudh Munshi,Female,48.0,Kochi,Kerala,2024-11-21
4463,Leena Divan,Female,39.0,Mangaluru,Karnataka,2024-12-02
4464,Finn Wadhwa,Female,42.0,Jaipur,Rajasthan,2026-07-12
4465,Turvi Lata,Female,26.0,Durgapur,West Bengal,2026-05-02
4466,Shivani Ramachandran,Female,21.0,Jaipur,Rajasthan,2024-10-25
4467,Anya Dhar,Male,39.0,Madurai,Tamil Nadu,2024-12-14
4468,Daniel Som,Female,35.0,Kolkata,West Bengal,2025-11-26
4469,Udant Aggarwal,Female,32.0,Surat,Gujarat,2026-05-09
4470,Ishani Subramanian,Other,35.0,Vadodara,Gujarat,2024-01-21
4471,Anjali Nagarajan,Other,34.0,Kochi,Kerala,2024-08-27
4472,Dipta Yadav,Other,43.0,Madurai,Tamil Nadu,2025-01-10
4473,Raghav Dara,Male,43.0,Udaipur,Rajasthan,2025-08-05
4474,Darsh Hayer,Male,36.0,Kochi,Kerala,2024-08-19
4475,Yuvraj Puri,Other,39.0,Chennai,Tamil Nadu,2026-07-21
4476,Advay Misra,Other,36.0,Hyderabad,Telangana,2025-10-14
4477,Samarth Dhawan,Female,27.0,Hyderabad,Telangana,2025-09-18
4478,Aryan Balakrishnan,Female,38.0,Siliguri,West Bengal,2026-01-05
4479,Farhan Pillay,Female,19.0,Hyderabad,Telangana,2026-05-26
4480,Manbir Sekhon,Male,41.0,Mysuru,Karnataka,2025-02-10
4481,Naksh Sawhney,Male,21.0,Udaipur,Rajasthan,2023-05-17
4482,Hritik Mahal,Female,34.0,Coimbatore,Tamil Nadu,2025-07-20
4483,Anya Hora,Other,24.0,Udaipur,Rajasthan,2026-03-08
4484,Bhavani Gaba,Female,36.0,Ahmedabad,Gujarat,2023-04-15
4485,Ekantika Badal,Female,31.0,Vadodara,Gujarat,2026-05-04
4486,Charles Narain,Female,17.0,Mysuru,Karnataka,2025-03-03
4487,Jyoti Dhar,Male,35.0,Hyderabad,Telangana,2024-01-06
4488,Keya Bal,Male,26.0,Mysuru,Karnataka,2023-03-26
4489,Ekiya Randhawa,Male,39.0,Mysuru,Karnataka,2026-01-28
4490,Eta Banerjee,Male,32.0,Udaipur,Rajasthan,2023-07-16
4491,Ekiya Baral,Male,35.0,Ahmedabad,Gujarat,2026-03-06
4492,Kevin Taneja,Male,23.0,Mumbai,Maharashtra,2024-11-22
4493,Ekansh Dey,Female,26.0,Thiruvananthapuram,Kerala,2025-05-30
4494,Harsh Virk,Male,27.0,Chennai,Tamil Nadu,2026-06-20
4495,Wahab Chanda,Other,39.0,Thiruvananthapuram,Kerala,2024-12-25
4496,Ishanvi Nigam,Male,47.0,Chennai,Tamil Nadu,2026-02-07
4497,Nitara Oza,Male,24.0,Thiruvananthapuram,Kerala,2023-12-18
4498,Waida Rattan,Other,41.0,Ahmedabad,Gujarat,2026-06-16
4499,Omaja Randhawa,Male,16.0,Mumbai,Maharashtra,2026-03-15
4500,Gaurav Johal,Female,21.0,Thiruvananthapuram,Kerala,2023-09-13
4501,Nathan D’Alia,Female,23.0,Bengaluru,Karnataka,2024-03-28
4502,Utkarsh Khatri,Other,19.0,Coimbatore,Tamil Nadu,2023-12-06
4503,Arjun Ben,Female,17.0,New Delhi,Delhi,2023-08-08
4504,Varenya Basak,Other,35.0,Mumbai,Maharashtra,2024-09-23
4505,Theodore Kaul,Other,30.0,Vadodara,Gujarat,2025-03-02
4506,Laksh Tella,Male,35.0,Lucknow,Uttar Pradesh,2023-07-25
4507,Ekantika Ram,Other,38.0,Mysuru,Karnataka,2025-06-28
4508,Anirudh Uppal,Other,34.0,Lucknow,Uttar Pradesh,2025-02-26
4509,Waida Bajwa,Male,37.0,Thiruvananthapuram,Kerala,2026-01-13
4510,Ekansh Baria,Other,31.0,Kolkata,West Bengal,2025-10-03
4511,Balendra Joshi,Female,21.0,Vadodara,Gujarat,2024-10-21
4512,Vyanjana Amble,Other,41.0,Pune,Maharashtra,2026-06-14
4513,Faris Pillai,Other,26.0,Surat,Gujarat,2024-02-25
4514,Mekhala Kala,Other,23.0,Hyderabad,Telangana,2023-06-08
4515,Abhimanyu Manda,Male,30.0,Thiruvananthapuram,Kerala,2025-04-07
4516,Kavya Vaidya,Female,23.0,Chennai,Tamil Nadu,2024-12-24
4517,Nathaniel Jaggi,Male,28.0,Surat,Gujarat,2024-08-18
4518,Gaurika Hayre,Other,35.0,Coimbatore,Tamil Nadu,2025-08-19
4519,Abha Ramaswamy,Other,35.0,Nagpur,Maharashtra,2024-05-14
4520,Bhavika Seth,Other,23.0,Mysuru,Karnataka,2023-02-14
4521,Sanaya Vala,Female,27.0,Vadodara,Gujarat,2025-01-06
4522,Samarth Goyal,Female,41.0,Ahmedabad,Gujarat,2025-06-12
4523,Benjamin Ram,Male,36.0,Kanpur,Uttar Pradesh,2025-06-14
4524,Samesh Iyengar,Male,50.0,Durgapur,West Bengal,2024-07-05
4525,Tanish Mitter,Female,42.0,Warangal,Telangana,2023-11-20
4526,Ubika Bhagat,Other,42.0,New Delhi,Delhi,2026-08-13
4527,Zayyan Kalla,Male,19.0,Jaipur,Rajasthan,2025-02-20
4528,Dayita Arora,Male,38.0,Hyderabad,Telangana,2023-07-04
4529,Pratyush Nath,Other,31.0,New Delhi,Delhi,2026-02-06
4530,Xalak Rama,Male,27.0,Pune,Maharashtra,2025-12-11
4531,Tanvi Raman,Male,33.0,Durgapur,West Bengal,2024-08-23
4532,Vyanjana Srinivasan,Female,40.0,New Delhi,Delhi,2024-01-16
4533,Yuvraj Brahmbhatt,Female,36.0,Coimbatore,Tamil Nadu,2023-12-08
4534,Aadi Balasubramanian,Male,24.0,Jaipur,Rajasthan,2023-07-08
4535,Advay Mahal,Other,38.0,Kochi,Kerala,2023-12-27
4536,Chavvi Saxena,Female,26.0,Siliguri,West Bengal,2025-05-16
4537,Nathaniel Chatterjee,Male,33.0,New Delhi,Delhi,2024-02-05
4538,Jhalak Kale,Male,29.0,Kochi,Kerala,2023-07-27
4539,Pallavi Pradhan,Other,30.0,Kolkata,West Bengal,2023-09-12
4540,Ati Sahni,Female,38.0,Noida,Uttar Pradesh,2024-01-02
4541,Chameli Banerjee,Male,22.0,New Delhi,Delhi,2023-01-18
4542,Chasmum Dhar,Female,49.0,Hyderabad,Telangana,2025-11-17
4543,Tanmayi Jayaraman,Other,16.0,Nagpur,Maharashtra,2023-04-27
4544,Azaan Soni,Male,26.0,Ahmedabad,Gujarat,2023-04-10
4545,Akshay Chowdhury,Male,35.0,Lucknow,Uttar Pradesh,2024-05-10
4546,Wahab Shah,Other,37.0,Thiruvananthapuram,Kerala,2024-07-25
4547,Anamika Bajaj,Female,31.0,Lucknow,Uttar Pradesh,2023-12-25
4548,Dev Dua,Male,31.0,Mangaluru,Karnataka,2023-11-28
4549,Dhruv Rao,Male,35.0,Kochi,Kerala,2025-02-11
4550,Ayushman Barad,Female,29.0,New Delhi,Delhi,2025-08-01
4551,Rachana Shroff,Other,44.0,Udaipur,Rajasthan,2025-03-19
4552,Parth Arya,Other,39.0,Udaipur,Rajasthan,2025-08-13
4553,Dev Mand,Other,39.0,Udaipur,Rajasthan,2026-03-28
4554,Varenya Jain,Other,23.0,Surat,Gujarat,2025-04-14
4555,Arjun Magar,Male,31.0,New Delhi,Delhi,2023-03-16
4556,Wahab Sem,Other,29.0,Chennai,Tamil Nadu,2025-01-22
4557,Chaitanya Saran,Other,22.0,Kolkata,West Bengal,2025-04-24
4558,Vincent Batta,Female,35.0,Surat,Gujarat,2025-02-04
4559,Januja Chakrabarti,Female,27.0,Pune,Maharashtra,2024-02-11
4560,Tanmayi Sodhi,Female,37.0,Mumbai,Maharashtra,2026-07-31
4561,Kashvi Prabhu,Other,22.0,New Delhi,Delhi,2023-10-14
4562,Ekani Palan,Male,47.0,Durgapur,West Bengal,2023-10-19
4563,Owen Ratti,Female,23.0,Mumbai,Maharashtra,2024-06-01
4564,Unni Palan,Female,33.0,Kanpur,Uttar Pradesh,2025-08-10
4565,Manbir Talwar,Female,39.0,Hyderabad,Telangana,2023-09-25
4566,Jagvi Sankaran,Male,26.0,Ahmedabad,Gujarat,2023-10-26
4567,Zehaan Devan,Female,39.0,Mysuru,Karnataka,2023-04-19
4568,Jagrati Shukla,Female,20.0,Warangal,Telangana,2026-08-31
4569,Nitesh Basak,Other,45.0,Ahmedabad,Gujarat,2024-08-25
4570,Yashawini Dhillon,Male,32.0,Warangal,Telangana,2025-09-08
4571,Nathaniel Dewan,Female,26.0,Mysuru,Karnataka,2024-02-01
4572,Meghana Bumb,Male,29.0,Siliguri,West Bengal,2023-01-23
4573,Isaac Thaker,Other,39.0,Bengaluru,Karnataka,2026-02-24
4574,Zinal Chawla,Male,26.0,Kolkata,West Bengal,2025-11-09
4575,Aachal Gala,Other,25.0,Madurai,Tamil Nadu,2025-01-30
4576,Gaurika Suresh,Female,30.0,Pune,Maharashtra,2024-11-15
4577,Eshana Prakash,Female,21.0,Thiruvananthapuram,Kerala,2026-06-27
4578,Maya Kanda,Female,48.0,Warangal,Telangana,2023-04-15
4579,Nikita Cherian,Female,26.0,Jaipur,Rajasthan,2025-09-25
4580,Sudiksha Dugal,Male,39.0,Vadodara,Gujarat,2026-01-27
4581,Aadi Thaman,Male,33.0,Kochi,Kerala,2025-02-12
4582,Warhi Dhawan,Other,23.0,Warangal,Telangana,2026-07-24
4583,Damini Khurana,Male,31.0,Kolkata,West Bengal,2024-02-07
4584,Chavvi Kadakia,Female,39.0,Mangaluru,Karnataka,2024-07-18
4585,Rayaan Bajwa,Male,30.0,Ahmedabad,Gujarat,2023-04-01
4586,Azaan Merchant,Male,42.0,Kolkata,West Bengal,2024-02-03
4587,Sarthak Grewal,Male,41.0,Vadodara,Gujarat,2025-05-05
4588,Ekalinga Kulkarni,Other,40.0,New Delhi,Delhi,2026-03-09
4589,Jagat Sami,Male,27.0,Kolkata,West Bengal,2023-05-16
4590,Neha Anne,Female,22.0,New Delhi,Delhi,2025-09-15
4591,Hemal Rama,Female,26.0,Bengaluru,Karnataka,2023-12-06
4592,Sathvik Modi,Male,33.0,Lucknow,Uttar Pradesh,2025-07-30
4593,Vanya Barman,Female,36.0,Warangal,Telangana,2024-06-12
4594,Azad Tata,Other,16.0,Thiruvananthapuram,Kerala,2024-10-30
4595,Indali Balasubramanian,Other,31.0,Jaipur,Rajasthan,2026-04-22
4596,Urvashi Rajagopal,Other,33.0,Udaipur,Rajasthan,2024-05-17
4597,Pahal Panchal,Female,29.0,Chennai,Tamil Nadu,2025-09-16
4598,Avi Rai,Other,43.0,Durgapur,West Bengal,2024-09-07
4599,Vinaya Chadha,Female,35.0,Noida,Uttar Pradesh,2023-04-16
4600,Zayyan Chanda,Female,43.0,Thiruvananthapuram,Kerala,2023-08-07
4601,Yatan Chandra,Male,30.0,New Delhi,Delhi,2024-05-24
4602,Ladli Nazareth,Male,40.0,Lucknow,Uttar Pradesh,2026-01-15
4603,Upasna Banerjee,Female,46.0,Udaipur,Rajasthan,2025-03-29
4604,Dayita Seth,Female,43.0,Vadodara,Gujarat,2024-09-04
4605,Nirja Chandran,Male,22.0,Bengaluru,Karnataka,2026-06-30
4606,Kabir Bala,Male,29.0,Noida,Uttar Pradesh,2024-10-04
4607,Ekapad Thakkar,Female,28.0,Pune,Maharashtra,2025-06-04
4608,Ubika Maharaj,Female,36.0,New Delhi,Delhi,2023-03-04
4609,Chanakya Kulkarni,Male,38.0,Warangal,Telangana,2024-09-22
4610,Zansi Swaminathan,Female,24.0,Coimbatore,Tamil Nadu,2025-03-22
4611,Siya Memon,Female,32.0,Kochi,Kerala,2025-05-30
4612,Balveer Mannan,Male,16.0,Coimbatore,Tamil Nadu,2026-06-04
4613,Pooja Choudhary,Male,44.0,New Delhi,Delhi,2026-05-09
4614,Faraj Issac,Male,27.0,Warangal,Telangana,2023-07-26
4615,Vedika Krish,Other,32.0,Bengaluru,Karnataka,2023-01-18
4616,Lila Goda,Female,,New Delhi,Delhi,2023-07-09
4617,Caleb Mittal,Male,42.0,New Delhi,Delhi,2025-08-23
4618,Udant Oak,Male,16.0,New Delhi,Delhi,2024-08-19
4619,Veer Saxena,Other,31.0,Warangal,Telangana,2026-03-17
4620,Harrison Gala,Male,31.0,Bengaluru,Karnataka,2024-09-26
4621,Kevin Bajwa,Male,27.0,Hyderabad,Telangana,2026-04-08
4622,Watika Peri,Other,47.0,Bengaluru,Karnataka,2023-01-01
4623,Ansh Vohra,Female,24.0,Chennai,Tamil Nadu,2025-10-01
4624,Hitesh Sahota,Other,38.0,Mysuru,Karnataka,2024-08-19
4625,Bahadurjit Mallick,Other,35.0,Kochi,Kerala,2024-08-05
4626,Pahal Bhavsar,Female,43.0,New Delhi,Delhi,2026-05-26
4627,Gagan Lall,Other,25.0,Kolkata,West Bengal,2025-11-20
4628,Vaishnavi Rattan,Other,25.0,Mysuru,Karnataka,2024-04-03
4629,Laksh Dara,Female,,Kolkata,West Bengal,2024-11-24
4630,Neel Chadha,Female,35.0,New Delhi,Delhi,2025-01-04
4631,Ronith Sehgal,Female,18.0,Udaipur,Rajasthan,2026-08-31
4632,Adya Sridhar,Male,27.0,Surat,Gujarat,2024-09-25
4633,Qasim Sachdev,Male,35.0,Hyderabad,Telangana,2025-08-02
4634,Balveer Kata,Male,39.0,New Delhi,Delhi,2023-06-12
4635,Manan Mital,Male,25.0,Nagpur,Maharashtra,2023-10-30
4636,Mahika Apte,Unknown,16.0,Mysuru,Karnataka,2023-11-02
4637,Darpan Uppal,Female,36.0,Mysuru,Karnataka,2024-10-17
4638,Isaiah Vohra,Other,21.0,Kochi,Kerala,2025-09-13
4639,Aditya Mitter,Male,16.0,Surat,Gujarat,2026-08-12
4640,Ekaja Kohli,Other,16.0,Udaipur,Rajasthan,2024-03-05
4641,Tanay Gulati,Male,39.0,Noida,Uttar Pradesh,2025-01-15
4642,Vanya Srinivas,Male,33.0,New Delhi,Delhi,2024-12-07
4643,Hardik Gera,Male,29.0,Bengaluru,Karnataka,2024-05-31
4644,Ekavir Dhingra,Female,44.0,Ahmedabad,Gujarat,2025-08-07
4645,Yashvi Dhillon,Female,37.0,Vadodara,Gujarat,2025-07-09
4646,Vanya Varghese,Other,46.0,New Delhi,Delhi,2025-05-14
4647,Nitesh Koshy,Male,19.0,Hyderabad,Telangana,2023-12-03
4648,Janaki Kar,Male,31.0,Durgapur,West Bengal,2025-09-24
4649,Niharika Bhasin,Male,17.0,Hyderabad,Telangana,2023-10-15
4650,Brijesh Nagi,Other,29.0,Madurai,Tamil Nadu,2025-10-11
4651,Ayaan Hans,Other,29.0,Kolkata,West Bengal,2024-01-05
4652,Mahika Sengupta,Male,37.0,Ahmedabad,Gujarat,2026-07-17
4653,Joshua Srinivas,Other,32.0,Warangal,Telangana,2025-02-02
4654,Nakul Khurana,Male,37.0,Hyderabad,Telangana,2025-09-15
4655,Widisha Borde,Male,38.0,Jaipur,Rajasthan,2023-10-30
4656,Azaan Sahni,Other,51.0,Warangal,Telangana,2025-03-11
4657,Frado Dhingra,Female,29.0,Jaipur,Rajasthan,2023-03-22
4658,Kala Mall,Other,23.0,Noida,Uttar Pradesh,2026-01-25
4659,Avni Shetty,Female,34.0,Siliguri,West Bengal,2023-04-02
4660,Chavvi Wason,Male,24.0,Durgapur,West Bengal,2025-04-14
4661,Darika Singhal,Female,45.0,Kochi,Kerala,2025-05-04
4662,Libni Devan,Other,29.0,Noida,Uttar Pradesh,2024-04-17
4663,Geetika Chand,Female,26.0,Hyderabad,Telangana,2024-06-26
4664,Hema Walia,Male,27.0,Siliguri,West Bengal,2024-04-14
4665,Zayan Loyal,Female,38.0,Thiruvananthapuram,Kerala,2024-06-27
4666,Bhavya Varghese,Male,30.0,Nagpur,Maharashtra,2023-03-25
4667,Dhriti Naik,Male,26.0,Coimbatore,Tamil Nadu,2025-03-24
4668,Rayaan Pall,Male,46.0,Pune,Maharashtra,2023-06-05
4669,Rehaan Nayak,Other,24.0,Siliguri,West Bengal,2025-05-03
4670,Arya Lalla,Other,32.0,Nagpur,Maharashtra,2026-08-03
4671,Raghav Dewan,Other,37.0,Siliguri,West Bengal,2023-04-15
4672,Ranveer Pathak,Male,17.0,Noida,Uttar Pradesh,2025-12-29
4673,Samarth Shere,Male,36.0,Udaipur,Rajasthan,2024-04-25
4674,Jacob Manne,Other,22.0,Vadodara,Gujarat,2024-11-03
4675,Samesh Nazareth,Male,39.0,New Delhi,Delhi,2025-05-29
4676,Watika Prasad,Other,23.0,Mysuru,Karnataka,2024-05-17
4677,Manya Sule,Male,38.0,Lucknow,Uttar Pradesh,2023-09-23
4678,Tripti Yogi,Other,41.0,Kolkata,West Bengal,2024-08-21
4679,Madhav Kumar,Male,39.0,Durgapur,West Bengal,2025-05-23
4680,Zayyan Dash,Male,34.0,Madurai,Tamil Nadu,2025-01-10
4681,Maya Aggarwal,Female,29.0,Mysuru,Karnataka,2026-01-15
4682,Ranbir Kumar,Male,26.0,Jaipur,Rajasthan,2023-11-15
4683,Suhani Malhotra,Male,45.0,Bengaluru,Karnataka,2023-05-16
4684,Rushil Lata,Male,25.0,Kolkata,West Bengal,2025-07-13
4685,Prisha Suri,Unknown,22.0,Hyderabad,Telangana,2025-12-30
4686,Vamakshi Sarkar,Male,37.0,Noida,Uttar Pradesh,2025-09-12
4687,Dhriti Dar,Male,24.0,Thiruvananthapuram,Kerala,2024-12-30
4688,Pratyush Das,Male,23.0,Mysuru,Karnataka,2025-03-05
4689,Chatura Barman,Female,19.0,Madurai,Tamil Nadu,2023-02-07
4690,Arunima Chokshi,Male,27.0,Kochi,Kerala,2023-11-29
4691,Joshua Char,Male,31.0,New Delhi,Delhi,2025-12-05
4692,Samarth Baral,Female,34.0,Jaipur,Rajasthan,2026-07-17
4693,Advaith Choudhury,Female,40.0,Hyderabad,Telangana,2025-03-08
4694,Aradhana Mane,Other,36.0,Ahmedabad,Gujarat,2025-04-04
4695,Wridesh Kashyap,Male,30.0,Chennai,Tamil Nadu,2026-06-25
4696,Amara Pandya,Other,30.0,Noida,Uttar Pradesh,2023-05-18
4697,Max Bajaj,Female,36.0,Madurai,Tamil Nadu,2026-02-15
4698,Thomas Garg,Female,43.0,Kanpur,Uttar Pradesh,2026-08-08
4699,Samar Badal,Male,33.0,Hyderabad,Telangana,2023-03-16
4700,Gavin Madan,Male,27.0,Lucknow,Uttar Pradesh,2026-03-15
4701,Jeet Chandran,Other,23.0,Hyderabad,Telangana,2025-02-01
4702,Niharika Kant,Other,18.0,Warangal,Telangana,2023-01-16
4703,Tripti Gandhi,Male,37.0,Warangal,Telangana,2023-10-02
4704,Thomas Mammen,Other,37.0,Mangaluru,Karnataka,2026-02-23
4705,Aarush Khare,Male,37.0,Mangaluru,Karnataka,2025-08-27
4706,Radhika Raju,Other,30.0,Noida,Uttar Pradesh,2024-11-28
4707,Tanay Kata,Male,44.0,Mangaluru,Karnataka,2026-07-30
4708,Finn Rege,Female,27.0,Hyderabad,Telangana,2026-01-04
4709,Saanvi Doctor,Male,40.0,Surat,Gujarat,2023-08-07
4710,Lajita Bajaj,Other,31.0,Pune,Maharashtra,2023-10-08
4711,Samesh Swamy,Male,26.0,Durgapur,West Bengal,2024-07-28
4712,Hema Nagy,Male,37.0,Warangal,Telangana,2025-12-23
4713,Xalak Tripathi,Female,35.0,Hyderabad,Telangana,2024-09-23
4714,Riya Jha,Male,35.0,Durgapur,West Bengal,2023-02-23
4715,Maanas Brahmbhatt,Male,32.0,Durgapur,West Bengal,2023-07-10
4716,Om Raval,Female,31.0,New Delhi,Delhi,2023-08-21
4717,Tejas Murthy,Female,53.0,Mysuru,Karnataka,2024-10-13
4718,Nidhi Mahal,Other,42.0,Bengaluru,Karnataka,2024-03-10
4719,Bina Kashyap,Male,38.0,Kochi,Kerala,2023-04-11
4720,Upasna Bajwa,Other,33.0,Durgapur,West Bengal,2026-01-13
4721,Dhruv Sethi,Other,41.0,Mangaluru,Karnataka,2026-03-28
4722,Lopa Pai,Other,36.0,Udaipur,Rajasthan,2024-09-01
4723,Lakshmi Bahri,Male,32.0,Mysuru,Karnataka,2024-09-30
4724,Rajata Sehgal,Other,29.0,Ahmedabad,Gujarat,2024-11-13
4725,Gaurav Sarkar,Male,,Siliguri,West Bengal,2023-10-08
4726,Ijaya Karnik,Other,16.0,Bengaluru,Karnataka,2023-01-09
4727,Jeevika Lad,Male,33.0,Mysuru,Karnataka,2025-08-18
4728,Nakul Ganguly,Other,27.0,Warangal,Telangana,2023-08-07
4729,Zansi Wali,Other,46.0,Kolkata,West Bengal,2026-02-23
4730,Balhaar Raj,Female,32.0,Chennai,Tamil Nadu,2023-12-11
4731,Chanakya Karnik,Other,21.0,New Delhi,Delhi,2023-02-04
4732,Nathan Chanda,Other,31.0,Lucknow,Uttar Pradesh,2023-09-17
4733,Zashil Buch,Female,22.0,New Delhi,Delhi,2023-01-11
4734,Sneha Dixit,Other,36.0,Udaipur,Rajasthan,2024-01-20
4735,Lucky Sarin,Male,34.0,Noida,Uttar Pradesh,2023-05-02
4736,Quincy Karnik,Other,40.0,Ahmedabad,Gujarat,2025-03-06
4737,Devika Ganesan,Female,24.0,Madurai,Tamil Nadu,2024-12-06
4738,Vincent Chanda,Other,32.0,New Delhi,Delhi,2025-04-22
4739,Patrick Mani,Female,19.0,Thiruvananthapuram,Kerala,2024-05-25
4740,Pallavi Ganesh,Other,38.0,Kochi,Kerala,2025-05-10
4741,Anay Hayre,Other,,Siliguri,West Bengal,2025-10-16
4742,Ekalinga Chaudhuri,Female,36.0,Mumbai,Maharashtra,2026-04-24
4743,Praneel Walla,Female,32.0,Madurai,Tamil Nadu,2023-09-20
4744,Turvi Pillay,Other,35.0,Kochi,Kerala,2026-04-03
4745,Michael Walla,Male,46.0,Mangaluru,Karnataka,2023-09-29
4746,Yatan Anand,Male,29.0,Mumbai,Maharashtra,2023-04-06
4747,Onveer Magar,Female,33.0,Mangaluru,Karnataka,2023-09-30
4748,Xiti Thaman,Male,22.0,Coimbatore,Tamil Nadu,2026-03-22
4749,Meera Deshmukh,Male,24.0,Nagpur,Maharashtra,2023-08-15
4750,Chanakya Singh,Male,32.0,Pune,Maharashtra,2024-11-30
4751,Kevin Khurana,Male,41.0,Coimbatore,Tamil Nadu,2023-10-29
4752,Arya Shere,Female,29.0,Mysuru,Karnataka,2025-04-21
4753,Suhani Gill,Other,29.0,Vadodara,Gujarat,2024-07-17
4754,Yuvraj Edwin,Male,28.0,Noida,Uttar Pradesh,2026-07-24
4755,Ekalinga Purohit,Female,27.0,New Delhi,Delhi,2024-12-24
4756,Aadi Mani,Other,34.0,Madurai,Tamil Nadu,2024-05-12
4757,Vrishti Rana,Female,18.0,Kanpur,Uttar Pradesh,2025-06-14
4758,Unnati Venkatesh,Male,43.0,Pune,Maharashtra,2025-06-06
4759,Nidhi Krishnamurthy,Male,26.0,Lucknow,Uttar Pradesh,2023-05-03
4760,Ojas Thakur,Female,38.0,Noida,Uttar Pradesh,2024-02-22
4761,Jonathan Bansal,Female,20.0,Ahmedabad,Gujarat,2023-10-16
4762,Ethan Pillai,Male,38.0,Durgapur,West Bengal,2025-05-22
4763,Jack Sachar,Other,38.0,Pune,Maharashtra,2023-05-14
4764,Keya Mistry,Female,35.0,Thiruvananthapuram,Kerala,2024-09-12
4765,Arjun Murty,Male,23.0,Coimbatore,Tamil Nadu,2024-07-18
4766,Rushil Babu,Female,34.0,Kanpur,Uttar Pradesh,2023-11-25
4767,Radhika Din,Female,21.0,Lucknow,Uttar Pradesh,2023-10-01
4768,Logan Mittal,Unknown,29.0,Mumbai,Maharashtra,2025-09-22
4769,Yash Dhar,Other,41.0,Ahmedabad,Gujarat,2025-11-09
4770,Utkarsh Sarna,Female,39.0,New Delhi,Delhi,2025-01-29
4771,Vidhi Rastogi,Other,32.0,Udaipur,Rajasthan,2023-07-22
4772,Udyati Prabhu,Other,23.0,Siliguri,West Bengal,2024-09-27
4773,Ubika De,Male,37.0,Ahmedabad,Gujarat,2026-03-07
4774,Charan Korpal,Female,32.0,Bengaluru,Karnataka,2024-05-31
4775,Harrison Merchant,Other,16.0,Madurai,Tamil Nadu,2026-06-10
4776,Chatresh Palla,Other,39.0,Kochi,Kerala,2025-10-14
4777,Libni Sant,Male,31.0,Jaipur,Rajasthan,2023-02-10
4778,Chaitaly Pant,Other,42.0,Warangal,Telangana,2024-11-29
4779,Banjeet Srinivas,Male,22.0,Pune,Maharashtra,2024-01-19
4780,Indira Narula,Female,16.0,Mangaluru,Karnataka,2025-05-20
4781,Dayita Toor,Female,34.0,Siliguri,West Bengal,2026-04-15
4782,Advay Chaudhuri,Female,34.0,Madurai,Tamil Nadu,2026-05-17
4783,Anamika Bhasin,Male,16.0,Thiruvananthapuram,Kerala,2025-02-17
4784,Yashodhara Kamdar,Male,23.0,Noida,Uttar Pradesh,2024-05-16
4785,Arjun Sen,Female,56.0,Hyderabad,Telangana,2024-12-31
4786,Gaurika Sharma,Other,29.0,Lucknow,Uttar Pradesh,2024-11-13
4787,Eta Mane,Female,38.0,Lucknow,Uttar Pradesh,2026-02-25
4788,Charan Varughese,Male,26.0,Nagpur,Maharashtra,2023-07-31
4789,Raksha Sura,Male,16.0,Kochi,Kerala,2025-04-21
4790,Yoshita Bansal,Female,30.0,Mumbai,Maharashtra,2025-04-24
4791,Mitesh Purohit,Male,29.0,Jaipur,Rajasthan,2026-01-28
4792,Ria Loke,Male,28.0,Noida,Uttar Pradesh,2024-03-28
4793,Lucky Hegde,Female,30.0,Chennai,Tamil Nadu,2023-07-18
4794,Leena Majumdar,Male,34.0,Pune,Maharashtra,2026-04-18
4795,Thomas Barman,Female,30.0,Ahmedabad,Gujarat,2026-08-09
4796,Chavvi Arora,Male,20.0,Thiruvananthapuram,Kerala,2023-07-11
4797,Robert Sahota,Other,36.0,Hyderabad,Telangana,2023-09-01
4798,Omisha Doshi,Other,,Mysuru,Karnataka,2026-01-04
4799,Aadhya Kade,Female,16.0,Chennai,Tamil Nadu,2024-07-21
4800,Dominic Gade,Other,38.0,Jaipur,Rajasthan,2023-01-14
4801,Alka Subramanian,Female,36.0,Lucknow,Uttar Pradesh,2024-11-08
4802,Theodore Sidhu,Other,31.0,Bengaluru,Karnataka,2026-04-08
4803,Wakeeta Comar,Female,19.0,Madurai,Tamil Nadu,2023-01-01
4804,Tripti Oommen,Female,25.0,Vadodara,Gujarat,2024-12-31
4805,Upasna Kuruvilla,Other,29.0,Noida,Uttar Pradesh,2023-12-03
4806,Eta Vyas,Male,17.0,Nagpur,Maharashtra,2026-07-08
4807,Zinal Mallick,Other,25.0,Kochi,Kerala,2024-07-17
4808,Upkaar Bains,Male,37.0,Chennai,Tamil Nadu,2024-04-24
4809,Vasudha Magar,Male,44.0,Nagpur,Maharashtra,2024-02-06
4810,Yashodhara Mital,Male,28.0,Chennai,Tamil Nadu,2024-08-27
4811,Nidhi Behl,Other,38.0,Lucknow,Uttar Pradesh,2025-07-09
4812,Aarini Chhabra,Male,16.0,Madurai,Tamil Nadu,2023-03-06
4813,Udant Kanda,Other,37.0,Mangaluru,Karnataka,2024-02-23
4814,Ucchal Dua,Other,24.0,Warangal,Telangana,2025-06-03
4815,Yashasvi Patil,Male,34.0,New Delhi,Delhi,2025-08-28
4816,Mugdha Saini,Male,29.0,Ahmedabad,Gujarat,2025-02-06
4817,Chandani Bumb,Male,43.0,Nagpur,Maharashtra,2025-05-10
4818,Nicholas Srivastava,Male,24.0,Bengaluru,Karnataka,2024-03-09
4819,Dipta Bhandari,Female,37.0,Bengaluru,Karnataka,2023-08-11
4820,Nidra Sankaran,Other,29.0,Ahmedabad,Gujarat,2023-12-07
4821,Oeshi Solanki,Other,30.0,Siliguri,West Bengal,2026-02-10
4822,Gauri Prabhakar,Female,30.0,Udaipur,Rajasthan,2023-11-19
4823,Darika Keer,Female,24.0,Kochi,Kerala,2025-05-20
4824,Vyanjana Randhawa,Female,31.0,New Delhi,Delhi,2024-10-08
4825,Nidra Sani,Male,31.0,Siliguri,West Bengal,2023-02-11
4826,Bhavini Kohli,Female,34.0,Coimbatore,Tamil Nadu,2025-02-08
4827,Gayathri Dutta,Male,32.0,Udaipur,Rajasthan,2026-04-05
4828,Krisha Butala,Male,39.0,Mangaluru,Karnataka,2023-04-21
4829,Fitan Butala,Other,40.0,Madurai,Tamil Nadu,2025-12-28
4830,Mason Zachariah,Female,22.0,Mangaluru,Karnataka,2025-03-19
4831,Waida Chanda,Male,39.0,Kochi,Kerala,2025-11-26
4832,Charan Agate,Male,21.0,New Delhi,Delhi,2024-05-07
4833,Peter Bali,Other,37.0,Nagpur,Maharashtra,2026-01-18
4834,Bishakha Peri,Other,37.0,Bengaluru,Karnataka,2026-02-05
4835,Gagan Baria,Other,16.0,Mysuru,Karnataka,2026-01-05
4836,Dayita Narayanan,Female,32.0,Mysuru,Karnataka,2024-11-11
4837,Balvan Butala,Male,27.0,Jaipur,Rajasthan,2023-04-01
4838,Aadi Handa,Male,25.0,Surat,Gujarat,2023-10-14
4839,Mahika Swaminathan,Other,44.0,Madurai,Tamil Nadu,2023-07-03
4840,Amara Manne,Other,26.0,Jaipur,Rajasthan,2025-06-24
4841,Bhavani Devi,Other,24.0,Mysuru,Karnataka,2026-07-22
4842,Turvi Lad,Other,32.0,Jaipur,Rajasthan,2024-10-21
4843,Yutika Char,Unknown,38.0,Lucknow,Uttar Pradesh,2024-07-19
4844,Udarsh Mander,Male,30.0,Hyderabad,Telangana,2023-01-24
4845,Maya Nigam,Other,42.0,Nagpur,Maharashtra,2023-02-19
4846,Urvashi Sethi,Female,36.0,Mumbai,Maharashtra,2023-12-04
4847,Yashodhara Mohan,Male,16.0,Kochi,Kerala,2024-01-25
4848,Nandini Sahota,Female,27.0,Lucknow,Uttar Pradesh,2026-01-08
4849,Dayamai Narain,Other,26.0,Hyderabad,Telangana,2026-05-23
4850,Wridesh Shenoy,Male,36.0,Nagpur,Maharashtra,2024-12-24
4851,Mohammed Bansal,Other,16.0,Warangal,Telangana,2023-08-24
4852,Daniel Dalal,Female,54.0,Udaipur,Rajasthan,2024-06-18
4853,Hritik Sen,Other,36.0,New Delhi,Delhi,2023-10-30
4854,Manthan Borah,Female,33.0,Thiruvananthapuram,Kerala,2025-10-02
4855,Gaurangi Nagarajan,Male,42.0,Jaipur,Rajasthan,2023-12-26
4856,Vasatika Saran,Other,53.0,Siliguri,West Bengal,2023-03-28
4857,Jason Mittal,Female,39.0,Warangal,Telangana,2023-03-24
4858,Urvashi Bandi,Female,40.0,Udaipur,Rajasthan,2023-02-23
4859,Naksh Raman,Male,33.0,Nagpur,Maharashtra,2023-01-06
4860,Hemani Bhatti,Female,30.0,Kolkata,West Bengal,2024-12-08
4861,Azad Krishnan,Female,27.0,Hyderabad,Telangana,2025-11-22
4862,Rachit Tank,Male,24.0,Siliguri,West Bengal,2025-04-09
4863,Mitali Naik,Male,25.0,Vadodara,Gujarat,2024-04-27
4864,Kiaan Narain,Female,19.0,Ahmedabad,Gujarat,2025-11-13
4865,Divya Gour,Female,31.0,Coimbatore,Tamil Nadu,2023-04-11
4866,Nitesh Krishna,Male,16.0,Warangal,Telangana,2026-03-27
4867,Girik Sur,Unknown,33.0,Vadodara,Gujarat,2026-02-05
4868,Manbir Basak,Female,31.0,Nagpur,Maharashtra,2023-04-19
4869,Wriddhish Varghese,Male,33.0,Ahmedabad,Gujarat,2025-04-20
4870,Arunima Jain,Other,27.0,Thiruvananthapuram,Kerala,2024-12-28
4871,Omisha Barad,Other,59.0,Nagpur,Maharashtra,2025-12-12
4872,Jalsa Oza,Male,44.0,New Delhi,Delhi,2023-05-05
4873,Geetika Agate,Male,20.0,Kolkata,West Bengal,2025-03-13
4874,Vasudha Thaker,Male,34.0,Siliguri,West Bengal,2026-02-12
4875,Siddharth Divan,Female,26.0,Jaipur,Rajasthan,2026-07-05
4876,Yashasvi Mahal,Male,22.0,Siliguri,West Bengal,2026-01-26
4877,Ronith Saran,Male,19.0,Kanpur,Uttar Pradesh,2025-11-22
4878,Suhani Mannan,Other,35.0,Coimbatore,Tamil Nadu,2024-01-20
4879,Chaitanya Mane,Female,25.0,Jaipur,Rajasthan,2024-07-02
4880,Andrew Reddy,Other,40.0,Chennai,Tamil Nadu,2023-05-15
4881,Urvi Sahni,Other,40.0,New Delhi,Delhi,2024-08-27
4882,Vihaan Murty,Female,44.0,New Delhi,Delhi,2024-09-01
4883,Shivani Lanka,Male,24.0,New Delhi,Delhi,2025-05-09
4884,Balvan Karnik,Other,36.0,New Delhi,Delhi,2025-12-18
4885,Megha Lanka,Male,37.0,Ahmedabad,Gujarat,2024-09-26
4886,Veer Baria,Female,27.0,Kolkata,West Bengal,2023-03-25
4887,Shivani Khare,Other,25.0,Surat,Gujarat,2025-03-09
4888,Aarnav Sani,Female,46.0,New Delhi,Delhi,2024-08-18
4889,Faqid Mahal,Female,34.0,Mumbai,Maharashtra,2024-04-14
4890,Amol Thaker,Other,37.0,Warangal,Telangana,2024-01-18
4891,Charan Taneja,Other,24.0,Kolkata,West Bengal,2023-02-17
4892,Bhavna D’Alia,Female,21.0,Mysuru,Karnataka,2024-09-22
4893,Lopa Narasimhan,Female,26.0,Surat,Gujarat,2025-11-16
4894,Sai Atwal,Male,30.0,Kochi,Kerala,2023-08-12
4895,Fariq Narasimhan,Other,22.0,Hyderabad,Telangana,2025-10-22
4896,Varsha Bail,Female,31.0,Jaipur,Rajasthan,2024-11-10
4897,Kai Kuruvilla,Other,16.0,New Delhi,Delhi,2023-05-07
4898,Brinda Kurian,Female,21.0,Hyderabad,Telangana,2026-08-01
4899,Neel Sandhu,Male,38.0,Pune,Maharashtra,2024-02-24
4900,Nihal Pathak,Female,37.0,Chennai,Tamil Nadu,2024-02-02
4901,Bhavya More,Other,28.0,Udaipur,Rajasthan,2024-10-07
4902,Faraj Dugal,Other,22.0,Mysuru,Karnataka,2024-03-30
4903,Aarush Khatri,Male,22.0,New Delhi,Delhi,2023-07-13
4904,Anamika Gola,Other,28.0,Thiruvananthapuram,Kerala,2025-08-13
4905,Siya Nazareth,Male,37.0,Mangaluru,Karnataka,2026-05-27
4906,Xiti Warrior,Other,40.0,Chennai,Tamil Nadu,2023-07-07
4907,Yasti Das,Male,27.0,Coimbatore,Tamil Nadu,2023-10-03
4908,Arunima Chacko,Female,21.0,Vadodara,Gujarat,2024-04-07
4909,George Pandit,Male,34.0,Pune,Maharashtra,2023-06-07
4910,Lipika Gulati,Other,24.0,Mangaluru,Karnataka,2025-10-14
4911,Andrew Chadha,Male,27.0,Warangal,Telangana,2025-08-03
4912,Nicholas Dhingra,Other,43.0,Udaipur,Rajasthan,2025-12-10
4913,Naveen Vig,Male,39.0,Mumbai,Maharashtra,2024-03-03
4914,Varenya Panchal,Other,33.0,Mumbai,Maharashtra,2023-08-07
4915,Harini Ramachandran,Male,20.0,Warangal,Telangana,2026-01-30
4916,Hemang Vala,Male,33.0,New Delhi,Delhi,2025-02-11
4917,Simon Ganesh,Other,41.0,Warangal,Telangana,2025-10-15
4918,Veda Bhavsar,Female,28.0,Siliguri,West Bengal,2026-05-05
4919,Warda Shankar,Female,44.0,Mangaluru,Karnataka,2023-01-07
4920,Ekanta Pillay,Female,43.0,Kochi,Kerala,2025-01-23
4921,Benjamin Bansal,Male,46.0,Thiruvananthapuram,Kerala,2023-04-29
4922,Raghav Aggarwal,Other,34.0,Mysuru,Karnataka,2023-05-26
4923,Anay Pradhan,Other,37.0,Mangaluru,Karnataka,2026-03-23
4924,Ojasvi Amble,Other,44.0,Kolkata,West Bengal,2024-08-21
4925,Ubika Chada,Female,36.0,Chennai,Tamil Nadu,2025-12-21
4926,Gopal Verma,Male,27.0,Kanpur,Uttar Pradesh,2026-04-16
4927,Laban Solanki,Male,27.0,New Delhi,Delhi,2023-12-16
4928,Harini Dar,Other,34.0,New Delhi,Delhi,2026-05-17
4929,Edhitha Korpal,Male,20.0,Jaipur,Rajasthan,2024-05-06
4930,Pavani Memon,Female,30.0,Kanpur,Uttar Pradesh,2024-11-22
4931,Hredhaan Bhakta,Male,41.0,Ahmedabad,Gujarat,2024-06-06
4932,Laksh Kuruvilla,Other,16.0,Nagpur,Maharashtra,2024-08-25
4933,Michael Mand,Other,45.0,New Delhi,Delhi,2023-03-29
4934,Nisha Borde,Female,42.0,Hyderabad,Telangana,2024-05-01
4935,Falan Tara,Female,27.0,Kanpur,Uttar Pradesh,2025-06-10
4936,Charita Ray,Other,36.0,Nagpur,Maharashtra,2023-07-16
4937,Atharv Mane,Male,32.0,Mangaluru,Karnataka,2025-05-23
4938,Qasim Chander,Male,43.0,Mumbai,Maharashtra,2023-04-24
4939,Harish Patil,Female,40.0,Jaipur,Rajasthan,2025-03-10
4940,Girish Lalla,Male,19.0,Vadodara,Gujarat,2023-02-25
4941,Eesha Dasgupta,Other,37.0,Ahmedabad,Gujarat,2025-07-22
4942,Simon Brar,Other,30.0,Mysuru,Karnataka,2024-03-11
4943,Chandran Malhotra,Male,32.0,Bengaluru,Karnataka,2024-06-04
4944,Fariq Mishra,Male,25.0,Warangal,Telangana,2025-05-30
4945,Harish Raval,Female,47.0,Jaipur,Rajasthan,2026-03-17
4946,Devika Salvi,Other,41.0,Mysuru,Karnataka,2025-09-20
4947,Gauri Luthra,Other,25.0,Vadodara,Gujarat,2023-10-20
4948,Laksh Biswas,Other,19.0,Kochi,Kerala,2024-06-24
4949,Aayush Chhabra,Male,28.0,Siliguri,West Bengal,2023-08-26
4950,Brijesh Singh,Other,35.0,Coimbatore,Tamil Nadu,2023-01-11
4951,Nidra Chhabra,Male,34.0,Udaipur,Rajasthan,2024-12-02
4952,Nathan Kota,Female,43.0,Kolkata,West Bengal,2026-01-31
4953,Gaurika Ganguly,Female,39.0,Jaipur,Rajasthan,2023-04-05
4954,Hemang Badal,Other,40.0,Chennai,Tamil Nadu,2025-02-05
4955,Tejas Date,Male,34.0,Kochi,Kerala,2023-07-29
4956,Yashodhara Khare,Other,19.0,Warangal,Telangana,2023-02-06
4957,Abdul Virk,Other,30.0,Kochi,Kerala,2025-01-24
4958,Raghav Tailor,Female,41.0,Kochi,Kerala,2024-08-08
4959,Daniel Sani,Male,31.0,Kochi,Kerala,2025-07-16
4960,Lipika Hans,Male,36.0,Siliguri,West Bengal,2025-04-05
4961,Hemangini Deshpande,Other,29.0,Thiruvananthapuram,Kerala,2026-03-18
4962,Nisha Mani,Female,22.0,Vadodara,Gujarat,2026-02-05
4963,Zaid Dash,Male,30.0,Thiruvananthapuram,Kerala,2025-12-05
4964,Aadhya Tank,Other,34.0,Kolkata,West Bengal,2025-01-19
4965,Ishwar Ravi,Other,26.0,Thiruvananthapuram,Kerala,2026-03-10
4966,Zehaan Dave,Female,29.0,Chennai,Tamil Nadu,2026-03-03
4967,Jagdish Kothari,Unknown,23.0,Mysuru,Karnataka,2025-10-21
4968,Banjeet Kashyap,Other,42.0,Siliguri,West Bengal,2024-02-03
4969,Chakradhar Bora,Male,29.0,New Delhi,Delhi,2024-01-14
4970,Kiaan Kamdar,Male,45.0,Coimbatore,Tamil Nadu,2025-05-30
4971,Isaiah Agate,Other,45.0,Vadodara,Gujarat,2023-04-23
4972,Indrajit Atwal,Other,31.0,Vadodara,Gujarat,2023-02-17
4973,Hredhaan Om,Male,22.0,Udaipur,Rajasthan,2025-03-26
4974,Sanya Dhawan,Female,16.0,Mysuru,Karnataka,2023-03-04
4975,Jatin Pillay,Other,18.0,Lucknow,Uttar Pradesh,2024-03-18
4976,Nirja Radhakrishnan,Other,19.0,Siliguri,West Bengal,2024-04-12
4977,Sachi Jaggi,Female,44.0,Jaipur,Rajasthan,2026-05-18
4978,Samuel Ramachandran,Other,33.0,Hyderabad,Telangana,2023-10-11
4979,Raghav Kibe,Female,35.0,Jaipur,Rajasthan,2023-01-07
4980,Vrinda Mahal,Other,16.0,Warangal,Telangana,2023-08-30
4981,Chandran Krishnan,Female,21.0,New Delhi,Delhi,2023-03-03
4982,Rachita Sheth,Female,39.0,Jaipur,Rajasthan,2026-04-24
4983,Darsh Bhasin,Female,34.0,Hyderabad,Telangana,2024-06-28
4984,Bimala Jani,Female,30.0,Mangaluru,Karnataka,2026-03-19
4985,Indrajit Mani,Female,37.0,Surat,Gujarat,2026-07-14
4986,Bhanumati Mammen,Male,46.0,Bengaluru,Karnataka,2026-02-24
4987,Pooja Atwal,Male,30.0,Kanpur,Uttar Pradesh,2023-10-26
4988,Dhruv Sha,Female,32.0,Madurai,Tamil Nadu,2026-03-16
4989,Chavvi Kapur,Female,33.0,Hyderabad,Telangana,2024-01-29
4990,Sai Majumdar,Other,53.0,Durgapur,West Bengal,2023-11-02
4991,Madhavi Madan,Female,16.0,Madurai,Tamil Nadu,2025-11-08
4992,Varsha Kannan,Male,38.0,Siliguri,West Bengal,2023-03-02
4993,Kiaan Badal,Male,30.0,New Delhi,Delhi,2023-01-03
4994,Vedika Rajagopalan,Other,37.0,Nagpur,Maharashtra,2025-06-08
4995,Yashodhara Dhillon,Female,26.0,Thiruvananthapuram,Kerala,2023-05-09
4996,Amrita Prabhakar,Female,31.0,Mumbai,Maharashtra,2025-10-28
4997,Hardik Magar,Male,38.0,Chennai,Tamil Nadu,2024-01-31
4998,Netra Bahri,Male,60.0,Thiruvananthapuram,Kerala,2023-04-09
4999,Hredhaan Khurana,Other,39.0,Mysuru,Karnataka,2023-04-25
5000,Zayyan Konda,Male,24.0,Thiruvananthapuram,Kerala,2024-08-23
