customer_id,recency,frequency,monetary,r_score,f_score,m_score,rfm_total,segment
1,57,1,24218.86,5,1,1,7,New Customers
2,457,3,70797.47200000001,2,3,2,7,At Risk
4,408,2,75122.4705,3,2,2,7,Needs Attention
6,460,1,68874.202,2,1,2,5,Lost Customers
7,88,3,161669.252,5,3,3,11,Potential Loyalists
11,101,3,78504.281,4,3,2,9,Potential Loyalists
12,168,6,180577.7905,4,5,4,13,Champions
13,21,4,183295.39,5,4,4,13,Champions
14,1107,1,2322.028,1,1,1,3,Lost Customers
15,653,6,284627.097,2,5,4,11,Loyal Customers
17,1206,1,124504.91,1,1,3,5,Lost Customers
19,22,8,382691.50800000003,5,5,5,15,Champions
20,134,2,92602.47,4,2,2,8,New Customers
21,108,1,44952.109500000006,4,1,1,6,New Customers
22,908,1,43943.1715,1,1,1,3,Lost Customers
25,196,8,303056.339,4,5,4,13,Champions
26,383,2,69292.79100000001,3,2,2,7,Needs Attention
27,374,1,103558.1,3,1,3,7,Needs Attention
29,365,4,206340.448,3,4,4,11,Loyal Customers
33,1153,1,138284.32,1,1,3,5,Lost Customers
34,1128,1,15596.701000000001,1,1,1,3,Lost Customers
35,133,16,662221.973,4,5,5,14,Champions
36,256,1,16801.72,3,1,1,5,Needs Attention
37,1171,1,133251.16,1,1,3,5,Lost Customers
38,109,8,562280.9925,4,5,5,14,Champions
39,272,2,67668.726,3,2,2,7,Needs Attention
40,409,1,67793.78,3,1,2,6,Needs Attention
41,210,6,218807.714,4,5,4,13,Champions
42,804,2,134310.2475,1,2,3,6,Lost Customers
43,285,5,337719.2385,3,4,5,12,Loyal Customers
44,149,1,29834.0565,4,1,1,6,New Customers
45,834,1,77793.49,1,1,2,4,Lost Customers
46,265,1,148854.3,3,1,3,7,Needs Attention
47,249,3,254590.73,3,3,4,10,Potential Loyalists
49,67,2,139436.55,5,2,3,10,New Customers
50,744,2,136995.97,2,2,3,7,Lost Customers
51,807,2,45537.98,1,2,1,4,Lost Customers
53,33,4,121242.30099999999,5,4,3,12,Loyal Customers
54,353,8,416285.3985,3,5,5,13,Loyal Customers
55,749,2,94793.295,2,2,2,6,Lost Customers
57,55,1,71672.64,5,1,2,8,New Customers
58,707,2,87742.36600000001,2,2,2,6,Lost Customers
59,72,1,40865.1,5,1,1,7,New Customers
60,951,1,36152.415,1,1,1,3,Lost Customers
62,289,3,246264.9695,3,3,4,10,Potential Loyalists
63,144,5,314856.90750000003,4,4,4,12,Champions
64,284,2,119743.8315,3,2,3,8,Needs Attention
65,1238,1,47022.479999999996,1,1,1,3,Lost Customers
66,342,3,211837.932,3,3,4,10,Potential Loyalists
67,1228,1,127144.81000000001,1,1,3,5,Lost Customers
68,35,5,175136.7335,5,4,3,12,Loyal Customers
69,54,1,43057.74,5,1,1,7,New Customers
70,877,2,67385.891,1,2,2,5,Lost Customers
71,412,7,351980.1855,3,5,5,13,Loyal Customers
73,1259,1,100195.5,1,1,2,4,Lost Customers
75,412,4,311227.619,3,4,4,11,Loyal Customers
77,1280,1,108676.2485,1,1,3,5,Lost Customers
79,231,3,48913.4225,3,3,1,7,Potential Loyalists
80,866,2,174056.379,1,2,3,6,Lost Customers
81,738,2,39749.1005,2,2,1,5,Lost Customers
82,486,3,206278.986,2,3,4,9,At Risk
83,684,2,171477.50799999997,2,2,3,7,Lost Customers
84,97,5,202854.5725,4,4,4,12,Champions
85,493,1,44571.653999999995,2,1,1,4,Lost Customers
86,122,6,393982.1335,4,5,5,14,Champions
87,487,4,162641.226,2,4,3,9,Loyal Customers
88,1166,1,30495.405,1,1,1,3,Lost Customers
90,840,1,8967.02,1,1,1,3,Lost Customers
91,327,1,20257.173,3,1,1,5,Needs Attention
92,344,2,165049.2915,3,2,3,8,Needs Attention
93,894,1,64350.376000000004,1,1,2,4,Lost Customers
94,500,2,46458.472,2,2,1,5,Lost Customers
97,497,2,231943.5175,2,2,4,8,Lost Customers
99,196,4,158196.595,4,4,3,11,Loyal Customers
100,396,1,32556.053499999998,3,1,1,5,Needs Attention
102,95,1,50462.343,4,1,2,7,New Customers
103,381,1,19412.68,3,1,1,5,Needs Attention
104,35,18,1148956.213,5,5,5,15,Champions
105,130,19,1161017.5095,4,5,5,14,Champions
106,1238,1,18184.26,1,1,1,3,Lost Customers
107,872,1,19717.4325,1,1,1,3,Lost Customers
108,236,2,142832.03600000002,3,2,3,8,Needs Attention
109,69,1,88081.29999999999,5,1,2,8,New Customers
111,435,4,285035.475,2,4,4,10,Loyal Customers
113,523,3,257683.7245,2,3,4,9,At Risk
114,587,1,9997.23,2,1,1,4,Lost Customers
116,82,1,71954.56,5,1,2,8,New Customers
117,2,13,799648.581,5,5,5,15,Champions
118,558,3,261628.224,2,3,4,9,At Risk
119,1039,3,236887.4215,1,3,4,8,At Risk
120,788,1,60383.37,1,1,2,4,Lost Customers
121,430,1,66937.89,2,1,2,5,Lost Customers
123,280,3,170474.63,3,3,3,9,Potential Loyalists
124,67,2,100682.43000000001,5,2,2,9,New Customers
125,253,6,243809.80599999998,3,5,4,12,Loyal Customers
127,204,8,487515.3075,4,5,5,14,Champions
129,38,17,993032.573,5,5,5,15,Champions
133,401,2,56080.191999999995,3,2,2,7,Needs Attention
134,327,2,248604.6815,3,2,4,9,Needs Attention
135,27,1,174772.77300000002,5,1,3,9,New Customers
136,156,1,233204.82,4,1,4,9,New Customers
137,799,1,35180.9475,1,1,1,3,Lost Customers
138,587,3,227401.47449999998,2,3,4,9,At Risk
139,100,7,426666.90650000004,4,5,5,14,Champions
141,242,2,78225.606,3,2,2,7,Needs Attention
142,590,1,48172.439999999995,2,1,1,4,Lost Customers
145,747,2,107039.86249999999,2,2,3,7,Lost Customers
147,326,1,95324.976,3,1,2,6,Needs Attention
149,44,3,178048.2925,5,3,4,12,Potential Loyalists
150,527,1,226581.251,2,1,4,7,Lost Customers
151,41,12,626869.6849999999,5,5,5,15,Champions
152,267,2,59064.961500000005,3,2,2,7,Needs Attention
154,141,7,309811.402,4,5,4,13,Champions
155,300,5,304179.888,3,4,4,11,Loyal Customers
156,1160,1,69996.34400000001,1,1,2,4,Lost Customers
157,388,6,274056.725,3,5,4,12,Loyal Customers
158,98,14,627730.411,4,5,5,14,Champions
159,864,1,210663.52,1,1,4,6,Lost Customers
160,92,9,559104.9505,4,5,5,14,Champions
162,152,2,126144.49,4,2,3,9,New Customers
163,233,2,152384.24800000002,3,2,3,8,Needs Attention
164,428,1,103496.48999999999,3,1,3,7,Needs Attention
165,40,3,116701.3575,5,3,3,11,Potential Loyalists
166,29,25,1331397.7445,5,5,5,15,Champions
167,24,2,115879.16750000001,5,2,3,10,New Customers
169,478,2,128219.559,2,2,3,7,Lost Customers
170,16,3,84405.14249999999,5,3,2,10,Potential Loyalists
171,679,1,131766.881,2,1,3,6,Lost Customers
172,184,1,19840.606499999998,4,1,1,6,New Customers
173,712,4,219107.69199999998,2,4,4,10,Loyal Customers
174,217,3,227945.03999999998,4,3,4,11,Potential Loyalists
175,530,3,152429.13,2,3,3,8,At Risk
176,1178,1,95827.86799999999,1,1,2,4,Lost Customers
177,136,13,687725.147,4,5,5,14,Champions
178,74,2,126609.75499999999,5,2,3,10,New Customers
181,731,1,53660.48000000001,2,1,2,5,Lost Customers
183,35,1,67309.99,5,1,2,8,New Customers
184,1292,1,32075.05,1,1,1,3,Lost Customers
186,428,2,115149.91049999998,3,2,3,8,Needs Attention
188,189,3,145390.4035,4,3,3,10,Potential Loyalists
189,1323,1,81141.26000000001,1,1,2,4,Lost Customers
191,308,1,50769.74,3,1,2,6,Needs Attention
192,91,6,269105.7485,4,5,4,13,Champions
193,113,6,365183.94049999997,4,5,5,14,Champions
194,720,1,46093.79,2,1,1,4,Lost Customers
195,212,3,240977.44999999998,4,3,4,11,Potential Loyalists
196,297,4,444340.7265,3,4,5,12,Loyal Customers
197,19,12,589441.5055,5,5,5,15,Champions
198,857,2,51770.009999999995,1,2,2,5,Lost Customers
199,514,3,193615.575,2,3,4,9,At Risk
202,28,7,500019.9495,5,5,5,15,Champions
203,597,1,18184.26,2,1,1,4,Lost Customers
206,12,2,38480.32,5,2,1,8,New Customers
207,460,2,100059.41500000001,2,2,2,6,Lost Customers
209,80,7,370273.001,5,5,5,15,Champions
210,48,2,89969.699,5,2,2,9,New Customers
212,54,7,211168.1835,5,5,4,14,Champions
213,1323,1,27199.63,1,1,1,3,Lost Customers
215,614,2,52760.3175,2,2,2,6,Lost Customers
216,351,6,213214.116,3,5,4,12,Loyal Customers
218,23,12,725184.1965,5,5,5,15,Champions
219,697,1,52036.04,2,1,2,5,Lost Customers
220,796,1,5316.523,1,1,1,3,Lost Customers
221,1174,2,52694.75200000001,1,2,2,5,Lost Customers
224,206,2,151473.20500000002,4,2,3,9,New Customers
225,9,17,776758.433,5,5,5,15,Champions
226,183,2,100691.42250000002,4,2,2,8,New Customers
227,1204,1,69271.08,1,1,2,4,Lost Customers
230,214,2,163736.53,4,2,3,9,New Customers
232,109,2,94519.8695,4,2,2,8,New Customers
233,442,2,127241.487,2,2,3,7,Lost Customers
234,461,3,240938.5195,2,3,4,9,At Risk
235,494,4,221621.03,2,4,4,10,Loyal Customers
236,61,4,211101.354,5,4,4,13,Champions
239,567,2,78668.998,2,2,2,6,Lost Customers
240,1209,1,93791.43000000001,1,1,2,4,Lost Customers
241,692,1,18029.62,2,1,1,4,Lost Customers
242,45,3,130599.36800000002,5,3,3,11,Potential Loyalists
243,415,1,181399.41,3,1,4,8,Needs Attention
244,71,1,5596.34,5,1,1,7,New Customers
248,20,44,2571681.1975,5,5,5,15,Champions
250,145,2,135462.119,4,2,3,9,New Customers
252,129,9,496813.16,4,5,5,14,Champions
253,1052,1,39438.775,1,1,1,3,Lost Customers
254,219,2,150760.93,3,2,3,8,Needs Attention
255,334,4,253768.495,3,4,4,11,Loyal Customers
257,487,1,46588.62,2,1,1,4,Lost Customers
259,235,2,27555.282,3,2,1,6,Needs Attention
261,287,4,223038.975,3,4,4,11,Loyal Customers
266,844,2,185287.60700000002,1,2,4,7,Lost Customers
267,26,7,484736.2645,5,5,5,15,Champions
269,399,3,98814.716,3,3,2,8,Potential Loyalists
272,222,1,42149.280000000006,3,1,1,5,Needs Attention
273,1291,1,51071.72,1,1,2,4,Lost Customers
275,83,1,145438.5875,5,1,3,9,New Customers
276,125,4,276465.773,4,4,4,12,Champions
277,822,1,71613.5,1,1,2,4,Lost Customers
278,883,1,39241.7,1,1,1,3,Lost Customers
281,437,3,148361.4675,2,3,3,8,At Risk
283,1255,1,123504.03,1,1,3,5,Lost Customers
284,325,2,86069.182,3,2,2,7,Needs Attention
285,464,7,355170.875,2,5,5,12,Loyal Customers
288,36,6,354392.0775,5,5,5,15,Champions
289,516,1,27569.28,2,1,1,4,Lost Customers
290,117,1,85270.54000000001,4,1,2,7,New Customers
291,1012,1,74646.465,1,1,2,4,Lost Customers
293,278,1,39738.99399999999,3,1,1,5,Needs Attention
294,412,1,46587.95599999999,3,1,1,5,Needs Attention
296,127,3,78511.06599999999,4,3,2,9,Potential Loyalists
297,66,3,57970.844000000005,5,3,2,10,Potential Loyalists
298,803,3,124777.011,1,3,3,7,At Risk
301,56,5,326074.37200000003,5,4,5,14,Champions
302,222,1,41974.21,3,1,1,5,Needs Attention
303,723,2,145420.6215,2,2,3,7,Lost Customers
305,487,2,31844.108,2,2,1,5,Lost Customers
310,38,3,234951.3895,5,3,4,12,Potential Loyalists
311,983,1,28402.801,1,1,1,3,Lost Customers
312,1164,1,67872.11,1,1,2,4,Lost Customers
313,1315,1,3408.09,1,1,1,3,Lost Customers
315,111,10,679046.032,4,5,5,14,Champions
316,56,17,1013930.694,5,5,5,15,Champions
318,92,1,44917.1685,4,1,1,6,New Customers
319,133,2,45437.516,4,2,1,7,New Customers
320,349,8,575785.492,3,5,5,13,Loyal Customers
321,244,1,59933.058000000005,3,1,2,6,Needs Attention
322,61,20,1033106.13,5,5,5,15,Champions
323,64,3,302619.9605,5,3,4,12,Potential Loyalists
324,515,1,8629.686,2,1,1,4,Lost Customers
326,525,1,34267.82,2,1,1,4,Lost Customers
327,522,4,280644.305,2,4,4,10,Loyal Customers
329,5,6,207032.1945,5,5,4,14,Champions
330,639,1,101317.89,2,1,2,5,Lost Customers
331,351,5,319192.6425,3,4,5,12,Loyal Customers
333,6,4,245169.89500000002,5,4,4,13,Champions
334,349,2,100267.68000000001,3,2,2,7,Needs Attention
336,705,1,128302.07,2,1,3,6,Lost Customers
337,425,2,193453.51,3,2,4,9,Needs Attention
338,1277,2,225091.03,1,2,4,7,Lost Customers
339,171,4,307496.496,4,4,4,12,Champions
340,1317,2,111402.2845,1,2,3,6,Lost Customers
341,961,1,2295.33,1,1,1,3,Lost Customers
342,1139,1,13999.491,1,1,1,3,Lost Customers
343,483,1,127038.275,2,1,3,6,Lost Customers
346,130,17,1196660.0645,4,5,5,14,Champions
347,594,3,99430.32,2,3,2,7,At Risk
348,916,1,109560.59999999999,1,1,3,5,Lost Customers
349,959,2,194255.082,1,2,4,7,Lost Customers
350,69,6,271477.58,5,5,4,14,Champions
352,199,1,91866.8865,4,1,2,7,New Customers
354,750,3,369182.042,2,3,5,10,At Risk
355,330,15,934160.2215,3,5,5,13,Loyal Customers
356,175,6,257827.7575,4,5,4,13,Champions
358,47,1,62449.704000000005,5,1,2,8,New Customers
359,330,3,173843.7425,3,3,3,9,Potential Loyalists
360,813,2,113955.138,1,2,3,6,Lost Customers
361,820,1,82909.089,1,1,2,4,Lost Customers
362,125,3,143606.37449999998,4,3,3,10,Potential Loyalists
364,484,2,69145.81,2,2,2,6,Lost Customers
365,261,2,93376.1465,3,2,2,7,Needs Attention
367,345,2,150925.1525,3,2,3,8,Needs Attention
371,194,1,22319.72,4,1,1,6,New Customers
372,889,1,175712.11,1,1,3,5,Lost Customers
373,1224,1,91775.9325,1,1,2,4,Lost Customers
374,764,1,149581.66999999998,1,1,3,5,Lost Customers
377,193,1,62708.094000000005,4,1,2,7,New Customers
378,439,1,41224.185,2,1,1,4,Lost Customers
379,220,2,243012.72999999998,3,2,4,9,Needs Attention
381,43,7,588702.9155,5,5,5,15,Champions
382,478,3,166832.2485,2,3,3,8,At Risk
383,614,3,332675.871,2,3,5,10,At Risk
384,1213,1,126136.278,1,1,3,5,Lost Customers
385,154,1,68654.68,4,1,2,7,New Customers
386,1336,1,46574.145000000004,1,1,1,3,Lost Customers
387,423,1,85620.96800000001,3,1,2,6,Needs Attention
388,1080,1,133024.01,1,1,3,5,Lost Customers
389,760,1,49088.75999999999,2,1,1,4,Lost Customers
390,45,5,237447.824,5,4,4,13,Champions
391,1147,1,118168.506,1,1,3,5,Lost Customers
392,266,7,383727.2845,3,5,5,13,Loyal Customers
393,148,6,369746.85599999997,4,5,5,14,Champions
394,92,3,101444.8195,4,3,2,9,Potential Loyalists
395,136,5,316914.776,4,4,5,13,Champions
396,280,1,62741.04,3,1,2,6,Needs Attention
397,421,2,68701.5285,3,2,2,7,Needs Attention
398,1066,1,45224.01,1,1,1,3,Lost Customers
399,445,5,503462.3965,2,4,5,11,Loyal Customers
400,683,1,102172.956,2,1,2,5,Lost Customers
401,78,8,664372.5775,5,5,5,15,Champions
404,480,4,289382.709,2,4,4,10,Loyal Customers
405,286,6,269221.349,3,5,4,12,Loyal Customers
406,102,2,191152.1925,4,2,4,10,New Customers
407,1181,1,69889.01000000001,1,1,2,4,Lost Customers
409,829,6,363102.2495,1,5,5,11,Loyal Customers
410,101,3,321311.744,4,3,5,12,Potential Loyalists
411,46,6,217114.585,5,5,4,14,Champions
412,1277,1,114228.14,1,1,3,5,Lost Customers
413,328,2,172380.6975,3,2,3,8,Needs Attention
414,434,2,65811.768,2,2,2,6,Lost Customers
415,529,7,448280.316,2,5,5,12,Loyal Customers
417,429,4,232567.614,2,4,4,10,Loyal Customers
418,255,3,186019.912,3,3,4,10,Potential Loyalists
419,416,1,28243.1475,3,1,1,5,Needs Attention
420,441,1,85925.619,2,1,2,5,Lost Customers
421,1055,1,10871.5815,1,1,1,3,Lost Customers
422,465,5,244647.64549999998,2,4,4,10,Loyal Customers
425,758,3,172314.5515,2,3,3,8,At Risk
426,56,1,47129.633,5,1,1,7,New Customers
428,203,3,217603.28199999998,4,3,4,11,Potential Loyalists
429,714,1,55140.08,2,1,2,5,Lost Customers
430,76,5,253431.01,5,4,4,13,Champions
431,164,2,242484.946,4,2,4,10,New Customers
432,174,4,171660.4315,4,4,3,11,Loyal Customers
433,29,2,145799.327,5,2,3,10,New Customers
435,1145,1,27990.06,1,1,1,3,Lost Customers
436,308,3,216535.9485,3,3,4,10,Potential Loyalists
438,278,4,368345.122,3,4,5,12,Loyal Customers
439,175,2,127099.1175,4,2,3,9,New Customers
440,771,1,42989.532,1,1,1,3,Lost Customers
441,807,1,96689.728,1,1,2,4,Lost Customers
443,1268,1,154688.994,1,1,3,5,Lost Customers
444,214,2,146381.03199999998,4,2,3,9,New Customers
447,182,2,47254.191,4,2,1,7,New Customers
448,98,4,168395.83,4,4,3,11,Loyal Customers
449,76,3,197830.33,5,3,4,12,Potential Loyalists
450,331,1,67783.554,3,1,2,6,Needs Attention
451,34,18,1056899.945,5,5,5,15,Champions
452,149,3,281942.738,4,3,4,11,Potential Loyalists
453,165,3,284546.6775,4,3,4,11,Potential Loyalists
455,656,1,44658.92999999999,2,1,1,4,Lost Customers
457,132,11,456823.369,4,5,5,14,Champions
458,1133,1,41716.742,1,1,1,3,Lost Customers
459,328,3,232486.2965,3,3,4,10,Potential Loyalists
460,134,2,192508.68349999998,4,2,4,10,New Customers
462,386,1,66994.848,3,1,2,6,Needs Attention
463,612,6,372909.9375,2,5,5,12,Loyal Customers
464,15,11,841348.735,5,5,5,15,Champions
465,1312,1,66449.052,1,1,2,4,Lost Customers
466,718,5,445299.3785,2,4,5,11,Loyal Customers
468,470,2,198008.68399999998,2,2,4,8,Lost Customers
469,812,1,36592.740000000005,1,1,1,3,Lost Customers
472,422,1,16742.016,3,1,1,5,Needs Attention
474,218,1,29322.5,3,1,1,5,Needs Attention
475,323,2,159832.063,3,2,3,8,Needs Attention
476,90,12,276249.7765,4,5,4,13,Champions
477,176,1,86202.69,4,1,2,7,New Customers
480,855,1,129070.26,1,1,3,5,Lost Customers
481,659,2,115254.488,2,2,3,7,Lost Customers
482,1292,1,16965.612,1,1,1,3,Lost Customers
483,27,3,262397.6545,5,3,4,12,Potential Loyalists
484,101,1,107817.12,4,1,3,8,New Customers
485,510,2,129697.07999999999,2,2,3,7,Lost Customers
487,517,1,82109.47,2,1,2,5,Lost Customers
492,166,20,1327467.4275,4,5,5,14,Champions
497,385,1,122750.658,3,1,3,7,Needs Attention
498,522,7,592040.968,2,5,5,12,Loyal Customers
499,132,13,648358.8345,4,5,5,14,Champions
501,854,1,56464.90299999999,1,1,2,4,Lost Customers
504,1252,1,26077.506999999998,1,1,1,3,Lost Customers
505,80,1,4588.33,5,1,1,7,New Customers
509,390,1,24026.235,3,1,1,5,Needs Attention
510,107,3,114598.267,4,3,3,10,Potential Loyalists
511,71,4,198960.523,5,4,4,13,Champions
512,86,6,475907.65900000004,5,5,5,15,Champions
513,367,1,35064.3575,3,1,1,5,Needs Attention
514,745,2,168260.805,2,2,3,7,Lost Customers
515,1071,2,114095.5815,1,2,3,6,Lost Customers
516,904,1,100912.40800000001,1,1,2,4,Lost Customers
517,58,2,100824.43900000001,5,2,2,9,New Customers
518,14,2,105867.45999999999,5,2,3,10,New Customers
519,29,6,360824.5965,5,5,5,15,Champions
521,1,3,282843.859,5,3,4,12,Potential Loyalists
523,345,8,532244.627,3,5,5,13,Loyal Customers
525,48,14,806155.7390000001,5,5,5,15,Champions
526,134,9,647612.8165000001,4,5,5,14,Champions
528,943,2,56637.023,1,2,2,5,Lost Customers
529,105,43,2527380.768,4,5,5,14,Champions
533,279,1,27896.436499999996,3,1,1,5,Needs Attention
536,282,1,34300.9,3,1,1,5,Needs Attention
538,251,4,306388.32800000004,3,4,4,11,Loyal Customers
539,60,4,63359.161,5,4,2,11,Potential Loyalists
540,170,5,375853.72750000004,4,4,5,13,Champions
541,1177,1,45024.84,1,1,1,3,Lost Customers
542,1141,1,45726.975,1,1,1,3,Lost Customers
543,846,2,151426.024,1,2,3,6,Lost Customers
544,133,12,613658.7455000001,4,5,5,14,Champions
546,713,2,115708.281,2,2,3,7,Lost Customers
547,121,9,507974.3245,4,5,5,14,Champions
548,349,8,641132.3685,3,5,5,13,Loyal Customers
549,233,4,291663.201,3,4,4,11,Loyal Customers
550,177,4,273758.98,4,4,4,12,Champions
552,32,5,369835.3745,5,4,5,14,Champions
554,27,3,206472.601,5,3,4,12,Potential Loyalists
555,192,2,107629.651,4,2,3,9,New Customers
557,104,3,299506.2875,4,3,4,11,Potential Loyalists
558,289,8,322098.42850000004,3,5,5,13,Loyal Customers
559,992,1,48038.992,1,1,1,3,Lost Customers
560,56,19,988458.9495,5,5,5,15,Champions
561,92,29,1561035.55,4,5,5,14,Champions
562,1019,1,3626.15,1,1,1,3,Lost Customers
563,86,2,111374.19,5,2,3,10,New Customers
565,463,3,103375.2845,2,3,3,8,At Risk
568,28,16,786119.278,5,5,5,15,Champions
569,781,1,43593.948000000004,1,1,1,3,Lost Customers
570,166,5,474172.86,4,4,5,13,Champions
571,919,1,67426.68699999999,1,1,2,4,Lost Customers
572,221,6,451932.994,3,5,5,13,Loyal Customers
573,7,3,119756.205,5,3,3,11,Potential Loyalists
575,1144,1,17034.896,1,1,1,3,Lost Customers
576,150,2,91906.04550000001,4,2,2,8,New Customers
577,422,1,75051.88,3,1,2,6,Needs Attention
578,158,4,218765.179,4,4,4,12,Champions
579,338,2,13744.948499999999,3,2,1,6,Needs Attention
580,520,2,100116.14,2,2,2,6,Lost Customers
581,313,13,852212.677,3,5,5,13,Loyal Customers
582,110,9,700161.939,4,5,5,14,Champions
584,223,6,183861.2585,3,5,4,12,Loyal Customers
585,870,2,96460.75300000001,1,2,2,5,Lost Customers
586,1160,1,48218.619999999995,1,1,1,3,Lost Customers
589,383,3,164718.09,3,3,3,9,Potential Loyalists
591,211,2,125197.5825,4,2,3,9,New Customers
592,70,3,206075.085,5,3,4,12,Potential Loyalists
593,170,4,262483.917,4,4,4,12,Champions
594,171,2,204271.505,4,2,4,10,New Customers
595,192,7,524538.095,4,5,5,14,Champions
597,300,2,136820.875,3,2,3,8,Needs Attention
599,73,4,238954.026,5,4,4,13,Champions
600,527,1,25743.385,2,1,1,4,Lost Customers
601,165,2,24955.182500000003,4,2,1,7,New Customers
602,405,6,238361.3625,3,5,4,12,Loyal Customers
603,187,2,94492.121,4,2,2,8,New Customers
604,60,7,463536.716,5,5,5,15,Champions
606,609,1,77275.17749999999,2,1,2,5,Lost Customers
607,167,4,236667.3495,4,4,4,12,Champions
608,57,3,241746.06699999998,5,3,4,12,Potential Loyalists
609,269,1,95509.008,3,1,2,6,Needs Attention
610,817,3,219971.9925,1,3,4,8,At Risk
611,1123,1,50333.24,1,1,2,4,Lost Customers
612,1135,1,5409.01,1,1,1,3,Lost Customers
613,355,1,8625.563,3,1,1,5,Needs Attention
615,1018,4,140055.66950000002,1,4,3,8,Loyal Customers
616,1200,1,7941.0960000000005,1,1,1,3,Lost Customers
618,140,1,136687.149,4,1,3,8,New Customers
620,783,1,4306.88,1,1,1,3,Lost Customers
622,443,3,74773.38799999999,2,3,2,7,At Risk
624,379,4,333609.48500000004,3,4,5,12,Loyal Customers
626,98,5,363744.5655,4,4,5,13,Champions
627,418,1,78931.5,3,1,2,6,Needs Attention
628,198,6,175340.03100000002,4,5,3,12,Loyal Customers
629,187,2,172194.2835,4,2,3,9,New Customers
631,211,10,562818.878,4,5,5,14,Champions
632,754,2,34177.9695,2,2,1,5,Lost Customers
633,140,2,111096.79449999999,4,2,3,9,New Customers
634,782,1,158591.12,1,1,3,5,Lost Customers
635,746,3,124396.73300000001,2,3,3,8,At Risk
636,149,1,74070.14400000001,4,1,2,7,New Customers
637,260,2,48456.825,3,2,1,6,Needs Attention
639,100,6,223985.853,4,5,4,13,Champions
641,503,1,76801.06,2,1,2,5,Lost Customers
642,1014,1,130538.274,1,1,3,5,Lost Customers
645,668,2,117741.048,2,2,3,7,Lost Customers
646,82,3,127580.87899999999,5,3,3,11,Potential Loyalists
647,264,12,1133815.388,3,5,5,13,Loyal Customers
648,395,1,25861.54,3,1,1,5,Needs Attention
649,105,2,135250.54200000002,4,2,3,9,New Customers
650,35,1,157165.48,5,1,3,9,New Customers
651,1,4,181966.58,5,4,4,13,Champions
652,517,1,2693.0465,2,1,1,4,Lost Customers
653,703,1,115480.0,2,1,3,6,Lost Customers
654,102,4,396707.04,4,4,5,13,Champions
655,154,5,222385.142,4,4,4,12,Champions
658,104,4,239617.2335,4,4,4,12,Champions
659,610,3,123612.172,2,3,3,8,At Risk
660,351,2,147729.88,3,2,3,8,Needs Attention
661,266,2,116170.23,3,2,3,8,Needs Attention
664,534,1,154182.90999999997,2,1,3,6,Lost Customers
665,55,3,251023.5455,5,3,4,12,Potential Loyalists
666,52,4,316925.3885,5,4,5,14,Champions
667,574,6,500417.9015,2,5,5,12,Loyal Customers
668,723,1,8974.42,2,1,1,4,Lost Customers
669,511,2,14916.876,2,2,1,5,Lost Customers
671,943,2,216899.64049999998,1,2,4,7,Lost Customers
674,464,5,529167.71,2,4,5,11,Loyal Customers
676,76,9,551074.9839999999,5,5,5,15,Champions
677,120,31,2175089.7895,4,5,5,14,Champions
680,48,7,257807.215,5,5,4,14,Champions
681,186,11,664580.1155,4,5,5,14,Champions
684,813,1,34890.03200000001,1,1,1,3,Lost Customers
685,34,33,2119918.856,5,5,5,15,Champions
688,509,6,309947.61549999996,2,5,4,11,Loyal Customers
690,318,2,118824.92850000001,3,2,3,8,Needs Attention
692,59,7,421567.0645,5,5,5,15,Champions
694,342,4,302140.9665,3,4,4,11,Loyal Customers
695,792,1,1199.392,1,1,1,3,Lost Customers
696,111,1,121780.49,4,1,3,8,New Customers
698,1147,1,123938.99250000001,1,1,3,5,Lost Customers
699,44,2,99813.46349999998,5,2,2,9,New Customers
700,755,3,156978.51299999998,2,3,3,8,At Risk
701,641,1,29815.2975,2,1,1,4,Lost Customers
702,237,1,28328.66,3,1,1,5,Needs Attention
703,722,2,190070.07,2,2,4,8,Lost Customers
704,870,2,131565.136,1,2,3,6,Lost Customers
705,203,8,537250.194,4,5,5,14,Champions
708,411,1,51145.96,3,1,2,6,Needs Attention
709,141,1,16239.52,4,1,1,6,New Customers
711,938,1,8406.914999999999,1,1,1,3,Lost Customers
713,74,3,152924.1415,5,3,3,11,Potential Loyalists
717,1109,2,36557.367,1,2,1,4,Lost Customers
718,113,2,149392.225,4,2,3,9,New Customers
721,108,4,91726.502,4,4,2,10,Potential Loyalists
723,494,1,9447.288,2,1,1,4,Lost Customers
724,358,4,211597.247,3,4,4,11,Loyal Customers
725,1113,1,14638.2555,1,1,1,3,Lost Customers
726,1162,1,15817.387499999999,1,1,1,3,Lost Customers
729,597,2,73806.2895,2,2,2,6,Lost Customers
730,555,1,88162.55249999999,2,1,2,5,Lost Customers
731,257,2,196981.98,3,2,4,9,Needs Attention
733,68,1,28001.583000000002,5,1,1,7,New Customers
734,552,1,183301.77,2,1,4,7,Lost Customers
735,178,14,674533.736,4,5,5,14,Champions
737,76,3,132855.90899999999,5,3,3,11,Potential Loyalists
740,664,2,242227.9465,2,2,4,8,Lost Customers
742,301,2,36247.91,3,2,1,6,Needs Attention
743,374,1,11914.380000000001,3,1,1,5,Needs Attention
744,54,3,293510.05,5,3,4,12,Potential Loyalists
746,53,2,49823.73,5,2,1,8,New Customers
747,559,1,73770.273,2,1,2,5,Lost Customers
748,316,2,134649.4725,3,2,3,8,Needs Attention
749,1231,1,140809.14,1,1,3,5,Lost Customers
750,236,2,94993.478,3,2,2,7,Needs Attention
751,1180,1,42479.28,1,1,1,3,Lost Customers
753,1142,1,149707.517,1,1,3,5,Lost Customers
756,270,4,167352.4565,3,4,3,10,Loyal Customers
759,729,2,80217.13100000001,2,2,2,6,Lost Customers
760,152,3,254544.337,4,3,4,11,Potential Loyalists
761,187,6,427954.268,4,5,5,14,Champions
762,555,1,6703.066999999999,2,1,1,4,Lost Customers
763,1192,1,61447.266,1,1,2,4,Lost Customers
765,427,5,238175.62949999998,3,4,4,11,Loyal Customers
766,43,7,664806.246,5,5,5,15,Champions
767,674,1,34302.69,2,1,1,4,Lost Customers
770,501,2,96141.148,2,2,2,6,Lost Customers
772,311,1,100428.06,3,1,2,6,Needs Attention
773,470,1,21357.2785,2,1,1,4,Lost Customers
774,19,3,156756.442,5,3,3,11,Potential Loyalists
775,254,4,293416.272,3,4,4,11,Loyal Customers
776,144,2,112607.455,4,2,3,9,New Customers
777,532,1,42662.235,2,1,1,4,Lost Customers
778,550,2,73896.854,2,2,2,6,Lost Customers
779,111,5,344939.482,4,4,5,13,Champions
780,562,3,183180.23249999998,2,3,4,9,At Risk
782,761,1,176682.2,2,1,3,6,Lost Customers
783,201,6,487976.619,4,5,5,14,Champions
784,152,1,148078.26,4,1,3,8,New Customers
786,659,1,94239.33499999999,2,1,2,5,Lost Customers
788,1075,1,43446.299999999996,1,1,1,3,Lost Customers
789,482,2,183788.69,2,2,4,8,Lost Customers
790,68,3,152022.763,5,3,3,11,Potential Loyalists
792,710,1,70155.0,2,1,2,5,Lost Customers
794,472,2,264755.822,2,2,4,8,Lost Customers
796,84,5,481182.508,5,4,5,14,Champions
797,572,2,152384.908,2,2,3,7,Lost Customers
799,1334,1,33941.0,1,1,1,3,Lost Customers
800,53,23,1288322.484,5,5,5,15,Champions
802,317,1,25471.19,3,1,1,5,Needs Attention
804,1167,1,13831.74,1,1,1,3,Lost Customers
805,1299,1,217465.72,1,1,4,6,Lost Customers
806,910,1,56753.28,1,1,2,4,Lost Customers
807,469,3,342811.321,2,3,5,10,At Risk
808,487,1,35909.61,2,1,1,4,Lost Customers
809,105,2,79798.95,4,2,2,8,New Customers
810,945,3,364125.6235,1,3,5,9,At Risk
811,1116,1,24661.679,1,1,1,3,Lost Customers
812,1243,1,152391.39,1,1,3,5,Lost Customers
815,56,4,311818.2735,5,4,4,13,Champions
819,148,10,771292.712,4,5,5,14,Champions
820,5,5,213788.52550000002,5,4,4,13,Champions
821,588,1,28550.853,2,1,1,4,Lost Customers
822,143,4,138005.307,4,4,3,11,Loyal Customers
826,502,4,156961.477,2,4,3,9,Loyal Customers
827,573,1,35041.275,2,1,1,4,Lost Customers
828,39,10,601420.8545,5,5,5,15,Champions
830,483,3,98009.911,2,3,2,7,At Risk
831,9,4,144215.577,5,4,3,12,Loyal Customers
838,947,2,126283.425,1,2,3,6,Lost Customers
839,186,7,291332.5825,4,5,4,13,Champions
841,183,11,767286.943,4,5,5,14,Champions
842,925,2,163556.023,1,2,3,6,Lost Customers
843,306,4,245296.1255,3,4,4,11,Loyal Customers
846,8,7,353458.002,5,5,5,15,Champions
847,483,1,94293.26000000001,2,1,2,5,Lost Customers
848,48,3,165885.54200000002,5,3,3,11,Potential Loyalists
850,107,2,103176.87,4,2,2,8,New Customers
851,1114,1,100433.781,1,1,2,4,Lost Customers
852,51,6,319044.767,5,5,5,15,Champions
854,183,2,51110.572499999995,4,2,2,8,New Customers
855,206,3,101790.74,4,3,2,9,Potential Loyalists
857,309,1,150003.444,3,1,3,7,Needs Attention
858,1104,1,17039.4,1,1,1,3,Lost Customers
859,1150,1,29443.21,1,1,1,3,Lost Customers
862,865,3,164728.63749999998,1,3,3,7,At Risk
863,400,1,62827.64,3,1,2,6,Needs Attention
865,807,2,84870.766,1,2,2,5,Lost Customers
866,109,1,78800.4375,4,1,2,7,New Customers
867,41,2,59925.0075,5,2,2,9,New Customers
868,90,20,1431473.7015,4,5,5,14,Champions
869,105,1,72387.20999999999,4,1,2,7,New Customers
870,45,7,388495.6425,5,5,5,15,Champions
872,76,3,206407.524,5,3,4,12,Potential Loyalists
873,235,2,162601.96500000003,3,2,3,8,Needs Attention
874,1309,1,30752.625,1,1,1,3,Lost Customers
876,9,2,161304.9375,5,2,3,10,New Customers
877,551,2,237050.895,2,2,4,8,Lost Customers
878,735,2,174179.24,2,2,3,7,Lost Customers
879,310,4,226479.225,3,4,4,11,Loyal Customers
880,561,4,258325.5485,2,4,4,10,Loyal Customers
881,552,1,85649.74,2,1,2,5,Lost Customers
882,5,2,121045.37550000001,5,2,3,10,New Customers
883,375,1,137107.85,3,1,3,7,Needs Attention
884,606,2,136330.28,2,2,3,7,Lost Customers
886,7,34,1817597.505,5,5,5,15,Champions
887,1077,1,3670.664,1,1,1,3,Lost Customers
889,124,9,561591.9885,4,5,5,14,Champions
893,1051,1,78392.196,1,1,2,4,Lost Customers
894,604,2,68127.542,2,2,2,6,Lost Customers
896,1228,1,61591.914000000004,1,1,2,4,Lost Customers
897,415,5,164384.162,3,4,3,10,Loyal Customers
898,861,2,94585.3,1,2,2,5,Lost Customers
899,64,8,550429.485,5,5,5,15,Champions
901,749,1,17092.38,2,1,1,4,Lost Customers
903,148,4,446126.23,4,4,5,13,Champions
905,365,5,154782.1855,3,4,3,10,Loyal Customers
906,508,3,133321.761,2,3,3,8,At Risk
908,34,3,289235.62,5,3,4,12,Potential Loyalists
910,324,2,196640.83000000002,3,2,4,9,Needs Attention
911,96,8,371492.6175,4,5,5,14,Champions
915,78,6,334318.0065,5,5,5,15,Champions
918,30,6,352399.4545,5,5,5,15,Champions
920,874,2,86515.525,1,2,2,5,Lost Customers
921,1302,1,105867.0,1,1,3,5,Lost Customers
924,1202,1,19037.182999999997,1,1,1,3,Lost Customers
926,313,3,139120.2,3,3,3,9,Potential Loyalists
927,62,9,803393.1695,5,5,5,15,Champions
928,306,4,290866.82649999997,3,4,4,11,Loyal Customers
930,1337,1,207372.87,1,1,4,6,Lost Customers
932,960,2,113926.2965,1,2,3,6,Lost Customers
933,209,5,277369.95,4,4,4,12,Champions
935,5,10,578788.164,5,5,5,15,Champions
936,66,2,46677.2,5,2,1,8,New Customers
937,670,2,55420.795999999995,2,2,2,6,Lost Customers
938,871,2,127614.1875,1,2,3,6,Lost Customers
939,76,11,714467.7065,5,5,5,15,Champions
944,75,3,241543.5135,5,3,4,12,Potential Loyalists
945,1339,1,74408.68549999999,1,1,2,4,Lost Customers
946,562,2,112185.014,2,2,3,7,Lost Customers
948,952,1,153359.02999999997,1,1,3,5,Lost Customers
949,6,8,667962.4,5,5,5,15,Champions
950,637,1,24317.378,2,1,1,4,Lost Customers
951,530,1,45196.26,2,1,1,4,Lost Customers
952,4,5,332854.571,5,4,5,14,Champions
953,784,1,6570.18,1,1,1,3,Lost Customers
956,896,6,545454.161,1,5,5,11,Loyal Customers
957,47,14,844654.6115,5,5,5,15,Champions
958,338,2,136136.05,3,2,3,8,Needs Attention
959,821,1,74511.03,1,1,2,4,Lost Customers
960,848,1,81473.97,1,1,2,4,Lost Customers
963,61,1,14070.262499999999,5,1,1,7,New Customers
964,60,8,462237.96249999997,5,5,5,15,Champions
966,541,3,124594.83399999999,2,3,3,8,At Risk
967,1174,1,10666.619,1,1,1,3,Lost Customers
968,2,4,275359.708,5,4,4,13,Champions
969,404,3,127331.039,3,3,3,9,Potential Loyalists
970,23,3,178528.02899999998,5,3,4,12,Potential Loyalists
971,301,2,28611.350000000002,3,2,1,6,Needs Attention
972,151,2,242449.71000000002,4,2,4,10,New Customers
973,804,1,23438.17,1,1,1,3,Lost Customers
974,107,20,923694.6105,4,5,5,14,Champions
975,225,5,302869.003,3,4,4,11,Loyal Customers
976,8,2,115994.4115,5,2,3,10,New Customers
977,110,6,231958.235,4,5,4,13,Champions
978,800,1,102658.80600000001,1,1,2,4,Lost Customers
980,37,2,6912.5195,5,2,1,8,New Customers
981,717,1,36881.594999999994,2,1,1,4,Lost Customers
982,107,9,450736.082,4,5,5,14,Champions
983,618,1,19604.82,2,1,1,4,Lost Customers
985,384,5,188048.865,3,4,4,11,Loyal Customers
987,524,3,180186.636,2,3,4,9,At Risk
988,264,3,141188.69,3,3,3,9,Potential Loyalists
991,82,3,139028.253,5,3,3,11,Potential Loyalists
993,357,1,10944.18,3,1,1,5,Needs Attention
994,106,17,879518.7325,4,5,5,14,Champions
995,77,2,107935.30799999999,5,2,3,10,New Customers
996,770,1,46315.969999999994,1,1,1,3,Lost Customers
998,691,1,77735.91,2,1,2,5,Lost Customers
999,274,3,185768.043,3,3,4,10,Potential Loyalists
1000,10,3,199463.5425,5,3,4,12,Potential Loyalists
1001,819,1,15952.462500000001,1,1,1,3,Lost Customers
1002,293,3,188231.052,3,3,4,10,Potential Loyalists
1006,226,1,43922.096000000005,3,1,1,5,Needs Attention
1007,62,5,395846.335,5,4,5,14,Champions
1008,8,12,472399.28500000003,5,5,5,15,Champions
1009,1261,1,30679.42,1,1,1,3,Lost Customers
1010,150,5,294409.7195,4,4,4,12,Champions
1011,885,4,121389.639,1,4,3,8,Loyal Customers
1012,87,7,300828.359,5,5,4,14,Champions
1013,91,2,194000.1,4,2,4,10,New Customers
1014,1054,1,90010.79000000001,1,1,2,4,Lost Customers
1015,781,1,31995.984000000004,1,1,1,3,Lost Customers
1016,300,3,139819.17799999999,3,3,3,9,Potential Loyalists
1018,179,2,111808.01100000001,4,2,3,9,New Customers
1019,36,1,19359.7745,5,1,1,7,New Customers
1020,477,1,63350.05,2,1,2,5,Lost Customers
1021,1260,2,88040.887,1,2,2,5,Lost Customers
1022,78,6,764703.4455,5,5,5,15,Champions
1024,77,4,321239.6285,5,4,5,14,Champions
1026,17,4,369755.576,5,4,5,14,Champions
1029,90,3,219697.724,4,3,4,11,Potential Loyalists
1030,6,3,202444.3165,5,3,4,12,Potential Loyalists
1031,408,1,24119.910000000003,3,1,1,5,Needs Attention
1032,70,2,157853.061,5,2,3,10,New Customers
1033,62,3,260181.2935,5,3,4,12,Potential Loyalists
1034,243,1,161515.15999999997,3,1,3,7,Needs Attention
1035,91,1,8273.3135,4,1,1,6,New Customers
1036,197,2,115882.846,4,2,3,9,New Customers
1037,107,1,21090.112,4,1,1,6,New Customers
1038,239,2,145833.0875,3,2,3,8,Needs Attention
1039,212,4,230370.312,4,4,4,12,Champions
1040,480,1,93837.15,2,1,2,5,Lost Customers
1041,119,2,108478.556,4,2,3,9,New Customers
1042,175,2,153819.586,4,2,3,9,New Customers
1043,641,5,295178.2375,2,4,4,10,Loyal Customers
1044,240,1,86803.03899999999,3,1,2,6,Needs Attention
1045,187,1,133045.58000000002,4,1,3,8,New Customers
1046,168,2,107500.7825,4,2,3,9,New Customers
1047,1225,1,20544.609999999997,1,1,1,3,Lost Customers
1050,367,1,138877.479,3,1,3,7,Needs Attention
1051,449,1,31500.522,2,1,1,4,Lost Customers
1052,241,6,305171.5355,3,5,4,12,Loyal Customers
1053,65,7,300222.592,5,5,4,14,Champions
1054,1161,1,25667.12,1,1,1,3,Lost Customers
1056,912,1,30526.53,1,1,1,3,Lost Customers
1057,986,1,31260.84,1,1,1,3,Lost Customers
1058,475,1,216883.84100000001,2,1,4,7,Lost Customers
1059,497,1,79331.34999999999,2,1,2,5,Lost Customers
1060,410,1,120755.658,3,1,3,7,Needs Attention
1062,7,17,846842.9105,5,5,5,15,Champions
1064,153,7,381155.109,4,5,5,14,Champions
1065,201,11,426396.212,4,5,5,14,Champions
1066,979,3,395727.51900000003,1,3,5,9,At Risk
1067,8,4,162186.039,5,4,3,12,Loyal Customers
1068,101,3,98540.57,4,3,2,9,Potential Loyalists
1069,376,2,93236.7075,3,2,2,7,Needs Attention
1070,254,1,32331.989999999998,3,1,1,5,Needs Attention
1071,8,1,14827.383,5,1,1,7,New Customers
1072,1077,1,97722.643,1,1,2,4,Lost Customers
1073,239,3,108908.074,3,3,3,9,Potential Loyalists
1074,67,3,260441.587,5,3,4,12,Potential Loyalists
1075,382,1,25284.62,3,1,1,5,Needs Attention
1076,1337,1,19168.2355,1,1,1,3,Lost Customers
1079,43,2,150119.55,5,2,3,10,New Customers
1081,265,1,35218.47,3,1,1,5,Needs Attention
1082,1152,1,209138.91749999998,1,1,4,6,Lost Customers
1083,435,1,34924.103,2,1,1,4,Lost Customers
1084,1124,1,37955.99999999999,1,1,1,3,Lost Customers
1085,475,1,59794.047999999995,2,1,2,5,Lost Customers
1086,5,6,365972.334,5,5,5,15,Champions
1088,1154,1,95030.83,1,1,2,4,Lost Customers
1090,1297,1,20583.756,1,1,1,3,Lost Customers
1091,62,3,294390.1295,5,3,4,12,Potential Loyalists
1092,374,3,193235.989,3,3,4,10,Potential Loyalists
1093,40,46,2535069.961,5,5,5,15,Champions
1094,908,1,43827.543999999994,1,1,1,3,Lost Customers
1095,875,1,55376.2,1,1,2,4,Lost Customers
1096,203,2,256775.072,4,2,4,10,New Customers
1098,131,3,198567.24,4,3,4,11,Potential Loyalists
1100,348,2,19135.212,3,2,1,6,Needs Attention
1102,630,3,96501.591,2,3,2,7,At Risk
1103,672,3,254907.005,2,3,4,9,At Risk
1107,53,13,827888.693,5,5,5,15,Champions
1108,219,2,149236.75,3,2,3,8,Needs Attention
1111,427,1,59224.311,3,1,2,6,Needs Attention
1112,6,5,423272.369,5,4,5,14,Champions
1113,337,4,128923.8775,3,4,3,10,Loyal Customers
1115,486,1,148357.84999999998,2,1,3,6,Lost Customers
1116,126,2,175162.731,4,2,3,9,New Customers
1120,82,10,685756.056,5,5,5,15,Champions
1121,311,3,165562.59100000001,3,3,3,9,Potential Loyalists
1122,498,1,9247.710000000001,2,1,1,4,Lost Customers
1123,143,1,71226.88,4,1,2,7,New Customers
1124,36,1,5935.142,5,1,1,7,New Customers
1125,42,10,842003.9885,5,5,5,15,Champions
1126,305,4,211819.295,3,4,4,11,Loyal Customers
1127,968,2,98284.8735,1,2,2,5,Lost Customers
1128,1053,3,300999.798,1,3,4,8,At Risk
1129,29,2,61566.38650000001,5,2,2,9,New Customers
1130,147,2,156484.34000000003,4,2,3,9,New Customers
1132,1190,1,107360.97000000002,1,1,3,5,Lost Customers
1133,254,1,18513.216,3,1,1,5,Needs Attention
1135,155,5,366908.80449999997,4,4,5,13,Champions
1136,393,2,78975.646,3,2,2,7,Needs Attention
1137,1129,1,51526.832,1,1,2,4,Lost Customers
1138,135,3,100099.758,4,3,2,9,Potential Loyalists
1139,151,2,157655.93,4,2,3,9,New Customers
1141,1,3,123578.0575,5,3,3,11,Potential Loyalists
1142,368,4,246365.4785,3,4,4,11,Loyal Customers
1143,319,1,111172.57,3,1,3,7,Needs Attention
1146,77,1,24006.632999999998,5,1,1,7,New Customers
1148,545,3,229302.87,2,3,4,9,At Risk
1151,393,1,13882.284,3,1,1,5,Needs Attention
1152,14,20,1015268.392,5,5,5,15,Champions
1154,796,2,156518.472,1,2,3,6,Lost Customers
1155,851,1,66959.6325,1,1,2,4,Lost Customers
1157,967,1,40683.952000000005,1,1,1,3,Lost Customers
1158,62,1,36489.105,5,1,1,7,New Customers
1159,934,1,27605.9,1,1,1,3,Lost Customers
1160,326,3,365780.923,3,3,5,11,Potential Loyalists
1161,309,2,143164.4355,3,2,3,8,Needs Attention
1163,3,11,703242.709,5,5,5,15,Champions
1165,127,4,386450.24700000003,4,4,5,13,Champions
1166,51,4,226939.6635,5,4,4,13,Champions
1167,175,2,229957.7725,4,2,4,10,New Customers
1168,62,3,283106.946,5,3,4,12,Potential Loyalists
1169,239,1,57636.296,3,1,2,6,Needs Attention
1171,1327,1,103153.08450000003,1,1,2,4,Lost Customers
1172,266,6,360751.40150000004,3,5,5,13,Loyal Customers
1173,1241,1,7289.0985,1,1,1,3,Lost Customers
1175,179,11,575055.2735,4,5,5,14,Champions
1176,93,1,25413.54,4,1,1,6,New Customers
1177,648,1,72282.25,2,1,2,5,Lost Customers
1178,324,3,149221.508,3,3,3,9,Potential Loyalists
1179,475,1,14183.377499999999,2,1,1,4,Lost Customers
1180,750,1,26460.602,2,1,1,4,Lost Customers
1181,95,3,135085.6175,4,3,3,10,Potential Loyalists
1182,193,23,1207166.2075,4,5,5,14,Champions
1183,66,14,836387.1935,5,5,5,15,Champions
1184,168,6,374939.528,4,5,5,14,Champions
1185,47,7,545784.836,5,5,5,15,Champions
1186,676,2,38360.478,2,2,1,5,Lost Customers
1187,33,2,30281.949999999997,5,2,1,8,New Customers
1188,492,3,266373.0145,2,3,4,9,At Risk
1190,98,13,808112.827,4,5,5,14,Champions
1191,271,3,147088.867,3,3,3,9,Potential Loyalists
1192,311,5,217153.57,3,4,4,11,Loyal Customers
1194,118,7,365386.0085,4,5,5,14,Champions
1195,1261,1,116427.63949999999,1,1,3,5,Lost Customers
1196,176,3,167667.22149999999,4,3,3,10,Potential Loyalists
1197,1032,2,39242.2805,1,2,1,4,Lost Customers
1198,267,1,35891.046,3,1,1,5,Needs Attention
1199,41,3,170233.778,5,3,3,11,Potential Loyalists
1200,4,3,340557.69049999997,5,3,5,13,Potential Loyalists
1201,41,1,7067.5345,5,1,1,7,New Customers
1202,170,1,80543.84,4,1,2,7,New Customers
1203,1037,2,75442.19,1,2,2,5,Lost Customers
1204,753,1,93286.53,2,1,2,5,Lost Customers
1205,205,5,188798.0945,4,4,4,12,Champions
1206,122,1,45077.16,4,1,1,6,New Customers
1207,55,15,909353.2235,5,5,5,15,Champions
1208,313,1,2136.4644999999996,3,1,1,5,Needs Attention
1209,968,2,74385.0295,1,2,2,5,Lost Customers
1210,290,2,146573.6415,3,2,3,8,Needs Attention
1211,1108,1,81916.032,1,1,2,4,Lost Customers
1212,979,1,112960.134,1,1,3,5,Lost Customers
1213,766,1,8091.09,1,1,1,3,Lost Customers
1214,586,1,68446.9585,2,1,2,5,Lost Customers
1215,235,3,296973.7075,3,3,4,10,Potential Loyalists
1216,652,1,69461.92000000001,2,1,2,5,Lost Customers
1218,662,3,170454.972,2,3,3,8,At Risk
1220,706,1,31271.1,2,1,1,4,Lost Customers
1221,506,6,538957.5650000001,2,5,5,12,Loyal Customers
1222,22,1,43214.5865,5,1,1,7,New Customers
1223,1188,1,37768.888,1,1,1,3,Lost Customers
1224,808,1,50392.92,1,1,2,4,Lost Customers
1225,315,6,169624.738,3,5,3,11,Loyal Customers
1226,602,2,105193.22,2,2,3,7,Lost Customers
1227,344,6,292492.567,3,5,4,12,Loyal Customers
1228,573,1,83190.79000000001,2,1,2,5,Lost Customers
1229,24,11,696243.905,5,5,5,15,Champions
1230,209,5,257631.10600000003,4,4,4,12,Champions
1231,1167,2,223281.82200000001,1,2,4,7,Lost Customers
1234,818,2,66981.042,1,2,2,5,Lost Customers
1236,435,4,205141.70650000003,2,4,4,10,Loyal Customers
1237,527,1,12045.762,2,1,1,4,Lost Customers
1240,383,1,232879.23,3,1,4,8,Needs Attention
1242,492,3,197210.6915,2,3,4,9,At Risk
1245,736,2,166178.855,2,2,3,7,Lost Customers
1246,463,1,14916.27,2,1,1,4,Lost Customers
1248,462,2,214251.2645,2,2,4,8,Lost Customers
1249,4,3,416990.7505,5,3,5,13,Potential Loyalists
1250,314,1,40255.58,3,1,1,5,Needs Attention
1251,200,4,318710.595,4,4,5,13,Champions
1252,676,1,17702.0,2,1,1,4,Lost Customers
1253,68,11,596812.04,5,5,5,15,Champions
1254,74,3,179839.69,5,3,4,12,Potential Loyalists
1255,378,5,457322.483,3,4,5,12,Loyal Customers
1257,98,7,342861.877,4,5,5,14,Champions
1258,477,1,67909.37,2,1,2,5,Lost Customers
1259,40,2,108559.95999999999,5,2,3,10,New Customers
1261,504,2,57850.0325,2,2,2,6,Lost Customers
1262,28,15,1019054.864,5,5,5,15,Champions
1263,60,5,214097.5165,5,4,4,13,Champions
1264,473,1,25435.1,2,1,1,4,Lost Customers
1265,170,7,392253.5815,4,5,5,14,Champions
1267,1006,2,55207.315,1,2,2,5,Lost Customers
1269,8,8,415993.41849999997,5,5,5,15,Champions
1270,839,1,24770.4525,1,1,1,3,Lost Customers
1271,861,2,113730.58,1,2,3,6,Lost Customers
1272,228,3,142109.416,3,3,3,9,Potential Loyalists
1273,34,3,189640.9815,5,3,4,12,Potential Loyalists
1274,333,2,83782.53199999999,3,2,2,7,Needs Attention
1275,98,9,428070.393,4,5,5,14,Champions
1276,121,8,351997.322,4,5,5,14,Champions
1277,1238,1,66077.59199999999,1,1,2,4,Lost Customers
1278,1001,1,96896.5,1,1,2,4,Lost Customers
1279,1158,1,8539.58,1,1,1,3,Lost Customers
1280,882,3,417757.4875,1,3,5,9,At Risk
1282,35,8,384156.56,5,5,5,15,Champions
1283,80,6,453098.84099999996,5,5,5,15,Champions
1285,384,2,33054.477,3,2,1,6,Needs Attention
1286,174,4,143675.28999999998,4,4,3,11,Loyal Customers
1287,195,3,172318.858,4,3,3,10,Potential Loyalists
1288,273,2,122850.54800000001,3,2,3,8,Needs Attention
1289,766,2,26794.022,1,2,1,4,Lost Customers
1290,16,9,719828.432,5,5,5,15,Champions
1291,472,2,66838.83499999999,2,2,2,6,Lost Customers
1292,261,7,538746.648,3,5,5,13,Loyal Customers
1293,712,2,33480.7175,2,2,1,5,Lost Customers
1294,68,3,287117.3085,5,3,4,12,Potential Loyalists
1295,1131,2,51381.97749999999,1,2,2,5,Lost Customers
1297,240,8,679068.469,3,5,5,13,Loyal Customers
1299,411,2,191979.872,3,2,4,9,Needs Attention
1302,1151,1,139408.6335,1,1,3,5,Lost Customers
1304,181,1,38238.525,4,1,1,6,New Customers
1306,163,2,109103.04000000001,4,2,3,9,New Customers
1307,267,4,219156.81900000002,3,4,4,11,Loyal Customers
1308,58,3,163087.48450000002,5,3,3,11,Potential Loyalists
1309,305,3,206124.859,3,3,4,10,Potential Loyalists
1310,391,6,202215.18850000002,3,5,4,12,Loyal Customers
1311,141,2,157109.64,4,2,3,9,New Customers
1312,148,3,116707.8535,4,3,3,10,Potential Loyalists
1313,449,1,31261.833000000002,2,1,1,4,Lost Customers
1314,836,2,94450.64099999999,1,2,2,5,Lost Customers
1316,571,2,178545.876,2,2,4,8,Lost Customers
1317,290,1,51004.184,3,1,2,6,Needs Attention
1319,22,4,123205.885,5,4,3,12,Loyal Customers
1321,128,2,104479.05949999999,4,2,3,9,New Customers
1322,781,1,107366.31349999999,1,1,3,5,Lost Customers
1323,978,3,160631.8835,1,3,3,7,At Risk
1325,445,1,25500.834,2,1,1,4,Lost Customers
1326,273,1,46560.97,3,1,1,5,Needs Attention
1328,997,2,258977.1925,1,2,4,7,Lost Customers
1329,118,4,146766.21649999998,4,4,3,11,Loyal Customers
1331,656,2,54659.888,2,2,2,6,Lost Customers
1337,1307,1,20014.536,1,1,1,3,Lost Customers
1338,214,2,271503.533,4,2,4,10,New Customers
1339,8,4,319822.528,5,4,5,14,Champions
1340,149,1,13461.630000000001,4,1,1,6,New Customers
1342,1248,1,52879.333,1,1,2,4,Lost Customers
1343,1264,1,78497.265,1,1,2,4,Lost Customers
1344,682,1,128709.02,2,1,3,6,Lost Customers
1346,42,6,353845.886,5,5,5,15,Champions
1347,506,6,188439.5565,2,5,4,11,Loyal Customers
1349,211,5,118163.2505,4,4,3,11,Loyal Customers
1350,183,3,131631.839,4,3,3,10,Potential Loyalists
1351,416,4,235999.197,3,4,4,11,Loyal Customers
1352,1036,2,45158.397,1,2,1,4,Lost Customers
1353,111,1,197220.99,4,1,4,9,New Customers
1354,760,1,69662.85999999999,2,1,2,5,Lost Customers
1356,242,5,206891.58000000002,3,4,4,11,Loyal Customers
1357,440,1,41747.197499999995,2,1,1,4,Lost Customers
1358,109,3,86683.13149999999,4,3,2,9,Potential Loyalists
1359,59,12,622794.0805,5,5,5,15,Champions
1360,184,8,377432.5515,4,5,5,14,Champions
1361,230,4,463890.69,3,4,5,12,Loyal Customers
1362,549,2,89774.3325,2,2,2,6,Lost Customers
1363,147,13,454473.793,4,5,5,14,Champions
1364,1017,1,3285.09,1,1,1,3,Lost Customers
1365,597,2,31855.815000000002,2,2,1,5,Lost Customers
1366,711,3,143925.033,2,3,3,8,At Risk
1367,14,4,258170.989,5,4,4,13,Champions
1369,419,5,250017.064,3,4,4,11,Loyal Customers
1372,872,2,110001.6495,1,2,3,6,Lost Customers
1377,120,3,181911.863,4,3,4,11,Potential Loyalists
1378,679,1,69572.16699999999,2,1,2,5,Lost Customers
1379,370,1,35824.616,3,1,1,5,Needs Attention
1381,210,4,205694.171,4,4,4,12,Champions
1382,1114,1,29848.0975,1,1,1,3,Lost Customers
1383,797,2,71842.10700000002,1,2,2,5,Lost Customers
1384,138,2,135091.724,4,2,3,9,New Customers
1386,1282,1,84119.67,1,1,2,4,Lost Customers
1387,771,1,26171.678499999998,1,1,1,3,Lost Customers
1389,386,4,194859.785,3,4,4,11,Loyal Customers
1390,208,8,392156.7835,4,5,5,14,Champions
1391,144,3,140363.136,4,3,3,10,Potential Loyalists
1392,1245,1,38263.9005,1,1,1,3,Lost Customers
1394,391,2,39870.667499999996,3,2,1,6,Needs Attention
1395,1287,1,16160.024,1,1,1,3,Lost Customers
1396,9,6,213911.1975,5,5,4,14,Champions
1397,397,1,62454.73,3,1,2,6,Needs Attention
1398,1232,1,28705.16,1,1,1,3,Lost Customers
1401,31,3,67018.76,5,3,2,10,Potential Loyalists
1402,10,18,1228959.268,5,5,5,15,Champions
1404,672,1,125870.44,2,1,3,6,Lost Customers
1405,111,3,198499.13,4,3,4,11,Potential Loyalists
1407,255,4,243078.748,3,4,4,11,Loyal Customers
1410,16,73,4059926.8405,5,5,5,15,Champions
1411,18,4,284815.05000000005,5,4,4,13,Champions
1412,1068,4,335276.61,1,4,5,10,Loyal Customers
1413,411,3,198195.1875,3,3,4,10,Potential Loyalists
1414,27,5,281283.8835,5,4,4,13,Champions
1417,29,10,477151.75200000004,5,5,5,15,Champions
1418,1087,1,4153.41,1,1,1,3,Lost Customers
1420,736,2,54488.7285,2,2,2,6,Lost Customers
1421,17,3,160450.38249999998,5,3,3,11,Potential Loyalists
1424,248,4,220935.709,3,4,4,11,Loyal Customers
1426,1015,3,107883.84,1,3,3,7,At Risk
1427,1210,1,111793.37400000001,1,1,3,5,Lost Customers
1428,1016,1,31018.506999999998,1,1,1,3,Lost Customers
1429,154,1,12084.156,4,1,1,6,New Customers
1432,724,1,12892.5,2,1,1,4,Lost Customers
1433,290,2,221740.4715,3,2,4,9,Needs Attention
1434,410,1,8623.61,3,1,1,5,Needs Attention
1435,160,6,248802.03399999999,4,5,4,13,Champions
1436,699,1,4955.536,2,1,1,4,Lost Customers
1438,321,5,265175.662,3,4,4,11,Loyal Customers
1441,577,3,214443.15099999998,2,3,4,9,At Risk
1442,83,2,90283.9,5,2,2,9,New Customers
1443,241,4,144603.8195,3,4,3,10,Loyal Customers
1444,692,1,60270.744000000006,2,1,2,5,Lost Customers
1447,582,3,140419.349,2,3,3,8,At Risk
1448,463,1,78086.5165,2,1,2,5,Lost Customers
1449,530,1,94165.88,2,1,2,5,Lost Customers
1450,92,5,410044.28799999994,4,4,5,13,Champions
1451,272,11,771266.7595,3,5,5,13,Loyal Customers
1453,837,1,95950.95,1,1,2,4,Lost Customers
1454,657,1,85399.81,2,1,2,5,Lost Customers
1455,125,11,685474.465,4,5,5,14,Champions
1456,5,53,3526402.7375,5,5,5,15,Champions
1458,192,2,34530.67,4,2,1,7,New Customers
1462,115,1,22599.440000000002,4,1,1,6,New Customers
1463,959,1,58627.492,1,1,2,4,Lost Customers
1465,266,3,139492.92,3,3,3,9,Potential Loyalists
1466,660,1,56851.1325,2,1,2,5,Lost Customers
1467,478,1,6966.22,2,1,1,4,Lost Customers
1471,1048,1,17308.4905,1,1,1,3,Lost Customers
1473,379,1,99672.84,3,1,2,6,Needs Attention
1474,95,5,329259.104,4,4,5,13,Champions
1476,284,5,255831.152,3,4,4,11,Loyal Customers
1477,905,1,92672.68999999999,1,1,2,4,Lost Customers
1479,1212,1,111644.848,1,1,3,5,Lost Customers
1480,210,1,149816.358,4,1,3,8,New Customers
1482,238,1,99242.76000000001,3,1,2,6,Needs Attention
1484,189,2,144771.26,4,2,3,9,New Customers
1485,402,4,199970.0625,3,4,4,11,Loyal Customers
1486,1124,1,284.26,1,1,1,3,Lost Customers
1487,660,1,87.645,2,1,1,4,Lost Customers
1488,536,2,33549.0975,2,2,1,5,Lost Customers
1489,66,10,851478.9275,5,5,5,15,Champions
1490,124,5,263721.681,4,4,4,12,Champions
1491,50,2,260591.94,5,2,4,11,New Customers
1492,264,4,318463.5505,3,4,5,12,Loyal Customers
1493,178,2,139828.9195,4,2,3,9,New Customers
1494,287,4,160444.34999999998,3,4,3,10,Loyal Customers
1495,1068,1,24645.45,1,1,1,3,Lost Customers
1496,532,2,70624.2975,2,2,2,6,Lost Customers
1497,1010,1,123217.56999999999,1,1,3,5,Lost Customers
1498,880,1,96303.42749999999,1,1,2,4,Lost Customers
1499,343,1,45731.59,3,1,1,5,Needs Attention
1501,440,1,46674.744000000006,2,1,1,4,Lost Customers
1504,419,4,246430.664,3,4,4,11,Loyal Customers
1508,1283,1,34461.125,1,1,1,3,Lost Customers
1509,44,2,33196.404,5,2,1,8,New Customers
1511,129,11,658741.837,4,5,5,14,Champions
1514,65,3,243607.45249999998,5,3,4,12,Potential Loyalists
1515,333,2,166573.461,3,2,3,8,Needs Attention
1516,514,2,48492.295,2,2,1,5,Lost Customers
1517,789,1,63538.350000000006,1,1,2,4,Lost Customers
1518,216,1,111753.93749999999,4,1,3,8,New Customers
1519,146,4,218675.555,4,4,4,12,Champions
1520,1105,1,24324.31,1,1,1,3,Lost Customers
1522,481,7,361522.995,2,5,5,12,Loyal Customers
1523,511,3,95623.81349999999,2,3,2,7,At Risk
1525,264,6,577590.7575,3,5,5,13,Loyal Customers
1529,455,5,132298.6345,2,4,3,9,Loyal Customers
1530,27,11,550951.6605,5,5,5,15,Champions
1531,60,9,709334.3025,5,5,5,15,Champions
1532,108,4,154501.18,4,4,3,11,Loyal Customers
1533,324,5,429923.6145,3,4,5,12,Loyal Customers
1534,1280,1,82257.20000000001,1,1,2,4,Lost Customers
1535,1275,1,32195.0175,1,1,1,3,Lost Customers
1536,339,4,228260.0465,3,4,4,11,Loyal Customers
1537,76,4,176054.088,5,4,3,12,Loyal Customers
1539,48,9,497336.479,5,5,5,15,Champions
1540,17,8,756320.2535,5,5,5,15,Champions
1541,175,15,880312.248,4,5,5,14,Champions
1542,7,7,216407.337,5,5,4,14,Champions
1543,839,1,67191.7425,1,1,2,4,Lost Customers
1547,647,3,197771.664,2,3,4,9,At Risk
1548,283,4,221027.8625,3,4,4,11,Loyal Customers
1549,116,8,427623.469,4,5,5,14,Champions
1550,734,4,429945.67,2,4,5,11,Loyal Customers
1552,302,1,57613.195499999994,3,1,2,6,Needs Attention
1555,593,2,157870.734,2,2,3,7,Lost Customers
1559,783,2,82563.58899999999,1,2,2,5,Lost Customers
1562,47,2,310347.3645,5,2,4,11,New Customers
1563,91,9,685260.6165,4,5,5,14,Champions
1564,1054,1,34065.81,1,1,1,3,Lost Customers
1565,92,2,113215.452,4,2,3,9,New Customers
1566,571,1,62286.24,2,1,2,5,Lost Customers
1568,295,8,415115.2195,3,5,5,13,Loyal Customers
1569,295,3,205157.548,3,3,4,10,Potential Loyalists
1572,1100,2,127108.874,1,2,3,6,Lost Customers
1573,94,2,165847.9975,4,2,3,9,New Customers
1575,37,1,20274.39,5,1,1,7,New Customers
1576,630,2,113043.103,2,2,3,7,Lost Customers
1578,23,2,52431.0115,5,2,2,9,New Customers
1579,405,2,114849.76800000001,3,3,3,9,Potential Loyalists
1581,202,3,97699.045,4,3,2,9,Potential Loyalists
1582,309,3,240695.261,3,3,4,10,Potential Loyalists
1583,27,5,109296.243,5,4,3,12,Loyal Customers
1586,109,2,46916.496,4,3,1,8,Potential Loyalists
1587,87,11,694100.9165,5,5,5,15,Champions
1588,584,2,119187.3435,2,3,3,8,At Risk
1589,928,1,41586.17,1,1,1,3,Lost Customers
1590,689,1,13702.49,2,1,1,4,Lost Customers
1591,14,4,175247.749,5,4,3,12,Loyal Customers
1592,566,3,235149.79849999998,2,3,4,9,At Risk
1593,26,22,1081259.093,5,5,5,15,Champions
1594,76,15,1110798.7125,5,5,5,15,Champions
1595,3,2,55563.121,5,3,2,10,Potential Loyalists
1596,197,5,234552.9385,4,4,4,12,Champions
1598,62,5,196992.8765,5,4,4,13,Champions
1599,936,2,26989.8375,1,3,1,5,At Risk
1600,431,3,193014.21,2,3,4,9,At Risk
1601,428,1,69955.7,3,1,2,6,Needs Attention
1602,69,7,384867.54099999997,5,5,5,15,Champions
1603,1116,1,70371.402,1,1,2,4,Lost Customers
1604,466,2,190589.53999999998,2,3,4,9,At Risk
1609,384,1,114933.77100000001,3,1,3,7,Needs Attention
1613,827,2,220049.8075,1,3,4,8,At Risk
1614,148,13,843850.818,4,5,5,14,Champions
1616,61,11,760838.816,5,5,5,15,Champions
1617,57,1,68658.642,5,1,2,8,New Customers
1618,340,3,153574.4,3,3,3,9,Potential Loyalists
1619,574,1,15168.25,2,1,1,4,Lost Customers
1620,5,3,173928.53,5,3,3,11,Potential Loyalists
1624,367,1,148648.16,3,1,3,7,Needs Attention
1625,233,9,816654.818,3,5,5,13,Loyal Customers
1627,163,5,245781.6225,4,4,4,12,Champions
1629,1038,1,30525.18,1,1,1,3,Lost Customers
1632,632,3,150534.972,2,3,3,8,At Risk
1634,584,4,187996.52300000002,2,4,4,10,Loyal Customers
1637,1172,1,30116.38,1,1,1,3,Lost Customers
1638,1255,2,31840.4625,1,3,1,5,At Risk
1641,68,3,237287.684,5,3,4,12,Potential Loyalists
1642,199,5,274229.795,4,4,4,12,Champions
1644,909,2,170634.71,1,3,3,7,At Risk
1646,236,4,188853.805,3,4,4,11,Loyal Customers
1648,77,2,91211.0,5,3,2,10,Potential Loyalists
1649,53,11,732600.4959999999,5,5,5,15,Champions
1650,73,7,348933.13300000003,5,5,5,15,Champions
1651,835,1,11136.755000000001,1,1,1,3,Lost Customers
1652,328,1,104932.20000000001,3,1,3,7,Needs Attention
1653,549,2,108511.767,2,3,3,8,At Risk
1654,198,4,356529.249,4,4,5,13,Champions
1655,131,5,205641.54,4,4,4,12,Champions
1656,690,2,62840.42600000001,2,3,2,7,At Risk
1657,238,3,168976.75,3,3,3,9,Potential Loyalists
1658,117,2,13864.635,4,3,1,8,Potential Loyalists
1660,102,2,116548.8725,4,3,3,10,Potential Loyalists
1662,1064,1,41247.973999999995,1,1,1,3,Lost Customers
1664,538,1,128844.1125,2,1,3,6,Lost Customers
1666,52,3,159419.88999999998,5,3,3,11,Potential Loyalists
1667,537,1,18974.512000000002,2,1,1,4,Lost Customers
1669,83,6,386570.9375,5,5,5,15,Champions
1670,581,4,276931.8095,2,4,4,10,Loyal Customers
1671,283,1,23555.91,3,1,1,5,Needs Attention
1672,157,5,409557.6725,4,4,5,13,Champions
1674,330,3,177380.47999999998,3,3,4,10,Potential Loyalists
1675,265,2,109788.453,3,3,3,9,Potential Loyalists
1676,1240,1,2152.472,1,1,1,3,Lost Customers
1677,371,4,291920.046,3,4,4,11,Loyal Customers
1679,88,15,1042852.612,5,5,5,15,Champions
1680,253,6,312798.3735,3,5,4,12,Loyal Customers
1681,495,2,131813.36000000002,2,3,3,8,At Risk
1682,353,7,300158.9685,3,5,4,12,Loyal Customers
1683,190,3,146567.402,4,3,3,10,Potential Loyalists
1688,739,3,299561.521,2,3,4,9,At Risk
1690,833,1,49575.920000000006,1,1,1,3,Lost Customers
1691,76,5,185766.59,5,4,4,13,Champions
1692,109,8,473343.52999999997,4,5,5,14,Champions
1694,438,1,74336.79000000001,2,1,2,5,Lost Customers
1695,1063,1,46228.18,1,1,1,3,Lost Customers
1696,458,2,144585.61299999998,2,3,3,8,At Risk
1697,889,1,67111.382,1,1,2,4,Lost Customers
1698,135,5,364722.26399999997,4,4,5,13,Champions
1701,44,4,309085.60349999997,5,4,4,13,Champions
1703,61,2,146779.375,5,3,3,11,Potential Loyalists
1705,157,1,110891.2485,4,1,3,8,New Customers
1708,260,1,53953.947,3,1,2,6,Needs Attention
1709,897,1,34304.53,1,1,1,3,Lost Customers
1710,991,1,55028.06999999999,1,1,2,4,Lost Customers
1711,16,2,135056.8965,5,3,3,11,Potential Loyalists
1712,194,2,191102.1875,4,3,4,11,Potential Loyalists
1713,267,3,379874.8625,3,3,5,11,Potential Loyalists
1718,876,1,962.9480000000001,1,1,1,3,Lost Customers
1719,181,2,208156.48,4,3,4,11,Potential Loyalists
1720,34,3,267486.526,5,3,4,12,Potential Loyalists
1721,132,4,280221.1385,4,4,4,12,Champions
1722,1163,1,54819.441,1,1,2,4,Lost Customers
1723,193,1,16751.92,4,1,1,6,New Customers
1724,236,9,523836.1415,3,5,5,13,Loyal Customers
1725,569,1,24772.48,2,1,1,4,Lost Customers
1730,84,3,110304.6705,5,3,3,11,Potential Loyalists
1731,422,1,40215.251,3,1,1,5,Needs Attention
1733,152,5,200805.6375,4,4,4,12,Champions
1734,59,5,235638.654,5,4,4,13,Champions
1735,1103,2,89257.82549999999,1,3,2,6,At Risk
1736,591,1,26067.92,2,1,1,4,Lost Customers
1740,318,2,86971.791,3,3,2,8,Potential Loyalists
1741,119,10,506452.727,4,5,5,14,Champions
1743,660,2,192711.2545,2,3,4,9,At Risk
1746,216,1,61324.933,4,1,2,7,New Customers
1748,72,5,214187.388,5,4,4,13,Champions
1749,1264,1,6962.33,1,1,1,3,Lost Customers
1753,1213,1,43263.3825,1,1,1,3,Lost Customers
1754,320,5,239039.3725,3,4,4,11,Loyal Customers
1755,109,18,1470915.867,4,5,5,14,Champions
1756,653,1,68769.0,2,1,2,5,Lost Customers
1758,23,2,97045.81049999999,5,3,2,10,Potential Loyalists
1759,576,1,19724.592,2,1,1,4,Lost Customers
1760,78,5,232647.28,5,4,4,13,Champions
1761,243,2,116435.34200000002,3,3,3,9,Potential Loyalists
1762,18,5,460629.733,5,4,5,14,Champions
1764,347,11,653069.4755000001,3,5,5,13,Loyal Customers
1765,1017,1,72276.975,1,1,2,4,Lost Customers
1767,1123,1,29981.660000000003,1,1,1,3,Lost Customers
1768,444,2,97466.52,2,3,2,7,At Risk
1769,454,1,7088.481499999999,2,1,1,4,Lost Customers
1773,552,1,116828.8,2,1,3,6,Lost Customers
1774,158,3,168070.7925,4,3,3,10,Potential Loyalists
1776,715,4,260429.0445,2,4,4,10,Loyal Customers
1777,538,1,74370.042,2,1,2,5,Lost Customers
1778,1277,1,64173.15,1,1,2,4,Lost Customers
1779,252,2,153313.234,3,3,3,9,Potential Loyalists
1780,54,3,117995.3955,5,3,3,11,Potential Loyalists
1782,308,1,135433.65,3,1,3,7,Needs Attention
1784,750,2,61968.388,2,3,2,7,At Risk
1785,66,2,81038.89199999999,5,3,2,10,Potential Loyalists
1787,721,2,47946.845,2,3,1,6,At Risk
1788,154,5,156764.2695,4,4,3,11,Loyal Customers
1790,229,11,756460.045,3,5,5,13,Loyal Customers
1791,125,6,135275.1585,4,5,3,12,Loyal Customers
1793,113,2,119893.56,4,3,3,10,Potential Loyalists
1794,615,1,121143.54999999999,2,1,3,6,Lost Customers
1796,190,1,80194.23,4,1,2,7,New Customers
1797,116,1,24087.528,4,1,1,6,New Customers
1798,715,2,83545.685,2,3,2,7,At Risk
1799,145,7,343166.0985,4,5,5,14,Champions
1800,343,5,211394.704,3,4,4,11,Loyal Customers
1801,23,2,132007.60499999998,5,3,3,11,Potential Loyalists
1806,547,1,56499.3,2,1,2,5,Lost Customers
1807,99,6,247231.1435,4,5,4,13,Champions
1808,252,3,102490.7895,3,3,2,8,Potential Loyalists
1809,391,1,29612.1555,3,1,1,5,Needs Attention
1810,633,4,247585.32,2,4,4,10,Loyal Customers
1811,213,8,564163.192,4,5,5,14,Champions
1814,29,16,706196.582,5,5,5,15,Champions
1818,1243,3,188381.71,1,3,4,8,At Risk
1821,881,1,63432.08,1,1,2,4,Lost Customers
1822,5,30,1643801.8229999999,5,5,5,15,Champions
1823,1066,2,71945.5345,1,3,2,6,At Risk
1824,334,1,100872.13,3,1,2,6,Needs Attention
1825,191,8,395329.638,4,5,5,14,Champions
1827,62,14,881724.361,5,5,5,15,Champions
1828,121,5,222069.61849999998,4,4,4,12,Champions
1829,416,6,390193.338,3,5,5,13,Loyal Customers
1830,656,4,143300.514,2,4,3,9,Loyal Customers
1831,552,3,98534.78,2,3,2,7,At Risk
1832,159,3,82121.975,4,3,2,9,Potential Loyalists
1833,68,18,1281179.03,5,5,5,15,Champions
1834,145,2,167661.7475,4,3,3,10,Potential Loyalists
1835,413,4,168766.707,3,4,3,10,Loyal Customers
1839,216,5,272698.70399999997,4,4,4,12,Champions
1840,746,2,45692.432499999995,2,3,1,6,At Risk
1841,822,2,161918.2895,1,3,3,7,At Risk
1842,77,34,1813214.1065,5,5,5,15,Champions
1844,236,4,292410.7735,3,4,4,11,Loyal Customers
1845,165,1,91357.57,4,1,2,7,New Customers
1846,176,1,17074.368,4,1,1,6,New Customers
1847,60,4,370587.4285,5,4,5,14,Champions
1848,22,7,457315.071,5,5,5,15,Champions
1849,172,4,119016.35800000001,4,4,3,11,Loyal Customers
1850,144,4,321387.7075,4,4,5,13,Champions
1851,708,1,15485.792000000001,2,1,1,4,Lost Customers
1852,228,1,60645.75,3,1,2,6,Needs Attention
1857,46,1,18097.29,5,1,1,7,New Customers
1859,986,1,13083.6675,1,1,1,3,Lost Customers
1860,381,3,75117.7715,3,3,2,8,Potential Loyalists
1861,207,5,319275.1405,4,4,5,13,Champions
1862,742,3,262927.62,2,3,4,9,At Risk
1863,218,1,41013.5625,3,1,1,5,Needs Attention
1864,354,5,300392.457,3,4,4,11,Loyal Customers
1865,71,2,137318.0565,5,3,3,11,Potential Loyalists
1866,182,1,51274.80900000001,4,1,2,7,New Customers
1867,394,1,22702.98,3,1,1,5,Needs Attention
1868,560,2,73923.411,2,3,2,7,At Risk
1869,82,5,263726.0145,5,4,4,13,Champions
1870,254,6,493101.40150000004,3,5,5,13,Loyal Customers
1871,197,2,103317.9755,4,3,2,9,Potential Loyalists
1872,527,2,92258.4,2,3,2,7,At Risk
1873,7,26,1552492.014,5,5,5,15,Champions
1876,570,3,263125.89900000003,2,3,4,9,At Risk
1878,9,7,476661.664,5,5,5,15,Champions
1879,823,3,312167.8875,1,3,4,8,At Risk
1880,516,5,274150.2975,2,4,4,10,Loyal Customers
1881,144,4,267813.526,4,4,4,12,Champions
1884,441,2,76822.15,2,3,2,7,At Risk
1885,480,3,191570.986,2,3,4,9,At Risk
1886,824,2,256100.38999999998,1,3,4,8,At Risk
1887,93,4,301068.82050000003,4,4,4,12,Champions
1888,403,4,227152.0835,3,4,4,11,Loyal Customers
1889,159,1,165936.44,4,1,3,8,New Customers
1890,31,4,220942.84100000001,5,4,4,13,Champions
1892,1009,1,16316.953000000001,1,1,1,3,Lost Customers
1893,740,1,125431.944,2,1,3,6,Lost Customers
1894,51,5,356737.74049999996,5,4,5,14,Champions
1895,765,2,147559.202,1,3,3,7,At Risk
1896,181,5,309774.3225,4,4,4,12,Champions
1897,857,1,39700.149999999994,1,1,1,3,Lost Customers
1898,31,40,2708887.5025,5,5,5,15,Champions
1900,456,1,180115.4025,2,1,4,7,Lost Customers
1901,98,5,409527.883,4,4,5,13,Champions
1902,290,1,13016.3645,3,1,1,5,Needs Attention
1903,664,3,168638.9065,2,3,3,8,At Risk
1905,495,3,75845.73999999999,2,3,2,7,At Risk
1906,104,18,1016456.6705,4,5,5,14,Champions
1907,213,1,77338.97,4,1,2,7,New Customers
1908,440,4,226944.70549999998,2,4,4,10,Loyal Customers
1909,880,1,110074.168,1,1,3,5,Lost Customers
1911,522,6,406696.941,2,5,5,12,Loyal Customers
1912,587,1,78787.674,2,1,2,5,Lost Customers
1913,586,2,192950.543,2,3,4,9,At Risk
1914,547,2,157083.75149999998,2,3,3,8,At Risk
1915,704,2,214393.6505,2,3,4,9,At Risk
1916,66,14,939017.1455,5,5,5,15,Champions
1918,303,2,222888.027,3,3,4,10,Potential Loyalists
1919,97,7,276926.847,4,5,4,13,Champions
1922,1118,1,14155.614,1,1,1,3,Lost Customers
1923,57,2,72693.446,5,3,2,10,Potential Loyalists
1924,1120,1,30143.646,1,1,1,3,Lost Customers
1925,202,4,287867.8505,4,4,4,12,Champions
1927,141,6,369168.136,4,5,5,14,Champions
1928,207,3,62264.859,4,3,2,9,Potential Loyalists
1929,907,3,191472.5325,1,3,4,8,At Risk
1933,35,8,511393.4555,5,5,5,15,Champions
1934,463,2,33677.335999999996,2,3,1,6,At Risk
1935,832,1,40848.7,1,1,1,3,Lost Customers
1936,40,2,129926.592,5,3,3,11,Potential Loyalists
1937,215,1,88666.86000000002,4,1,2,7,New Customers
1938,1177,1,48657.293999999994,1,1,1,3,Lost Customers
1939,1142,1,57253.509999999995,1,1,2,4,Lost Customers
1942,723,4,203350.794,2,4,4,10,Loyal Customers
1943,229,5,259425.8065,3,4,4,11,Loyal Customers
1944,237,1,132694.37000000002,3,1,3,7,Needs Attention
1945,118,4,362496.02999999997,4,4,5,13,Champions
1946,835,2,173567.77500000002,1,3,3,7,At Risk
1948,106,13,585819.605,4,5,5,14,Champions
1949,410,2,45232.1575,3,3,1,7,Potential Loyalists
1950,657,3,144991.95,2,3,3,8,At Risk
1951,604,5,299290.336,2,4,4,10,Loyal Customers
1952,155,4,310387.5355,4,4,4,12,Champions
1955,444,5,388254.0815,2,4,5,11,Loyal Customers
1956,580,1,347.29,2,1,1,4,Lost Customers
1957,247,1,190901.5785,3,1,4,8,Needs Attention
1958,623,3,48922.909999999996,2,3,1,6,At Risk
1959,137,4,255160.2405,4,4,4,12,Champions
1961,161,2,172900.47999999998,4,3,3,10,Potential Loyalists
1962,363,3,155983.20799999998,3,3,3,9,Potential Loyalists
1963,110,5,515597.31299999997,4,4,5,13,Champions
1967,1096,1,89059.45,1,1,2,4,Lost Customers
1968,106,2,147068.559,4,3,3,10,Potential Loyalists
1969,233,6,192283.532,3,5,4,12,Loyal Customers
1971,627,3,315676.958,2,3,5,10,At Risk
1976,164,8,432417.582,4,5,5,14,Champions
1978,825,3,252320.37,1,3,4,8,At Risk
1979,1124,2,106331.49799999999,1,3,3,7,At Risk
1980,106,6,417653.831,4,5,5,14,Champions
1983,912,1,125267.01999999999,1,1,3,5,Lost Customers
1984,545,1,56817.36,2,1,2,5,Lost Customers
1985,706,1,33760.2,2,1,1,4,Lost Customers
1986,227,6,447328.0475,3,5,5,13,Loyal Customers
1987,696,1,45508.86,2,1,1,4,Lost Customers
1988,758,1,37672.524000000005,2,1,1,4,Lost Customers
1989,415,3,71047.77100000001,3,3,2,8,Potential Loyalists
1991,156,1,31322.44,4,1,1,6,New Customers
1992,2,126,7021403.7825,5,5,5,15,Champions
1993,131,3,43434.441999999995,4,3,1,8,Potential Loyalists
1994,1071,3,202831.0135,1,3,4,8,At Risk
2001,111,1,34801.81,4,1,1,6,New Customers
2002,111,4,307140.784,4,4,4,12,Champions
2003,330,3,103400.598,3,3,3,9,Potential Loyalists
2004,837,2,46265.212499999994,1,3,1,5,At Risk
2005,65,17,558657.1735,5,5,5,15,Champions
2007,453,2,90717.103,2,3,2,7,At Risk
2012,181,2,102932.502,4,3,2,9,Potential Loyalists
2013,482,3,207617.391,2,3,4,9,At Risk
2016,235,4,301135.8115,3,4,4,11,Loyal Customers
2017,605,1,86486.55,2,1,2,5,Lost Customers
2019,253,2,134366.409,3,3,3,9,Potential Loyalists
2020,208,2,55462.005000000005,4,3,2,9,Potential Loyalists
2021,186,4,199460.775,4,4,4,12,Champions
2022,777,3,94150.1455,1,3,2,6,At Risk
2023,240,3,126141.074,3,3,3,9,Potential Loyalists
2026,767,1,1454.639,1,1,1,3,Lost Customers
2028,314,1,76883.952,3,1,2,6,Needs Attention
2031,113,4,174262.95799999998,4,4,3,11,Loyal Customers
2033,488,3,274571.33499999996,2,3,4,9,At Risk
2034,819,1,28190.196,1,1,1,3,Lost Customers
2036,138,11,628520.842,4,5,5,14,Champions
2037,29,16,1026193.7175,5,5,5,15,Champions
2039,580,2,214718.02000000002,2,3,4,9,At Risk
2041,7,2,302443.554,5,3,4,12,Potential Loyalists
2042,16,7,358232.4365,5,5,5,15,Champions
2043,185,10,484655.0835,4,5,5,14,Champions
2044,546,2,119883.84850000001,2,3,3,8,At Risk
2046,1092,1,35900.34,1,1,1,3,Lost Customers
2048,15,8,405716.5735,5,5,5,15,Champions
2049,233,6,350527.795,3,5,5,13,Loyal Customers
2050,907,2,144628.214,1,3,3,7,At Risk
2051,1259,1,101204.0,1,1,2,4,Lost Customers
2052,1277,1,33443.77,1,1,1,3,Lost Customers
2054,222,3,301383.351,3,3,4,10,Potential Loyalists
2055,310,1,73225.94,3,1,2,6,Needs Attention
2056,275,2,69317.786,3,3,2,8,Potential Loyalists
2057,914,1,128869.20749999999,1,1,3,5,Lost Customers
2058,88,4,314111.2625,5,4,4,13,Champions
2059,694,1,19026.434,2,1,1,4,Lost Customers
2060,105,7,389689.528,4,5,5,14,Champions
2061,70,7,352756.0375,5,5,5,15,Champions
2062,191,13,666585.279,4,5,5,14,Champions
2063,493,1,18144.3255,2,1,1,4,Lost Customers
2067,1314,1,58311.936,1,1,2,4,Lost Customers
2068,224,1,95268.80249999999,3,1,2,6,Needs Attention
2069,80,4,245630.89549999998,5,4,4,13,Champions
2070,25,7,362308.20900000003,5,5,5,15,Champions
2072,547,1,97123.33800000002,2,1,2,5,Lost Customers
2073,147,4,348097.469,4,4,5,13,Champions
2074,377,3,154240.962,3,3,3,9,Potential Loyalists
2075,2,5,340538.122,5,4,5,14,Champions
2076,37,5,177340.731,5,4,4,13,Champions
2077,362,6,269735.22599999997,3,5,4,12,Loyal Customers
2078,425,2,98879.73999999999,3,3,2,8,Potential Loyalists
2079,129,2,36299.333,4,3,1,8,Potential Loyalists
2081,254,1,33954.880000000005,3,1,1,5,Needs Attention
2084,295,2,123936.50200000001,3,3,3,9,Potential Loyalists
2087,142,7,317025.185,4,5,5,14,Champions
2089,442,1,152776.178,2,1,3,6,Lost Customers
2091,316,7,420775.6545,3,5,5,13,Loyal Customers
2092,659,5,328181.178,2,4,5,11,Loyal Customers
2093,786,2,76725.914,1,3,2,6,At Risk
2094,452,1,50911.86,2,1,2,5,Lost Customers
2096,7,22,1159645.1535,5,5,5,15,Champions
2097,404,6,344928.204,3,5,5,13,Loyal Customers
2098,63,9,417392.3485,5,5,5,15,Champions
2101,92,7,291143.3905,4,5,4,13,Champions
2103,89,3,170517.59,4,3,3,10,Potential Loyalists
2105,30,8,413946.4825,5,5,5,15,Champions
2106,161,1,104326.28,4,1,3,8,New Customers
2108,318,1,42139.55,3,1,1,5,Needs Attention
2109,444,2,139481.37,2,3,3,8,At Risk
2110,656,4,262884.9425,2,4,4,10,Loyal Customers
2111,501,2,132410.844,2,3,3,8,At Risk
2113,36,2,164154.91499999998,5,3,3,11,Potential Loyalists
2114,25,10,487026.64400000003,5,5,5,15,Champions
2115,976,5,294672.0345,1,4,4,9,Loyal Customers
2116,424,2,208992.662,3,3,4,10,Potential Loyalists
2117,445,4,296666.6415,2,4,4,10,Loyal Customers
2118,1054,1,77168.92499999999,1,1,2,4,Lost Customers
2119,575,4,275503.366,2,4,4,10,Loyal Customers
2121,356,2,102624.496,3,3,2,8,Potential Loyalists
2122,341,6,294305.56549999997,3,5,4,12,Loyal Customers
2123,428,1,101773.392,3,1,2,6,Needs Attention
2125,937,1,78490.2,1,1,2,4,Lost Customers
2127,469,2,46528.91099999999,2,3,1,6,At Risk
2128,1109,1,5179.77,1,1,1,3,Lost Customers
2130,357,1,2347.5299999999997,3,1,1,5,Needs Attention
2131,168,2,148623.03999999998,4,3,3,10,Potential Loyalists
2132,382,1,44166.528000000006,3,1,1,5,Needs Attention
2133,549,1,46510.29,2,1,1,4,Lost Customers
2134,106,5,205693.449,4,4,4,12,Champions
2135,60,8,591707.6529999999,5,5,5,15,Champions
2136,582,5,156805.53600000002,2,4,3,9,Loyal Customers
2137,306,4,130924.68350000001,3,4,3,10,Loyal Customers
2138,64,3,220528.4975,5,3,4,12,Potential Loyalists
2139,154,15,1210626.395,4,5,5,14,Champions
2140,582,2,34761.0645,2,3,1,6,At Risk
2143,1005,1,35632.255000000005,1,1,1,3,Lost Customers
2144,7,11,875582.934,5,5,5,15,Champions
2145,891,1,42179.328,1,1,1,3,Lost Customers
2146,750,2,133231.735,2,3,3,8,At Risk
2147,211,3,260844.31,4,3,4,11,Potential Loyalists
2150,710,2,79086.5,2,3,2,7,At Risk
2151,198,2,213837.06,4,3,4,11,Potential Loyalists
2152,1286,1,61783.592,1,1,2,4,Lost Customers
2153,652,3,83268.758,2,3,2,7,At Risk
2154,1012,1,45508.43249999999,1,1,1,3,Lost Customers
2155,533,3,180301.595,2,3,4,9,At Risk
2156,760,1,14527.98,2,1,1,4,Lost Customers
2157,861,1,58867.6255,1,1,2,4,Lost Customers
2158,158,6,261182.88299999997,4,5,4,13,Champions
2159,201,5,338551.4595,4,4,5,13,Champions
2160,25,2,74610.98150000001,5,3,2,10,Potential Loyalists
2161,334,3,220672.0215,3,3,4,10,Potential Loyalists
2162,332,4,275824.314,3,4,4,11,Loyal Customers
2163,72,1,85084.04999999999,5,1,2,8,New Customers
2164,1065,1,27071.149999999998,1,1,1,3,Lost Customers
2165,13,13,950315.1395,5,5,5,15,Champions
2166,110,5,258193.977,4,4,4,12,Champions
2167,130,20,1169378.1675,4,5,5,14,Champions
2168,1238,1,27115.3,1,1,1,3,Lost Customers
2169,376,2,56037.4615,3,3,2,8,Potential Loyalists
2171,80,4,259563.68,5,4,4,13,Champions
2172,421,2,157186.6345,3,3,3,9,Potential Loyalists
2173,334,1,113256.95999999999,3,1,3,7,Needs Attention
2174,470,2,21725.999499999998,2,3,1,6,At Risk
2175,903,1,25107.015,1,1,1,3,Lost Customers
2176,371,1,10070.130000000001,3,1,1,5,Needs Attention
2177,234,4,219513.994,3,4,4,11,Loyal Customers
2178,555,1,38734.083,2,1,1,4,Lost Customers
2179,349,2,76833.2005,3,3,2,8,Potential Loyalists
2182,361,2,63396.224,3,3,2,8,Potential Loyalists
2184,713,3,242433.0525,2,3,4,9,At Risk
2186,679,1,63794.513999999996,2,1,2,5,Lost Customers
2187,278,7,470937.408,3,5,5,13,Loyal Customers
2188,338,5,204224.883,3,4,4,11,Loyal Customers
2190,25,4,162929.1395,5,4,3,12,Loyal Customers
2191,186,1,111822.02,4,1,3,8,New Customers
2192,232,6,300815.8925,3,5,4,12,Loyal Customers
2193,184,2,49854.31050000001,4,3,1,8,Potential Loyalists
2194,806,2,105096.24349999998,1,3,3,7,At Risk
2195,28,30,1638290.548,5,5,5,15,Champions
2197,516,4,267063.0915,2,4,4,10,Loyal Customers
2198,771,1,25492.8,1,1,1,3,Lost Customers
2201,706,2,111961.394,2,3,3,8,At Risk
2202,859,3,244449.427,1,3,4,8,At Risk
2203,827,4,212071.7015,1,4,4,9,Loyal Customers
2204,211,3,149152.415,4,3,3,10,Potential Loyalists
2206,189,3,69875.8285,4,3,2,9,Potential Loyalists
2207,73,5,222846.313,5,4,4,13,Champions
2208,765,1,89361.92000000001,1,1,2,4,Lost Customers
2210,576,2,158263.1075,2,3,3,8,At Risk
2211,342,6,357065.8275,3,5,5,13,Loyal Customers
2212,145,1,133191.71,4,1,3,8,New Customers
2213,281,3,62479.03399999999,3,3,2,8,Potential Loyalists
2214,126,2,240257.72999999998,4,3,4,11,Potential Loyalists
2215,32,8,449542.90750000003,5,5,5,15,Champions
2216,660,2,95360.79,2,3,2,7,At Risk
2217,580,2,58421.084,2,3,2,7,At Risk
2219,211,5,300081.872,4,4,4,12,Champions
2220,796,3,256356.568,1,3,4,8,At Risk
2222,738,1,110814.06,2,1,3,6,Lost Customers
2223,126,2,49584.314,4,3,1,8,Potential Loyalists
2224,339,3,176815.13,3,3,3,9,Potential Loyalists
2225,46,2,94852.062,5,3,2,10,Potential Loyalists
2226,1108,1,29121.174,1,1,1,3,Lost Customers
2227,146,1,6582.942,4,1,1,6,New Customers
2229,19,13,754756.304,5,5,5,15,Champions
2233,482,2,89307.50899999999,2,3,2,7,At Risk
2237,728,1,105382.38849999999,2,1,3,6,Lost Customers
2239,929,1,28573.515,1,1,1,3,Lost Customers
2241,370,3,203735.52,3,3,4,10,Potential Loyalists
2242,94,3,185750.4885,4,3,4,11,Potential Loyalists
2243,955,1,89309.44,1,1,2,4,Lost Customers
2244,1018,1,2705.055,1,1,1,3,Lost Customers
2245,98,5,208283.03999999998,4,4,4,12,Champions
2246,528,1,78894.7,2,1,2,5,Lost Customers
2247,174,3,144442.45849999998,4,3,3,10,Potential Loyalists
2248,1327,1,72258.90000000001,1,1,2,4,Lost Customers
2249,718,2,199794.9225,2,3,4,9,At Risk
2250,138,1,22208.16,4,1,1,6,New Customers
2251,173,3,174835.183,4,3,3,10,Potential Loyalists
2252,28,3,152516.7175,5,3,3,11,Potential Loyalists
2255,12,4,255201.063,5,4,4,13,Champions
2258,259,6,280755.946,3,5,4,12,Loyal Customers
2260,14,7,448162.348,5,5,5,15,Champions
2261,259,5,503472.6995,3,4,5,12,Loyal Customers
2262,556,2,204812.5515,2,3,4,9,At Risk
2264,1171,1,362.43149999999997,1,1,1,3,Lost Customers
2265,195,3,163871.625,4,3,3,10,Potential Loyalists
2267,690,1,51251.26,2,1,2,5,Lost Customers
2268,970,1,21865.584000000003,1,1,1,3,Lost Customers
2269,1139,1,3725.42,1,1,1,3,Lost Customers
2271,147,3,199664.40800000002,4,3,4,11,Potential Loyalists
2272,1192,1,49230.63,1,1,1,3,Lost Customers
2274,483,1,97117.82549999999,2,1,2,5,Lost Customers
2275,60,16,895304.466,5,5,5,15,Champions
2276,691,1,116794.17,2,1,3,6,Lost Customers
2277,197,1,34794.846000000005,4,1,1,6,New Customers
2278,234,3,128298.068,3,3,3,9,Potential Loyalists
2279,130,3,289752.58,4,3,4,11,Potential Loyalists
2280,390,5,189773.346,3,4,4,11,Loyal Customers
2281,500,1,218576.68,2,1,4,7,Lost Customers
2283,844,1,100606.5975,1,1,2,4,Lost Customers
2285,335,3,128371.485,3,3,3,9,Potential Loyalists
2286,31,4,220814.59,5,4,4,13,Champions
2287,33,18,803919.059,5,5,5,15,Champions
2291,11,3,181277.649,5,3,4,12,Potential Loyalists
2292,583,4,297709.11,2,4,4,10,Loyal Customers
2293,117,1,49875.912,4,1,2,7,New Customers
2295,619,1,7391.4525,2,1,1,4,Lost Customers
2296,1194,1,43836.94,1,1,1,3,Lost Customers
2297,168,5,331676.2755,4,4,5,13,Champions
2298,809,1,42477.229999999996,1,1,1,3,Lost Customers
2299,216,7,498727.348,4,5,5,14,Champions
2300,20,2,132621.494,5,3,3,11,Potential Loyalists
2301,393,3,199791.71850000002,3,3,4,10,Potential Loyalists
2302,862,1,137417.48,1,1,3,5,Lost Customers
2303,96,4,99249.936,4,4,2,10,Potential Loyalists
2305,393,1,41618.8305,3,1,1,5,Needs Attention
2306,463,2,147894.075,2,3,3,8,At Risk
2307,1202,1,81363.46,1,1,2,4,Lost Customers
2309,225,1,91016.56,3,1,2,6,Needs Attention
2310,17,10,750330.4535,5,5,5,15,Champions
2311,1160,1,26286.997499999998,1,1,1,3,Lost Customers
2312,760,4,139530.0565,2,4,3,9,Loyal Customers
2313,23,24,1557704.0735,5,5,5,15,Champions
2314,164,1,93108.92,4,1,2,7,New Customers
2315,532,2,64999.765,2,3,2,7,At Risk
2316,44,2,92137.59999999999,5,3,2,10,Potential Loyalists
2318,322,1,46425.249,3,1,1,5,Needs Attention
2319,362,15,729927.4720000001,3,5,5,13,Loyal Customers
2321,930,2,107915.93800000001,1,3,3,7,At Risk
2322,874,1,73114.23,1,1,2,4,Lost Customers
2323,62,9,517446.182,5,5,5,15,Champions
2325,3,2,171281.709,5,3,3,11,Potential Loyalists
2326,85,3,105457.834,5,3,3,11,Potential Loyalists
2327,1079,2,69503.27600000001,1,3,2,6,At Risk
2328,191,4,303330.7035,4,4,4,12,Champions
2329,15,4,319877.397,5,4,5,14,Champions
2331,767,2,117139.54199999999,1,3,3,7,At Risk
2332,1289,1,130345.6335,1,1,3,5,Lost Customers
2334,1086,1,37693.46,1,1,1,3,Lost Customers
2335,463,1,37862.88,2,1,1,4,Lost Customers
2336,343,2,74692.34850000001,3,3,2,8,Potential Loyalists
2337,29,11,660841.0175,5,5,5,15,Champions
2339,44,10,500586.725,5,5,5,15,Champions
2340,377,3,204120.84350000002,3,3,4,10,Potential Loyalists
2341,54,1,106763.625,5,1,3,9,New Customers
2342,434,4,163339.76799999998,2,4,3,9,Loyal Customers
2344,1258,1,21306.510000000002,1,1,1,3,Lost Customers
2345,225,3,136624.2185,3,4,3,10,Loyal Customers
2346,24,2,93029.09,5,3,2,10,Potential Loyalists
2347,92,4,195195.62900000002,4,4,4,12,Champions
2348,112,6,315552.676,4,5,5,14,Champions
2351,435,3,235418.7465,2,4,4,10,Loyal Customers
2352,1198,1,59322.95,1,1,2,4,Lost Customers
2353,1035,1,21673.8,1,1,1,3,Lost Customers
2355,269,3,137818.4855,3,4,3,10,Loyal Customers
2356,219,1,60784.58,3,1,2,6,Needs Attention
2357,184,3,157060.736,4,4,3,11,Loyal Customers
2358,971,2,48233.456999999995,1,3,1,5,At Risk
2360,54,12,886097.8955,5,5,5,15,Champions
2361,213,1,106289.91,4,1,3,8,New Customers
2362,623,1,15191.154000000002,2,1,1,4,Lost Customers
2364,1162,1,95383.07,1,1,2,4,Lost Customers
2365,643,5,181950.669,2,4,4,10,Loyal Customers
2366,944,2,361660.04,1,3,5,9,At Risk
2368,10,53,3902712.196,5,5,5,15,Champions
2369,803,1,4012.8975,1,1,1,3,Lost Customers
2370,370,2,249212.393,3,3,4,10,Potential Loyalists
2371,635,3,246708.98799999998,2,4,4,10,Loyal Customers
2373,42,7,338311.4355,5,5,5,15,Champions
2375,84,13,468548.2905,5,5,5,15,Champions
2376,246,1,51602.200000000004,3,1,2,6,Needs Attention
2377,67,8,412900.46249999997,5,5,5,15,Champions
2379,35,1,8961.198,5,1,1,7,New Customers
2381,256,4,193592.171,3,4,4,11,Loyal Customers
2382,50,1,62514.315,5,1,2,8,New Customers
2383,337,3,156408.64,3,4,3,10,Loyal Customers
2387,418,6,390326.801,3,5,5,13,Loyal Customers
2390,704,1,88075.62,2,1,2,5,Lost Customers
2394,147,6,280992.59,4,5,4,13,Champions
2395,1015,2,135357.86000000002,1,3,3,7,At Risk
2396,456,3,316117.356,2,4,5,11,Loyal Customers
2397,331,1,55192.5,3,1,2,6,Needs Attention
2398,174,1,45530.65,4,1,1,6,New Customers
2399,441,2,74224.036,2,3,2,7,At Risk
2400,89,4,201663.286,4,4,4,12,Champions
2401,1295,1,65003.89,1,1,2,4,Lost Customers
2404,218,5,319407.2,3,4,5,12,Loyal Customers
2406,210,2,220906.56450000004,4,3,4,11,Potential Loyalists
2407,80,1,24309.914999999997,5,1,1,7,New Customers
2408,866,4,294213.626,1,4,4,9,Loyal Customers
2409,165,5,234692.9095,4,4,4,12,Champions
2411,217,2,140150.74,4,3,3,10,Potential Loyalists
2412,31,5,319737.99,5,4,5,14,Champions
2413,4,3,135171.215,5,4,3,12,Loyal Customers
2414,24,3,227879.5865,5,4,4,13,Champions
2416,692,2,83626.32999999999,2,3,2,7,At Risk
2418,394,2,82105.34999999999,3,3,2,8,Potential Loyalists
2420,216,1,12038.692500000001,4,1,1,6,New Customers
2421,70,4,194264.2505,5,4,4,13,Champions
2424,575,2,120074.9485,2,3,3,8,At Risk
2425,180,3,26113.6725,4,4,1,9,Potential Loyalists
2426,75,7,203675.687,5,5,4,14,Champions
2427,131,10,542085.3944999999,4,5,5,14,Champions
2428,611,5,321144.369,2,4,5,11,Loyal Customers
2429,383,1,74307.04000000001,3,1,2,6,Needs Attention
2430,270,1,7165.530000000001,3,1,1,5,Needs Attention
2431,214,4,202981.6155,4,4,4,12,Champions
2432,996,1,196461.657,1,1,4,6,Lost Customers
2433,1092,1,101739.37,1,1,2,4,Lost Customers
2434,298,3,197461.935,3,4,4,11,Loyal Customers
2436,136,5,289797.754,4,4,4,12,Champions
2437,235,1,15256.75,3,1,1,5,Needs Attention
2438,426,4,261379.2825,3,4,4,11,Loyal Customers
2439,6,44,2323609.395,5,5,5,15,Champions
2440,1108,1,18500.295,1,1,1,3,Lost Customers
2441,613,1,20385.495000000003,2,1,1,4,Lost Customers
2443,477,4,136728.5335,2,4,3,9,Loyal Customers
2444,80,4,171470.377,5,4,3,12,Loyal Customers
2445,131,6,408805.684,4,5,5,14,Champions
2446,129,1,154826.81,4,1,3,8,New Customers
2447,315,2,139187.70049999998,3,3,3,9,Potential Loyalists
2448,221,10,443793.471,3,5,5,13,Loyal Customers
2449,372,5,260419.2685,3,4,4,11,Loyal Customers
2452,53,18,801733.4805,5,5,5,15,Champions
2453,406,4,311449.0965,3,4,4,11,Loyal Customers
2454,98,8,563842.204,4,5,5,14,Champions
2455,200,9,594894.819,4,5,5,14,Champions
2456,672,1,32589.303499999998,2,1,1,4,Lost Customers
2457,761,1,47490.452,2,1,1,4,Lost Customers
2458,247,4,187511.8275,3,4,4,11,Loyal Customers
2459,240,2,129535.17,3,3,3,9,Potential Loyalists
2460,245,5,166968.3125,3,4,3,10,Loyal Customers
2462,445,4,170548.261,2,4,3,9,Loyal Customers
2463,584,1,94985.4,2,1,2,5,Lost Customers
2469,57,9,670353.9025,5,5,5,15,Champions
2470,837,1,54702.3205,1,1,2,4,Lost Customers
2473,270,3,144703.029,3,4,3,10,Loyal Customers
2474,199,1,28154.584,4,1,1,6,New Customers
2475,509,3,278669.8725,2,4,4,10,Loyal Customers
2476,831,3,79542.76250000001,1,4,2,7,At Risk
2478,834,1,56481.276,1,1,2,4,Lost Customers
2479,180,11,906441.2265,4,5,5,14,Champions
2480,316,5,142585.481,3,4,3,10,Loyal Customers
2481,1130,3,317629.613,1,4,5,10,Loyal Customers
2483,482,2,92966.82750000001,2,3,2,7,At Risk
2484,364,1,78516.885,3,1,2,6,Needs Attention
2486,137,2,188397.88,4,3,4,11,Potential Loyalists
2487,191,4,149681.29,4,4,3,11,Loyal Customers
2488,1177,1,60473.076499999996,1,1,2,4,Lost Customers
2489,567,3,64951.3385,2,4,2,8,At Risk
2490,116,3,164238.99349999998,4,4,3,11,Loyal Customers
2492,115,8,563259.244,4,5,5,14,Champions
2494,216,5,293551.066,4,4,4,12,Champions
2495,758,1,87934.635,2,1,2,5,Lost Customers
2497,12,2,236839.02000000002,5,3,4,12,Potential Loyalists
2499,182,5,276523.181,4,4,4,12,Champions
2500,673,2,209724.5,2,3,4,9,At Risk
2502,582,1,28967.712000000003,2,1,1,4,Lost Customers
2503,127,1,16941.987,4,1,1,6,New Customers
2504,152,1,39665.2245,4,1,1,6,New Customers
2505,117,5,335916.6545,4,4,5,13,Champions
2506,1230,1,8696.231,1,1,1,3,Lost Customers
2507,20,6,449395.204,5,5,5,15,Champions
2508,148,16,829922.9615,4,5,5,14,Champions
2510,104,2,114043.3235,4,3,3,10,Potential Loyalists
2511,600,1,20100.968,2,1,1,4,Lost Customers
2512,188,3,71407.68,4,4,2,10,Potential Loyalists
2513,201,1,12060.83,4,1,1,6,New Customers
2514,24,27,1707077.87,5,5,5,15,Champions
2515,60,6,321236.859,5,5,5,15,Champions
2516,196,5,174100.213,4,4,3,11,Loyal Customers
2517,146,4,347519.12700000004,4,4,5,13,Champions
2518,523,8,594383.624,2,5,5,12,Loyal Customers
2519,721,4,365250.3615,2,4,5,11,Loyal Customers
2520,133,1,85601.29,4,1,2,7,New Customers
2521,1147,1,45337.115999999995,1,1,1,3,Lost Customers
2523,331,1,94852.58,3,1,2,6,Needs Attention
2525,141,1,41299.35,4,1,1,6,New Customers
2526,794,1,53146.61,1,1,2,4,Lost Customers
2527,47,16,810129.778,5,5,5,15,Champions
2532,509,3,167317.624,2,4,3,9,Loyal Customers
2533,54,2,91418.01649999998,5,3,2,10,Potential Loyalists
2534,5,2,140481.19,5,3,3,11,Potential Loyalists
2536,215,5,323993.875,4,4,5,13,Champions
2537,860,2,45809.4655,1,3,1,5,At Risk
2539,1074,1,41255.67,1,1,1,3,Lost Customers
2540,363,1,48197.97749999999,3,1,1,5,Needs Attention
2543,1256,1,97103.81,1,1,2,4,Lost Customers
2545,895,1,172002.66,1,1,3,5,Lost Customers
2546,117,1,15728.46,4,1,1,6,New Customers
2547,302,6,203984.836,3,5,4,12,Loyal Customers
2548,270,2,120183.11499999999,3,3,3,9,Potential Loyalists
2549,878,2,245945.728,1,3,4,8,At Risk
2550,608,2,171730.116,2,3,3,8,At Risk
2551,367,1,214685.56,3,1,4,8,Needs Attention
2552,29,9,772950.3575,5,5,5,15,Champions
2554,29,1,77626.584,5,1,2,8,New Customers
2561,820,1,22707.808,1,1,1,3,Lost Customers
2562,658,2,119045.365,2,3,3,8,At Risk
2564,993,2,142002.89,1,3,3,7,At Risk
2569,86,4,279506.565,5,4,4,13,Champions
2570,530,2,67125.74,2,3,2,7,At Risk
2572,1101,1,34696.604999999996,1,1,1,3,Lost Customers
2573,380,3,129315.07800000001,3,4,3,10,Loyal Customers
2576,868,1,1975.4880000000003,1,1,1,3,Lost Customers
2578,650,3,144354.64549999998,2,4,3,9,Loyal Customers
2579,903,4,237978.25,1,4,4,9,Loyal Customers
2580,458,2,61076.089499999995,2,3,2,7,At Risk
2581,350,2,137712.8175,3,3,3,9,Potential Loyalists
2583,448,6,340071.2315,2,5,5,12,Loyal Customers
2584,116,4,428802.00549999997,4,4,5,13,Champions
2585,152,1,197788.53149999998,4,1,4,9,New Customers
2586,678,2,91711.8995,2,3,2,7,At Risk
2587,121,6,334610.816,4,5,5,14,Champions
2588,470,3,138311.977,2,4,3,9,Loyal Customers
2590,611,2,53474.86699999999,2,3,2,7,At Risk
2591,993,2,71148.8825,1,3,2,6,At Risk
2593,62,8,455238.483,5,5,5,15,Champions
2595,128,6,500595.1545,4,5,5,14,Champions
2596,81,1,54192.944,5,1,2,8,New Customers
2597,94,4,236919.31499999997,4,4,4,12,Champions
2599,212,3,348840.213,4,4,5,13,Champions
2600,952,2,139479.2645,1,3,3,7,At Risk
2602,695,2,34957.6155,2,3,1,6,At Risk
2603,1015,2,183165.8045,1,3,4,8,At Risk
2604,271,1,65884.554,3,1,2,6,Needs Attention
2605,866,1,10828.74,1,1,1,3,Lost Customers
2606,1248,1,29206.3,1,1,1,3,Lost Customers
2607,360,5,157030.572,3,4,3,10,Loyal Customers
2608,709,1,102298.34150000001,2,1,2,5,Lost Customers
2609,107,9,579707.627,4,5,5,14,Champions
2611,191,10,874331.096,4,5,5,14,Champions
2612,348,3,151627.046,3,4,3,10,Loyal Customers
2613,790,2,79473.58499999999,1,3,2,6,At Risk
2615,466,1,41642.9775,2,1,1,4,Lost Customers
2616,196,1,56433.48,4,1,2,7,New Customers
2617,509,3,186502.041,2,4,4,10,Loyal Customers
2618,772,2,193580.38,1,3,4,8,At Risk
2619,661,2,46896.244999999995,2,3,1,6,At Risk
2620,517,3,192803.93300000002,2,4,4,10,Loyal Customers
2622,230,6,414635.21300000005,3,5,5,13,Loyal Customers
2623,165,1,33760.2,4,1,1,6,New Customers
2624,10,19,987553.985,5,5,5,15,Champions
2626,28,5,249356.88549999997,5,4,4,13,Champions
2629,606,2,153850.017,2,3,3,8,At Risk
2630,85,5,362323.028,5,4,5,14,Champions
2631,91,7,411289.2025,4,5,5,14,Champions
2632,529,3,203498.636,2,4,4,10,Loyal Customers
2633,28,9,308766.665,5,5,4,14,Champions
2634,109,6,345786.69,4,5,5,14,Champions
2635,708,4,245850.948,2,4,4,10,Loyal Customers
2636,17,3,137240.658,5,4,3,12,Loyal Customers
2637,837,1,7952.97,1,1,1,3,Lost Customers
2638,844,1,23074.392000000003,1,1,1,3,Lost Customers
2639,276,3,93153.292,3,4,2,9,Potential Loyalists
2640,272,14,892066.713,3,5,5,13,Loyal Customers
2641,71,20,986107.4635000001,5,5,5,15,Champions
2642,261,9,532590.455,3,5,5,13,Loyal Customers
2644,44,4,311110.7,5,4,4,13,Champions
2645,799,1,109611.722,1,1,3,5,Lost Customers
2646,30,26,1151211.718,5,5,5,15,Champions
2648,17,3,109799.35500000001,5,4,3,12,Loyal Customers
2649,404,3,116837.523,3,4,3,10,Loyal Customers
2650,176,1,81459.664,4,1,2,7,New Customers
2651,675,1,24434.117,2,1,1,4,Lost Customers
2652,133,5,282299.56100000005,4,4,4,12,Champions
2653,41,5,330973.646,5,4,5,14,Champions
2655,411,4,168011.5555,3,4,3,10,Loyal Customers
2656,662,1,31747.6795,2,1,1,4,Lost Customers
2658,207,2,151204.24,4,3,3,10,Potential Loyalists
2659,44,4,167613.8455,5,4,3,12,Loyal Customers
2660,705,2,47384.634,2,3,1,6,At Risk
2661,139,2,265259.114,4,3,4,11,Potential Loyalists
2662,147,3,82218.09,4,4,2,10,Potential Loyalists
2664,82,2,139270.64,5,3,3,11,Potential Loyalists
2665,926,2,320252.6355,1,3,5,9,At Risk
2666,731,1,22003.11,2,1,1,4,Lost Customers
2667,1317,1,70224.81,1,1,2,4,Lost Customers
2668,17,12,790478.855,5,5,5,15,Champions
2671,320,3,173677.837,3,4,3,10,Loyal Customers
2672,131,6,215714.8235,4,5,4,13,Champions
2673,230,6,267553.126,3,5,4,12,Loyal Customers
2674,90,5,449967.01300000004,4,4,5,13,Champions
2675,70,2,112704.395,5,3,3,11,Potential Loyalists
2676,83,1,52566.15,5,1,2,8,New Customers
2678,476,1,80186.016,2,1,2,5,Lost Customers
2681,219,6,133729.7715,3,5,3,11,Loyal Customers
2682,71,3,179234.269,5,4,4,13,Champions
2684,612,2,75981.13750000001,2,3,2,7,At Risk
2685,1076,1,88279.60999999999,1,1,2,4,Lost Customers
2686,691,2,280579.08400000003,2,3,4,9,At Risk
2687,189,6,375244.25299999997,4,5,5,14,Champions
2688,315,4,187967.367,3,4,4,11,Loyal Customers
2689,33,11,598500.323,5,5,5,15,Champions
2690,1088,1,123477.97,1,1,3,5,Lost Customers
2691,493,2,228951.88,2,3,4,9,At Risk
2692,113,3,233517.0805,4,4,4,12,Champions
2693,683,1,81826.91,2,1,2,5,Lost Customers
2695,1048,1,24091.524,1,1,1,3,Lost Customers
2696,888,1,435.48,1,1,1,3,Lost Customers
2699,517,4,149509.2655,2,4,3,9,Loyal Customers
2700,421,10,607405.905,3,5,5,13,Loyal Customers
2701,318,1,13214.480000000001,3,1,1,5,Needs Attention
2702,303,4,94073.242,3,4,2,9,Potential Loyalists
2703,158,4,199550.734,4,4,4,12,Champions
2704,646,2,154883.091,2,3,3,8,At Risk
2705,26,1,14231.7,5,1,1,7,New Customers
2706,72,7,227650.70399999997,5,5,4,14,Champions
2707,869,1,35355.62,1,1,1,3,Lost Customers
2708,29,14,931317.204,5,5,5,15,Champions
2709,479,2,148892.84,2,3,3,8,At Risk
2711,962,7,438409.9575,1,5,5,11,Loyal Customers
2712,170,3,84446.3685,4,4,2,10,Potential Loyalists
2713,21,22,1174740.487,5,5,5,15,Champions
2714,140,3,119402.825,4,4,3,11,Loyal Customers
2715,57,10,640381.8135,5,5,5,15,Champions
2716,443,2,22504.880999999998,2,3,1,6,At Risk
2717,447,3,79142.866,2,4,2,8,At Risk
2718,36,4,332894.6645,5,4,5,14,Champions
2719,579,2,108308.325,2,3,3,8,At Risk
2720,200,6,573724.2195,4,5,5,14,Champions
2724,258,2,116242.678,3,3,3,9,Potential Loyalists
2725,293,1,69065.28,3,1,2,6,Needs Attention
2726,803,1,60650.689999999995,1,1,2,4,Lost Customers
2727,332,9,674647.754,3,5,5,13,Loyal Customers
2728,468,2,19567.6515,2,3,1,6,At Risk
2729,802,4,278023.515,1,4,4,9,Loyal Customers
2732,487,2,67312.072,2,3,2,7,At Risk
2733,153,3,152518.09350000002,4,4,3,11,Loyal Customers
2735,55,7,548235.804,5,5,5,15,Champions
2736,767,1,26397.336000000003,1,1,1,3,Lost Customers
2737,1303,1,93151.36000000002,1,1,2,4,Lost Customers
2740,141,9,594432.787,4,5,5,14,Champions
2741,603,4,314970.452,2,4,4,10,Loyal Customers
2742,1236,1,52895.636,1,1,2,4,Lost Customers
2745,6,4,251430.43199999997,5,4,4,13,Champions
2746,26,10,546017.719,5,5,5,15,Champions
2748,96,5,282999.7475,4,4,4,12,Champions
2753,372,4,166540.22950000002,3,4,3,10,Loyal Customers
2754,972,1,7016.823,1,1,1,3,Lost Customers
2755,171,4,281638.286,4,4,4,12,Champions
2757,93,13,682189.512,4,5,5,14,Champions
2758,161,1,35166.465000000004,4,1,1,6,New Customers
2759,151,7,420888.87799999997,4,5,5,14,Champions
2760,53,4,237249.5015,5,4,4,13,Champions
2761,63,17,1107743.7105,5,5,5,15,Champions
2762,381,4,250076.4475,3,4,4,11,Loyal Customers
2763,62,1,42699.7,5,1,1,7,New Customers
2767,174,1,70884.11799999999,4,1,2,7,New Customers
2768,33,8,448681.08,5,5,5,15,Champions
2770,449,4,139242.15149999998,2,4,3,9,Loyal Customers
2771,1034,1,13052.658,1,1,1,3,Lost Customers
2772,871,1,20822.5465,1,1,1,3,Lost Customers
2773,289,3,167095.976,3,4,3,10,Loyal Customers
2774,157,1,2719.6125,4,1,1,6,New Customers
2775,744,1,57562.488,2,1,2,5,Lost Customers
2777,37,8,504893.02249999996,5,5,5,15,Champions
2778,254,4,176084.543,3,4,3,10,Loyal Customers
2779,293,17,846112.5425,3,5,5,13,Loyal Customers
2780,466,1,22456.04,2,1,1,4,Lost Customers
2781,420,2,153785.778,3,3,3,9,Potential Loyalists
2784,686,2,197290.8885,2,3,4,9,At Risk
2785,657,2,117857.37049999999,2,3,3,8,At Risk
2786,901,1,102469.89,1,1,2,4,Lost Customers
2787,896,1,30522.852,1,1,1,3,Lost Customers
2788,481,7,351140.449,2,5,5,12,Loyal Customers
2789,1080,2,23458.351,1,3,1,5,At Risk
2790,61,2,139843.211,5,3,3,11,Potential Loyalists
2791,1056,1,6406.88,1,1,1,3,Lost Customers
2793,363,2,106141.3425,3,3,3,9,Potential Loyalists
2794,600,2,56402.004,2,3,2,7,At Risk
2796,105,4,198484.53650000002,4,4,4,12,Champions
2797,20,1,112991.9265,5,1,3,9,New Customers
2798,368,2,208092.537,3,3,4,10,Potential Loyalists
2800,32,2,176883.99099999998,5,3,3,11,Potential Loyalists
2801,189,6,569495.335,4,5,5,14,Champions
2802,522,3,77337.178,2,4,2,8,At Risk
2803,1330,1,61321.227,1,1,2,4,Lost Customers
2804,1061,1,13478.01,1,1,1,3,Lost Customers
2806,25,1,36224.42,5,1,1,7,New Customers
2808,186,2,98073.12,4,3,2,9,Potential Loyalists
2809,182,5,344922.705,4,4,5,13,Champions
2810,933,2,45494.0945,1,3,1,5,At Risk
2811,64,4,359965.207,5,4,5,14,Champions
2812,404,2,158979.478,3,3,3,9,Potential Loyalists
2813,280,2,148530.54,3,3,3,9,Potential Loyalists
2816,1037,1,31308.74,1,1,1,3,Lost Customers
2818,842,1,2935.59,1,1,1,3,Lost Customers
2820,318,2,147009.8,3,3,3,9,Potential Loyalists
2822,920,4,135754.8745,1,4,3,8,Loyal Customers
2823,459,1,18253.5545,2,1,1,4,Lost Customers
2824,386,4,216740.06699999998,3,4,4,11,Loyal Customers
2827,313,3,196872.684,3,4,4,11,Loyal Customers
2829,443,2,124765.8455,2,3,3,8,At Risk
2830,447,2,86789.592,2,3,2,7,At Risk
2831,80,2,96558.91,5,3,2,10,Potential Loyalists
2832,219,2,74114.3825,3,3,2,8,Potential Loyalists
2833,565,4,195933.56749999998,2,4,4,10,Loyal Customers
2837,73,2,190450.08899999998,5,3,4,12,Potential Loyalists
2841,162,2,124759.892,4,3,3,10,Potential Loyalists
2842,151,4,281932.403,4,4,4,12,Champions
2843,1034,1,30453.992000000002,1,1,1,3,Lost Customers
2845,48,18,1092715.6535,5,5,5,15,Champions
2846,196,1,72359.11000000002,4,1,2,7,New Customers
2847,99,8,407710.4735,4,5,5,14,Champions
2848,228,3,256643.661,3,4,4,11,Loyal Customers
2849,164,4,211671.19299999997,4,4,4,12,Champions
2851,212,1,82803.9475,4,1,2,7,New Customers
2853,923,1,49628.355,1,1,1,3,Lost Customers
2855,178,3,133232.3455,4,4,3,11,Loyal Customers
2856,103,2,167600.1885,4,3,3,10,Potential Loyalists
2857,786,3,162173.469,1,4,3,8,Loyal Customers
2859,188,1,25737.0075,4,1,1,6,New Customers
2860,243,2,79694.3995,3,3,2,8,Potential Loyalists
2862,863,2,84835.79,1,3,2,6,At Risk
2863,353,7,567378.9565,3,5,5,13,Loyal Customers
2865,213,2,127723.5015,4,3,3,10,Potential Loyalists
2866,408,4,252454.494,3,4,4,11,Loyal Customers
2868,242,11,549407.8505000001,3,5,5,13,Loyal Customers
2869,103,19,1089833.138,4,5,5,14,Champions
2870,378,1,77045.79000000001,3,1,2,6,Needs Attention
2872,143,2,125183.185,4,3,3,10,Potential Loyalists
2873,668,4,167546.2755,2,4,3,9,Loyal Customers
2874,49,2,96450.38,5,3,2,10,Potential Loyalists
2875,663,2,203503.95799999998,2,3,4,9,At Risk
2876,309,7,535313.53,3,5,5,13,Loyal Customers
2878,172,3,117646.489,4,4,3,11,Loyal Customers
2879,176,1,12434.446,4,1,1,6,New Customers
2880,1102,1,53831.490000000005,1,1,2,4,Lost Customers
2881,305,4,355130.4125,3,4,5,12,Loyal Customers
2882,42,5,318926.08050000004,5,4,5,14,Champions
2885,87,4,62942.7065,5,4,2,11,Potential Loyalists
2887,23,7,577308.5645000001,5,5,5,15,Champions
2888,617,1,34977.016,2,1,1,4,Lost Customers
2889,237,3,195107.36000000002,3,4,4,11,Loyal Customers
2890,586,2,115826.5035,2,3,3,8,At Risk
2892,143,9,416369.062,4,5,5,14,Champions
2893,342,2,173289.5625,3,3,3,9,Potential Loyalists
2895,1203,1,72164.9065,1,1,2,4,Lost Customers
2897,671,1,35893.53,2,1,1,4,Lost Customers
2899,341,2,209849.642,3,3,4,10,Potential Loyalists
2900,40,10,739229.6885,5,5,5,15,Champions
2902,262,5,273128.225,3,4,4,11,Loyal Customers
2903,598,1,34207.06,2,1,1,4,Lost Customers
2904,1145,2,157905.576,1,3,3,7,At Risk
2905,79,4,164051.91999999998,5,4,3,12,Loyal Customers
2906,1198,1,25535.496499999997,1,1,1,3,Lost Customers
2907,27,10,642218.8165,5,5,5,15,Champions
2908,1325,1,44604.872,1,1,1,3,Lost Customers
2909,751,1,37505.0,2,1,1,4,Lost Customers
2910,414,6,398036.081,3,5,5,13,Loyal Customers
2911,796,1,38296.009999999995,1,1,1,3,Lost Customers
2912,18,5,483577.16599999997,5,4,5,14,Champions
2913,318,6,311462.9655,3,5,4,12,Loyal Customers
2918,269,6,184305.4855,3,5,4,12,Loyal Customers
2919,773,1,22230.432000000004,1,1,1,3,Lost Customers
2920,195,1,71010.29599999999,4,1,2,7,New Customers
2921,55,2,102194.524,5,3,2,10,Potential Loyalists
2923,741,3,200658.32,2,4,4,10,Loyal Customers
2925,211,9,691936.0745,4,5,5,14,Champions
2926,1176,1,102287.45,1,1,2,4,Lost Customers
2927,991,1,21949.014499999997,1,1,1,3,Lost Customers
2930,212,16,799451.6425,4,5,5,14,Champions
2932,226,4,262728.4595,3,4,4,11,Loyal Customers
2936,9,3,295165.914,5,4,4,13,Champions
2937,298,2,104518.63,3,3,3,9,Potential Loyalists
2938,606,2,24511.377,2,3,1,6,At Risk
2939,474,7,439906.7735,2,5,5,12,Loyal Customers
2942,154,5,239322.16950000002,4,4,4,12,Champions
2944,66,13,363378.2465,5,5,5,15,Champions
2947,416,4,239062.3545,3,4,4,11,Loyal Customers
2948,205,1,166566.3595,4,1,3,8,New Customers
2949,51,1,15321.824999999999,5,1,1,7,New Customers
2950,702,1,37752.6,2,1,1,4,Lost Customers
2953,226,2,27841.958000000002,3,3,1,7,Potential Loyalists
2955,26,7,529334.897,5,5,5,15,Champions
2957,28,5,218215.949,5,4,4,13,Champions
2958,726,1,4477.072,2,1,1,4,Lost Customers
2959,291,2,221443.695,3,3,4,10,Potential Loyalists
2961,110,1,5950.200000000001,4,1,1,6,New Customers
2962,535,1,41830.52,2,1,1,4,Lost Customers
2963,12,1,68912.85749999998,5,1,2,8,New Customers
2964,266,1,119004.51,3,1,3,7,Needs Attention
2965,1288,1,30136.32,1,1,1,3,Lost Customers
2966,248,1,8598.852,3,1,1,5,Needs Attention
2967,1300,1,28219.32,1,1,1,3,Lost Customers
2968,106,1,65593.22499999999,4,1,2,7,New Customers
2969,460,3,125083.2915,2,4,3,9,Loyal Customers
2970,665,1,23058.2,2,1,1,4,Lost Customers
2973,29,5,152532.1215,5,4,3,12,Loyal Customers
2975,334,1,27752.22,3,2,1,6,Needs Attention
2976,243,2,127635.965,3,3,3,9,Potential Loyalists
2977,555,1,51357.96,2,2,2,6,Lost Customers
2978,82,3,264507.36,5,4,4,13,Champions
2979,272,7,501147.20499999996,3,5,5,13,Loyal Customers
2980,39,1,85136.274,5,2,2,9,New Customers
2982,612,4,237709.3385,2,4,4,10,Loyal Customers
2983,319,1,166805.66449999998,3,2,3,8,Needs Attention
2984,361,3,106181.71250000001,3,4,3,10,Loyal Customers
2985,138,3,180959.32150000002,4,4,4,12,Champions
2986,255,4,135089.763,3,4,3,10,Loyal Customers
2989,18,3,104925.94750000001,5,4,3,12,Loyal Customers
2990,59,1,65337.100000000006,5,2,2,9,New Customers
2991,399,1,54994.53,3,2,2,7,Needs Attention
2992,1165,1,49178.45849999999,1,2,1,4,Lost Customers
2993,473,3,153499.131,2,4,3,9,Loyal Customers
2994,710,6,288786.62200000003,2,5,4,11,Loyal Customers
2995,163,5,236456.70500000002,4,4,4,12,Champions
2996,454,2,191850.839,2,3,4,9,At Risk
2997,783,1,151434.152,1,2,3,6,Lost Customers
2998,1196,1,78509.98999999999,1,2,2,5,Lost Customers
2999,587,3,351986.82999999996,2,4,5,11,Loyal Customers
3001,223,4,260575.9145,3,4,4,11,Loyal Customers
3006,783,3,209270.64649999997,1,4,4,9,Loyal Customers
3007,317,1,23716.1985,3,2,1,6,Needs Attention
3008,821,2,13949.285,1,3,1,5,At Risk
3011,598,1,106454.07,2,2,3,7,Lost Customers
3012,277,5,373099.058,3,4,5,12,Loyal Customers
3014,4,155,8688891.7795,5,5,5,15,Champions
3015,94,2,172295.89899999998,4,3,3,10,Potential Loyalists
3016,130,7,474605.7915,4,5,5,14,Champions
3019,1129,1,36363.087,1,2,1,4,Lost Customers
3020,161,7,492453.1145,4,5,5,14,Champions
3021,28,2,64263.6265,5,3,2,10,Potential Loyalists
3022,118,8,428814.3505,4,5,5,14,Champions
3023,206,2,64680.58,4,3,2,9,Potential Loyalists
3024,369,5,253635.34949999998,3,4,4,11,Loyal Customers
3025,5,2,232784.72,5,3,4,12,Potential Loyalists
3027,425,3,175928.191,3,4,3,10,Loyal Customers
3029,183,5,353428.949,4,4,5,13,Champions
3032,808,1,107420.25,1,2,3,6,Lost Customers
3033,463,2,77394.698,2,3,2,7,At Risk
3036,46,5,305182.257,5,4,4,13,Champions
3037,1284,1,72280.22,1,2,2,5,Lost Customers
3039,557,1,21707.0475,2,2,1,5,Lost Customers
3040,1261,2,229914.3665,1,3,4,8,At Risk
3041,20,9,404283.34249999997,5,5,5,15,Champions
3042,445,2,108191.635,2,3,3,8,At Risk
3043,8,1,55975.50400000001,5,2,2,9,New Customers
3044,535,1,34172.925,2,2,1,5,Lost Customers
3045,339,3,119037.82,3,4,3,10,Loyal Customers
3046,665,2,33911.428,2,3,1,6,At Risk
3047,574,4,428194.2025,2,4,5,11,Loyal Customers
3048,966,1,8339.39,1,2,1,4,Lost Customers
3049,963,2,104503.4775,1,3,3,7,At Risk
3053,70,7,678070.926,5,5,5,15,Champions
3054,1236,1,73427.796,1,2,2,5,Lost Customers
3055,807,4,223817.1955,1,4,4,9,Loyal Customers
3057,81,7,362403.6265,5,5,5,15,Champions
3058,71,3,119508.098,5,4,3,12,Loyal Customers
3059,17,4,195923.405,5,4,4,13,Champions
3061,81,13,851767.017,5,5,5,15,Champions
3062,1098,2,253415.87,1,3,4,8,At Risk
3063,1193,1,23458.0,1,2,1,4,Lost Customers
3064,1253,1,66702.087,1,2,2,5,Lost Customers
3065,1281,1,48220.04,1,2,1,4,Lost Customers
3067,1079,1,153465.32,1,2,3,6,Lost Customers
3068,1204,1,92269.285,1,2,2,5,Lost Customers
3070,234,10,573484.431,3,5,5,13,Loyal Customers
3071,355,3,58359.61,3,4,2,9,Potential Loyalists
3072,147,6,234003.935,4,5,4,13,Champions
3073,923,3,99978.8745,1,4,2,7,At Risk
3074,353,2,77062.732,3,3,2,8,Potential Loyalists
3075,369,2,258594.18,3,3,4,10,Potential Loyalists
3076,1151,1,10338.9355,1,2,1,4,Lost Customers
3077,72,12,715631.565,5,5,5,15,Champions
3078,811,1,17042.969999999998,1,2,1,4,Lost Customers
3079,20,7,506724.77,5,5,5,15,Champions
3080,296,4,311844.9015,3,4,4,11,Loyal Customers
3081,391,2,150714.63749999998,3,3,3,9,Potential Loyalists
3082,15,9,232595.338,5,5,4,14,Champions
3083,93,1,134069.5955,4,2,3,9,New Customers
3084,266,6,372102.864,3,5,5,13,Loyal Customers
3085,756,1,82170.45,2,2,2,6,Lost Customers
3087,136,9,310342.795,4,5,4,13,Champions
3088,132,2,185008.645,4,3,4,11,Potential Loyalists
3089,562,1,7077.807,2,2,1,5,Lost Customers
3090,932,2,110636.028,1,3,3,7,At Risk
3093,8,5,284612.075,5,4,4,13,Champions
3095,790,1,15067.626999999999,1,2,1,4,Lost Customers
3096,695,1,32786.96000000001,2,2,1,5,Lost Customers
3098,83,2,158627.76,5,3,3,11,Potential Loyalists
3099,603,5,194884.686,2,4,4,10,Loyal Customers
3100,79,8,663956.7725,5,5,5,15,Champions
3101,421,5,604999.599,3,4,5,12,Loyal Customers
3102,790,2,137539.152,1,3,3,7,At Risk
3103,42,7,187064.6875,5,5,4,14,Champions
3104,419,3,163807.06449999998,3,4,3,10,Loyal Customers
3105,188,2,88263.195,4,3,2,9,Potential Loyalists
3106,232,2,75948.89,3,3,2,8,Potential Loyalists
3107,1053,5,234908.7805,1,4,4,9,Loyal Customers
3108,336,3,129554.011,3,4,3,10,Loyal Customers
3109,131,3,150384.997,4,4,3,11,Loyal Customers
3110,65,7,301033.9215,5,5,4,14,Champions
3113,187,3,221912.11800000002,4,4,4,12,Champions
3114,828,1,47639.689999999995,1,2,1,4,Lost Customers
3115,112,1,177831.45,4,2,4,10,New Customers
3116,1059,1,41193.312000000005,1,2,1,4,Lost Customers
3117,1133,1,31544.672000000002,1,2,1,4,Lost Customers
3118,146,2,242414.733,4,3,4,11,Potential Loyalists
3119,51,16,1015632.33,5,5,5,15,Champions
3121,252,2,71374.0085,3,3,2,8,Potential Loyalists
3122,89,8,414803.896,4,5,5,14,Champions
3123,319,1,64209.55949999999,3,2,2,7,Needs Attention
3124,742,4,290249.17350000003,2,4,4,10,Loyal Customers
3126,495,1,5370.736000000001,2,2,1,5,Lost Customers
3127,371,7,575946.4175,3,5,5,13,Loyal Customers
3128,263,1,50024.86,3,2,2,7,Needs Attention
3129,425,1,45490.29,3,2,1,6,Needs Attention
3130,597,2,58851.731,2,3,2,7,At Risk
3132,665,2,115832.48449999999,2,3,3,8,At Risk
3133,990,2,120939.31999999999,1,3,3,7,At Risk
3136,8,9,456624.0315,5,5,5,15,Champions
3139,482,2,166434.151,2,3,3,8,At Risk
3140,67,2,79524.544,5,3,2,10,Potential Loyalists
3144,170,7,300209.234,4,5,4,13,Champions
3145,18,45,2772969.7945,5,5,5,15,Champions
3146,726,1,122803.51999999999,2,2,3,7,Lost Customers
3147,620,1,77224.56,2,2,2,6,Lost Customers
3149,375,5,416588.6175,3,4,5,12,Loyal Customers
3150,986,2,105659.4455,1,3,3,7,At Risk
3151,170,9,435399.728,4,5,5,14,Champions
3152,1011,2,141309.582,1,3,3,7,At Risk
3153,655,1,80640.1035,2,2,2,6,Lost Customers
3154,558,2,86683.67249999999,2,3,2,7,At Risk
3155,16,16,1265116.416,5,5,5,15,Champions
3156,49,4,352904.663,5,4,5,14,Champions
3158,239,3,127344.167,3,4,3,10,Loyal Customers
3160,1277,1,4330.908,1,2,1,4,Lost Customers
3161,104,2,10535.408000000001,4,3,1,8,Potential Loyalists
3162,515,9,281212.344,2,5,4,11,Loyal Customers
3163,46,3,95928.302,5,4,2,11,Potential Loyalists
3164,23,34,1737493.6905,5,5,5,15,Champions
3165,750,1,113784.82,2,2,3,7,Lost Customers
3166,176,10,497346.95,4,5,5,14,Champions
3167,401,3,258005.464,3,4,4,11,Loyal Customers
3169,802,1,75069.72,1,2,2,5,Lost Customers
3170,77,1,47215.296,5,2,1,8,New Customers
3171,261,4,302955.536,3,4,4,11,Loyal Customers
3172,369,5,392755.69,3,4,5,12,Loyal Customers
3173,620,1,146545.24000000002,2,2,3,7,Lost Customers
3174,715,2,140008.68099999998,2,3,3,8,At Risk
3175,53,1,14953.992000000002,5,2,1,8,New Customers
3176,161,1,1623.48,4,2,1,7,New Customers
3177,454,1,117618.20999999999,2,2,3,7,Lost Customers
3178,1060,1,128367.036,1,2,3,6,Lost Customers
3179,1325,1,1624.6349999999998,1,2,1,4,Lost Customers
3180,22,6,488523.1905,5,5,5,15,Champions
3181,387,7,412136.47250000003,3,5,5,13,Loyal Customers
3182,1331,1,150321.68,1,2,3,6,Lost Customers
3183,278,4,251106.91400000002,3,4,4,11,Loyal Customers
3184,646,1,18547.803,2,2,1,5,Lost Customers
3185,144,5,219960.235,4,4,4,12,Champions
3188,461,5,134076.2545,2,4,3,9,Loyal Customers
3191,826,3,235096.306,1,4,4,9,Loyal Customers
3194,372,3,231238.301,3,4,4,11,Loyal Customers
3195,5,5,300491.936,5,4,4,13,Champions
3196,673,1,82029.216,2,2,2,6,Lost Customers
3197,407,1,7829.8640000000005,3,2,1,6,Needs Attention
3198,655,1,39332.899999999994,2,2,1,5,Lost Customers
3199,705,2,157010.06199999998,2,3,3,8,At Risk
3200,594,1,58768.558,2,2,2,6,Lost Customers
3201,1313,1,5623.536,1,2,1,4,Lost Customers
3202,5,7,523479.251,5,5,5,15,Champions
3203,194,3,176605.6355,4,4,3,11,Loyal Customers
3204,93,17,1006145.7635,4,5,5,14,Champions
3205,354,6,396817.4925,3,5,5,13,Loyal Customers
3206,15,8,524709.5865,5,5,5,15,Champions
3208,1062,2,112008.0735,1,3,3,7,At Risk
3210,376,4,131138.617,3,4,3,10,Loyal Customers
3211,489,2,26254.675,2,3,1,6,At Risk
3212,1241,1,67508.38,1,2,2,5,Lost Customers
3213,88,3,508196.4555,5,4,5,14,Champions
3214,700,2,61696.9725,2,3,2,7,At Risk
3215,1253,1,16777.5225,1,2,1,4,Lost Customers
3217,319,1,5406.31,3,2,1,6,Needs Attention
3218,460,1,7766.13,2,2,1,5,Lost Customers
3219,198,3,184752.5105,4,4,4,12,Champions
3221,45,8,403380.4825,5,5,5,15,Champions
3222,46,1,60413.426999999996,5,2,2,9,New Customers
3223,218,2,103318.77799999999,3,3,2,8,Potential Loyalists
3224,18,3,178444.58,5,4,4,13,Champions
3225,955,1,85709.608,1,2,2,5,Lost Customers
3226,1134,1,112558.87,1,2,3,6,Lost Customers
3227,63,4,243046.488,5,4,4,13,Champions
3228,103,3,180034.908,4,4,4,12,Champions
3229,168,1,9803.7,4,2,1,7,New Customers
3230,859,2,127684.4785,1,3,3,7,At Risk
3232,61,2,64377.367,5,3,2,10,Potential Loyalists
3233,445,1,1711.34,2,2,1,5,Lost Customers
3235,94,8,608444.819,4,5,5,14,Champions
3236,406,2,221689.0835,3,3,4,10,Potential Loyalists
3237,2,9,487992.086,5,5,5,15,Champions
3238,633,2,143911.768,2,3,3,8,At Risk
3239,98,12,650297.2585,4,5,5,14,Champions
3240,980,1,8208.135,1,2,1,4,Lost Customers
3241,779,1,142.13,1,2,1,4,Lost Customers
3242,126,12,621853.934,4,5,5,14,Champions
3245,226,2,254377.43,3,3,4,10,Potential Loyalists
3246,104,7,528642.5175,4,5,5,14,Champions
3247,123,3,219524.313,4,4,4,12,Champions
3248,20,5,389949.117,5,4,5,14,Champions
3249,70,2,94634.437,5,3,2,10,Potential Loyalists
3250,8,25,1230051.42,5,5,5,15,Champions
3252,58,4,326072.82899999997,5,4,5,14,Champions
3253,212,2,54258.08800000001,4,3,2,9,Potential Loyalists
3254,178,3,88962.223,4,4,2,10,Potential Loyalists
3255,1264,1,43591.2975,1,2,1,4,Lost Customers
3258,700,1,85987.638,2,2,2,6,Lost Customers
3261,23,7,193320.2115,5,5,4,14,Champions
3262,687,3,126103.73,2,4,3,9,Loyal Customers
3263,127,2,130045.75,4,3,3,10,Potential Loyalists
3264,3,15,816116.201,5,5,5,15,Champions
3267,18,5,218755.808,5,4,4,13,Champions
3268,50,5,457358.832,5,4,5,14,Champions
3269,284,8,399975.668,3,5,5,13,Loyal Customers
3270,75,9,392306.3135,5,5,5,15,Champions
3271,454,3,108331.155,2,4,3,9,Loyal Customers
3272,561,1,8894.94,2,2,1,5,Lost Customers
3274,767,2,40850.637,1,3,1,5,At Risk
3277,371,3,229456.1085,3,4,4,11,Loyal Customers
3279,4,4,152823.298,5,4,3,12,Loyal Customers
3282,942,2,99995.83599999998,1,3,2,6,At Risk
3284,560,2,80045.75,2,3,2,7,At Risk
3287,814,4,320963.43499999994,1,4,5,10,Loyal Customers
3288,38,10,610345.879,5,5,5,15,Champions
3289,434,1,23686.704,2,2,1,5,Lost Customers
3291,248,2,167903.015,3,3,3,9,Potential Loyalists
3292,251,8,332852.6455,3,5,5,13,Loyal Customers
3295,576,4,96838.56199999999,2,4,2,8,At Risk
3296,169,2,154263.72999999998,4,3,3,10,Potential Loyalists
3298,461,3,144599.47,2,4,3,9,Loyal Customers
3301,94,4,113322.176,4,4,3,11,Loyal Customers
3302,214,9,621135.9705,4,5,5,14,Champions
3304,197,2,192766.532,4,3,4,11,Potential Loyalists
3305,317,1,16444.0235,3,2,1,6,Needs Attention
3306,62,8,624819.6549999999,5,5,5,15,Champions
3307,311,2,147780.214,3,3,3,9,Potential Loyalists
3309,1267,1,9855.27,1,2,1,4,Lost Customers
3311,58,1,122493.34400000001,5,2,3,10,New Customers
3312,281,2,63671.06249999999,3,3,2,8,Potential Loyalists
3314,842,4,165054.783,1,4,3,8,Loyal Customers
3315,366,2,161276.13999999998,3,3,3,9,Potential Loyalists
3316,210,2,181417.80949999997,4,3,4,11,Potential Loyalists
3317,26,4,162087.585,5,4,3,12,Loyal Customers
3318,1080,3,281608.4835,1,4,4,9,Loyal Customers
3320,59,8,574474.5975,5,5,5,15,Champions
3322,318,2,184480.83299999998,3,3,4,10,Potential Loyalists
3323,127,4,119015.774,4,4,3,11,Loyal Customers
3324,1142,1,33806.124,1,2,1,4,Lost Customers
3326,262,1,50477.46,3,2,2,7,Needs Attention
3327,478,3,114817.29,2,4,3,9,Loyal Customers
3329,15,5,219673.54499999998,5,4,4,13,Champions
3330,393,7,510705.844,3,5,5,13,Loyal Customers
3331,496,3,153436.2225,2,4,3,9,Loyal Customers
3332,357,4,258491.12550000002,3,4,4,11,Loyal Customers
3333,226,10,607469.587,3,5,5,13,Loyal Customers
3336,350,1,20966.386,3,2,1,6,Needs Attention
3337,392,4,269588.929,3,4,4,11,Loyal Customers
3338,756,1,40126.896,2,2,1,5,Lost Customers
3339,168,3,111870.06949999998,4,4,3,11,Loyal Customers
3341,284,1,65570.36799999999,3,2,2,7,Needs Attention
3343,250,3,104317.91399999999,3,4,3,10,Loyal Customers
3344,414,2,95120.46800000001,3,3,2,8,Potential Loyalists
3347,162,15,925078.2835,4,5,5,14,Champions
3348,1073,1,43736.73,1,2,1,4,Lost Customers
3349,78,9,468105.05950000003,5,5,5,15,Champions
3351,479,7,600465.3775,2,5,5,12,Loyal Customers
3353,272,3,196835.229,3,4,4,11,Loyal Customers
3358,302,4,286015.0035,3,4,4,11,Loyal Customers
3360,667,1,100161.61149999998,2,2,2,6,Lost Customers
3361,70,1,20892.0,5,2,1,8,New Customers
3363,196,4,109844.293,4,4,3,11,Loyal Customers
3367,1302,1,19239.134,1,2,1,4,Lost Customers
3370,932,1,108358.66799999999,1,2,3,6,Lost Customers
3371,147,12,542233.0464999999,4,5,5,14,Champions
3372,741,1,43400.88,2,2,1,5,Lost Customers
3373,990,1,25256.66,1,2,1,4,Lost Customers
3376,242,1,78227.0925,3,2,2,7,Needs Attention
3378,38,12,800553.6875,5,5,5,15,Champions
3379,91,6,484315.822,4,5,5,14,Champions
3380,406,4,287904.521,3,4,4,11,Loyal Customers
3381,115,3,154626.01849999998,4,4,3,11,Loyal Customers
3383,681,1,131039.895,2,2,3,7,Lost Customers
3384,86,9,427333.41000000003,5,5,5,15,Champions
3385,202,2,129734.33999999998,4,3,3,10,Potential Loyalists
3386,325,3,161091.248,3,4,3,10,Loyal Customers
3388,830,1,47994.824,1,2,1,4,Lost Customers
3389,103,12,876137.9765000001,4,5,5,14,Champions
3393,39,8,410268.8255,5,5,5,15,Champions
3394,861,2,179527.37999999998,1,3,4,8,At Risk
3395,129,6,308814.2745,4,5,4,13,Champions
3396,1246,1,165266.7975,1,2,3,6,Lost Customers
3397,111,4,282258.749,4,4,4,12,Champions
3398,911,2,107673.938,1,3,3,7,At Risk
3401,162,2,52501.270000000004,4,3,2,9,Potential Loyalists
3403,46,4,70222.087,5,4,2,11,Potential Loyalists
3404,1043,2,177228.51,1,3,4,8,At Risk
3405,557,2,85018.755,2,3,2,7,At Risk
3406,585,1,35451.72,2,2,1,5,Lost Customers
3407,628,3,107529.304,2,4,3,9,Loyal Customers
3408,32,7,229887.28699999998,5,5,4,14,Champions
3409,444,1,27465.048,2,2,1,5,Lost Customers
3410,9,11,757599.4155,5,5,5,15,Champions
3411,170,11,785058.629,4,5,5,14,Champions
3413,710,1,31640.543999999998,2,2,1,5,Lost Customers
3414,167,5,344026.4315,4,4,5,13,Champions
3415,827,1,111969.16200000001,1,2,3,6,Lost Customers
3418,206,2,135062.7,4,3,3,10,Potential Loyalists
3419,410,3,113805.07400000001,3,4,3,10,Loyal Customers
3422,290,11,677148.315,3,5,5,13,Loyal Customers
3423,580,2,69270.6515,2,3,2,7,At Risk
3424,395,3,289938.062,3,4,4,11,Loyal Customers
3425,403,6,332963.62950000004,3,5,5,13,Loyal Customers
3426,916,1,16803.329999999998,1,2,1,4,Lost Customers
3427,449,3,39201.412000000004,2,4,1,7,At Risk
3428,482,3,235320.8,2,4,4,10,Loyal Customers
3429,729,3,165804.17500000002,2,4,3,9,Loyal Customers
3430,143,2,60277.0205,4,3,2,9,Potential Loyalists
3432,2,12,465847.8495,5,5,5,15,Champions
3434,14,7,345648.37799999997,5,5,5,15,Champions
3435,238,16,975348.4625,3,5,5,13,Loyal Customers
3437,101,5,330081.728,4,4,5,13,Champions
3439,67,12,916912.6325,5,5,5,15,Champions
3440,16,2,173815.688,5,3,3,11,Potential Loyalists
3442,268,1,9384.824,3,2,1,6,Needs Attention
3443,862,2,66562.036,1,3,2,6,At Risk
3445,227,2,76365.62,3,3,2,8,Potential Loyalists
3446,583,8,439864.2455,2,5,5,12,Loyal Customers
3447,321,2,255637.113,3,3,4,10,Potential Loyalists
3448,65,2,50383.73849999999,5,3,2,10,Potential Loyalists
3450,983,1,247.02,1,2,1,4,Lost Customers
3452,360,4,236291.4785,3,4,4,11,Loyal Customers
3453,53,21,1504517.7955,5,5,5,15,Champions
3454,831,2,120815.62150000001,1,3,3,7,At Risk
3458,785,2,200387.45,1,3,4,8,At Risk
3461,133,6,330252.2245,4,5,5,14,Champions
3462,64,4,201747.346,5,4,4,13,Champions
3466,272,1,82280.13,3,2,2,7,Needs Attention
3467,155,5,199622.07499999998,4,4,4,12,Champions
3468,663,1,64871.7,2,2,2,6,Lost Customers
3469,75,5,215013.391,5,4,4,13,Champions
3470,487,1,47582.448000000004,2,2,1,5,Lost Customers
3472,1090,2,161281.906,1,3,3,7,At Risk
3473,374,1,8116.38,3,2,1,6,Needs Attention
3474,70,3,321181.4995,5,4,5,14,Champions
3476,99,3,137321.892,4,4,3,11,Loyal Customers
3479,841,1,57181.47,1,2,2,5,Lost Customers
3481,236,8,508664.965,3,5,5,13,Loyal Customers
3483,68,5,325236.3755,5,4,5,14,Champions
3485,677,3,163724.51,2,4,3,9,Loyal Customers
3487,6,10,637830.499,5,5,5,15,Champions
3488,182,4,219636.7495,4,4,4,12,Champions
3489,32,6,283234.21,5,5,4,14,Champions
3492,432,5,278000.13550000003,2,4,4,10,Loyal Customers
3494,499,2,172842.36,2,3,3,8,At Risk
3495,598,1,69582.978,2,2,2,6,Lost Customers
3496,1171,1,71591.905,1,2,2,5,Lost Customers
3497,21,18,961385.123,5,5,5,15,Champions
3499,11,3,98564.674,5,4,2,11,Potential Loyalists
3500,315,1,43505.479999999996,3,2,1,6,Needs Attention
3501,334,3,96376.1605,3,4,2,9,Potential Loyalists
3502,353,7,328538.0995,3,5,5,13,Loyal Customers
3503,462,6,216438.9055,2,5,4,11,Loyal Customers
3504,345,2,106627.378,3,3,3,9,Potential Loyalists
3506,9,1,137165.56,5,2,3,10,New Customers
3508,739,1,52121.490000000005,2,2,2,6,Lost Customers
3509,726,3,183955.992,2,4,4,10,Loyal Customers
3510,82,5,315212.326,5,4,5,14,Champions
3511,16,9,522236.0,5,5,5,15,Champions
3512,1097,1,13355.122500000001,1,2,1,4,Lost Customers
3514,98,10,576421.13,4,5,5,14,Champions
3516,843,2,95486.12,1,3,2,6,At Risk
3518,1115,1,48337.613,1,2,1,4,Lost Customers
3519,27,19,1325510.64,5,5,5,15,Champions
3520,919,1,38196.03200000001,1,2,1,4,Lost Customers
3521,963,2,94453.557,1,3,2,6,At Risk
3523,155,7,346837.027,4,5,5,14,Champions
3524,112,3,280239.81799999997,4,4,4,12,Champions
3527,593,2,165591.2865,2,3,3,8,At Risk
3528,787,2,56826.7365,1,3,2,6,At Risk
3529,745,2,34646.523,2,3,1,6,At Risk
3532,251,3,214973.688,3,4,4,11,Loyal Customers
3533,582,1,26495.082000000002,2,2,1,5,Lost Customers
3534,133,4,61999.7225,4,4,2,10,Potential Loyalists
3535,358,1,67707.378,3,2,2,7,Needs Attention
3537,11,79,5865062.2615,5,5,5,15,Champions
3538,98,3,109858.49,4,4,3,11,Loyal Customers
3540,499,1,36841.12,2,2,1,5,Lost Customers
3542,620,1,17655.904000000002,2,2,1,5,Lost Customers
3544,137,5,331626.608,4,4,5,13,Champions
3545,957,1,121820.808,1,2,3,6,Lost Customers
3546,1025,1,32623.8,1,2,1,4,Lost Customers
3547,546,1,47390.6,2,2,1,5,Lost Customers
3548,438,2,216891.856,2,3,4,9,At Risk
3549,179,1,112409.32,4,2,3,9,New Customers
3550,412,3,230089.3265,3,4,4,11,Loyal Customers
3551,911,1,28624.3,1,2,1,4,Lost Customers
3552,220,1,35148.624,3,2,1,6,Needs Attention
3553,1143,2,82957.2125,1,3,2,6,At Risk
3555,36,6,400645.995,5,5,5,15,Champions
3556,121,1,107277.021,4,2,3,9,New Customers
3557,503,3,351622.886,2,4,5,11,Loyal Customers
3558,357,4,279002.3615,3,4,4,11,Loyal Customers
3559,535,2,146347.7295,2,3,3,8,At Risk
3560,386,6,286902.88550000003,3,5,4,12,Loyal Customers
3561,480,1,24572.96,2,2,1,5,Lost Customers
3562,1160,1,23349.912,1,2,1,4,Lost Customers
3564,1,102,6796057.66,5,5,5,15,Champions
3565,175,1,38471.713,4,2,1,7,New Customers
3566,11,6,241953.399,5,5,4,14,Champions
3567,706,3,266621.791,2,4,4,10,Loyal Customers
3568,170,2,53377.324,4,3,2,9,Potential Loyalists
3569,149,1,163128.348,4,2,3,9,New Customers
3570,156,7,412047.2075,4,5,5,14,Champions
3571,13,6,301131.055,5,5,4,14,Champions
3573,231,1,74336.79000000001,3,2,2,7,Needs Attention
3574,173,1,62617.48,4,2,2,8,New Customers
3577,350,3,330126.69800000003,3,4,5,12,Loyal Customers
3579,758,2,158169.684,2,3,3,8,At Risk
3580,16,2,164500.838,5,3,3,11,Potential Loyalists
3583,496,2,66576.978,2,3,2,7,At Risk
3584,158,8,532688.4704999999,4,5,5,14,Champions
3585,50,3,154333.55099999998,5,4,3,12,Loyal Customers
3589,176,4,75586.1255,4,4,2,10,Potential Loyalists
3590,284,2,145815.3445,3,3,3,9,Potential Loyalists
3591,278,1,13435.395,3,2,1,6,Needs Attention
3592,752,4,254330.45750000002,2,4,4,10,Loyal Customers
3594,706,3,125049.62,2,4,3,9,Loyal Customers
3595,40,17,1000795.654,5,5,5,15,Champions
3597,166,5,268341.26,4,4,4,12,Champions
3599,1011,1,25962.578499999996,1,2,1,4,Lost Customers
3600,230,9,316448.387,3,5,5,13,Loyal Customers
3601,234,10,792818.389,3,5,5,13,Loyal Customers
3602,528,2,150006.32,2,3,3,8,At Risk
3603,801,1,45587.829000000005,1,2,1,4,Lost Customers
3604,1248,1,116564.43,1,2,3,6,Lost Customers
3605,358,5,141611.719,3,4,3,10,Loyal Customers
3607,6,7,540985.2405,5,5,5,15,Champions
3609,214,2,64011.2385,4,3,2,9,Potential Loyalists
3610,985,1,156949.41999999998,1,2,3,6,Lost Customers
3612,100,15,796555.4875,4,5,5,14,Champions
3613,696,3,204088.14250000002,2,4,4,10,Loyal Customers
3614,74,4,241755.73200000002,5,4,4,13,Champions
3616,243,2,137159.0225,3,3,3,9,Potential Loyalists
3617,303,3,107167.30500000001,3,4,3,10,Loyal Customers
3619,4,3,144208.4365,5,4,3,12,Loyal Customers
3621,435,5,338136.5125,2,4,5,11,Loyal Customers
3622,127,4,276599.4055,4,4,4,12,Champions
3624,219,5,285416.984,3,4,4,11,Loyal Customers
3625,65,2,35193.8415,5,3,1,9,Potential Loyalists
3627,39,11,456101.73099999997,5,5,5,15,Champions
3628,870,1,77700.58249999999,1,2,2,5,Lost Customers
3629,202,5,382801.446,4,4,5,13,Champions
3630,1195,1,106995.375,1,2,3,6,Lost Customers
3631,1254,1,26929.8115,1,2,1,4,Lost Customers
3632,495,1,103494.51000000001,2,2,3,7,Lost Customers
3634,327,3,131217.7575,3,4,3,10,Loyal Customers
3635,1103,1,13470.915,1,2,1,4,Lost Customers
3636,328,2,131493.0165,3,3,3,9,Potential Loyalists
3637,1178,1,25638.33,1,2,1,4,Lost Customers
3639,106,4,90498.4925,4,4,2,10,Potential Loyalists
3642,337,4,176913.3,3,4,4,11,Loyal Customers
3643,441,1,40156.71000000001,2,2,1,5,Lost Customers
3644,470,3,163036.35,2,4,3,9,Loyal Customers
3645,1000,2,67249.08000000002,1,3,2,6,At Risk
3647,201,6,302066.05,4,5,4,13,Champions
3648,388,6,242147.487,3,5,4,12,Loyal Customers
3649,43,2,63698.413499999995,5,3,2,10,Potential Loyalists
3650,549,2,196675.8805,2,3,4,9,At Risk
3651,205,2,102262.0605,4,3,2,9,Potential Loyalists
3652,990,1,196930.62,1,2,4,7,Lost Customers
3653,1071,3,140799.616,1,4,3,8,Loyal Customers
3655,639,2,113928.436,2,3,3,8,At Risk
3656,196,5,267059.7705,4,4,4,12,Champions
3657,1080,1,38278.50749999999,1,2,1,4,Lost Customers
3658,1112,1,69907.366,1,2,2,5,Lost Customers
3659,227,6,523556.7855,3,5,5,13,Loyal Customers
3660,44,2,210371.25300000003,5,3,4,12,Potential Loyalists
3661,430,1,77287.98,2,2,2,6,Lost Customers
3662,258,1,92824.74,3,2,2,7,Needs Attention
3665,351,1,7866.954,3,2,1,6,Needs Attention
3666,113,4,147870.51499999998,4,4,3,11,Loyal Customers
3667,36,6,385635.0995,5,5,5,15,Champions
3668,130,5,213443.375,4,5,4,13,Champions
3670,564,1,94647.99749999998,2,2,2,6,Lost Customers
3672,35,1,156373.68,5,2,3,10,New Customers
3673,870,1,52108.314999999995,1,2,2,5,Lost Customers
3675,212,6,439030.934,4,5,5,14,Champions
3677,790,1,12406.176,1,2,1,4,Lost Customers
3678,60,10,733840.1625,5,5,5,15,Champions
3680,526,1,92219.31349999999,2,2,2,6,Lost Customers
3682,1066,1,34524.02,1,2,1,4,Lost Customers
3683,170,8,346505.7045,4,5,5,14,Champions
3684,292,1,32112.128,3,2,1,6,Needs Attention
3686,1050,2,135750.604,1,3,3,7,At Risk
3687,268,1,30429.032,3,2,1,6,Needs Attention
3691,426,3,111543.1305,3,4,3,10,Loyal Customers
3692,149,1,8807.6,4,2,1,7,New Customers
3693,975,1,52178.66099999999,1,2,2,5,Lost Customers
3694,898,3,188163.55,1,4,4,9,Loyal Customers
3695,392,7,259335.892,3,5,4,12,Loyal Customers
3696,12,12,689383.8119999999,5,5,5,15,Champions
3697,782,2,157156.5625,1,3,3,7,At Risk
3698,290,6,285036.6045,3,5,4,12,Loyal Customers
3701,551,2,90104.368,2,3,2,7,At Risk
3702,203,3,307342.8295,4,4,4,12,Champions
3703,523,2,126551.3895,2,3,3,8,At Risk
3704,145,1,119839.05,4,2,3,9,New Customers
3705,10,24,1386972.178,5,5,5,15,Champions
3706,523,3,43330.79,2,4,1,7,At Risk
3707,1168,1,23395.129999999997,1,2,1,4,Lost Customers
3709,34,1,73622.175,5,2,2,9,New Customers
3712,1265,1,65583.07,1,2,2,5,Lost Customers
3714,113,8,422879.4115,4,5,5,14,Champions
3716,59,3,226737.5,5,4,4,13,Champions
3717,990,1,99514.742,1,2,2,5,Lost Customers
3718,964,1,43296.1,1,2,1,4,Lost Customers
3719,60,7,245529.2385,5,5,4,14,Champions
3720,418,4,129132.53150000001,3,4,3,10,Loyal Customers
3721,73,5,311987.341,5,5,4,14,Champions
3722,32,91,5030828.5865,5,5,5,15,Champions
3723,1174,1,23910.11,1,2,1,4,Lost Customers
3725,156,4,217347.3545,4,4,4,12,Champions
3726,58,74,3641941.8645,5,5,5,15,Champions
3727,743,2,93854.0825,2,3,2,7,At Risk
3728,775,3,151365.66700000002,1,4,3,8,Loyal Customers
3729,75,6,291182.5245,5,5,4,14,Champions
3730,483,3,149293.3885,2,4,3,9,Loyal Customers
3731,569,2,127637.326,2,3,3,8,At Risk
3732,277,3,280128.1145,3,4,4,11,Loyal Customers
3733,426,6,453928.6625,3,5,5,13,Loyal Customers
3734,842,1,86243.45999999999,1,2,2,5,Lost Customers
3735,235,1,41784.0,3,2,1,6,Needs Attention
3738,4,6,229062.0425,5,5,4,14,Champions
3740,1210,1,74840.68,1,2,2,5,Lost Customers
3741,587,2,89497.393,2,3,2,7,At Risk
3742,860,1,20647.272,1,2,1,4,Lost Customers
3743,51,1,52302.03,5,2,2,9,New Customers
3745,466,1,57329.172,2,2,2,6,Lost Customers
3747,1019,1,146347.12949999998,1,2,3,6,Lost Customers
3748,313,2,83223.235,3,3,2,8,Potential Loyalists
3749,253,7,337965.235,3,5,5,13,Loyal Customers
3750,684,1,64829.700000000004,2,2,2,6,Lost Customers
3751,398,1,41091.7275,3,2,1,6,Needs Attention
3752,510,4,340348.23600000003,2,4,5,11,Loyal Customers
3753,6,3,249901.471,5,4,4,13,Champions
3754,778,1,84794.04000000001,1,2,2,5,Lost Customers
3755,1108,1,92135.80099999999,1,2,2,5,Lost Customers
3756,385,5,188993.14800000002,3,5,4,12,Loyal Customers
3757,87,1,25413.54,5,2,1,8,New Customers
3758,127,8,463118.782,4,5,5,14,Champions
3760,1324,1,37933.756499999996,1,2,1,4,Lost Customers
3761,574,2,204405.09,2,3,4,9,At Risk
3762,131,10,637536.0535,4,5,5,14,Champions
3763,194,8,522296.07,4,5,5,14,Champions
3765,1122,1,131627.76,1,2,3,6,Lost Customers
3768,753,1,24843.672000000002,2,2,1,5,Lost Customers
3770,40,7,430908.3545,5,5,5,15,Champions
3771,208,12,466961.1375,4,5,5,14,Champions
3772,15,35,2520947.6325,5,5,5,15,Champions
3773,1139,2,202310.892,1,3,4,8,At Risk
3774,42,3,308861.086,5,4,4,13,Champions
3775,80,5,203895.5085,5,5,4,14,Champions
3777,170,3,231352.272,4,4,4,12,Champions
3778,874,2,60289.164000000004,1,3,2,6,At Risk
3779,979,1,43004.232,1,2,1,4,Lost Customers
3782,1091,1,37264.073,1,2,1,4,Lost Customers
3783,14,1,88627.97,5,2,2,9,New Customers
3784,1108,1,109191.2,1,2,3,6,Lost Customers
3786,1,5,290867.785,5,5,4,14,Champions
3788,50,3,102950.6335,5,4,2,11,Potential Loyalists
3789,291,3,87756.227,3,4,2,9,Potential Loyalists
3790,529,1,162738.3735,2,2,3,7,Lost Customers
3792,417,4,175004.5215,3,4,3,10,Loyal Customers
3795,68,6,395849.77599999995,5,5,5,15,Champions
3796,33,1,63923.05600000001,5,2,2,9,New Customers
3798,1194,3,351602.0615,1,4,5,10,Loyal Customers
3800,18,2,137427.80649999998,5,3,3,11,Potential Loyalists
3801,361,3,190486.3725,3,4,4,11,Loyal Customers
3802,410,1,70433.67000000001,3,2,2,7,Needs Attention
3803,642,3,91842.59300000001,2,4,2,8,At Risk
3804,494,2,201365.3,2,3,4,9,At Risk
3805,47,1,15843.240000000002,5,2,1,8,New Customers
3806,207,4,132551.479,4,4,3,11,Loyal Customers
3807,301,1,53413.7025,3,2,2,7,Needs Attention
3808,56,12,810142.1265,5,5,5,15,Champions
3809,29,2,182233.70500000002,5,3,4,12,Potential Loyalists
3813,956,1,12148.42,1,2,1,4,Lost Customers
3814,221,2,98287.1,3,3,2,8,Potential Loyalists
3815,330,2,127130.76699999999,3,3,3,9,Potential Loyalists
3816,205,3,168819.2175,4,4,3,11,Loyal Customers
3817,48,4,244300.11549999999,5,4,4,13,Champions
3819,783,1,324.648,1,2,1,4,Lost Customers
3820,1136,2,48452.056,1,3,1,5,At Risk
3821,172,4,104612.86000000002,4,4,3,11,Loyal Customers
3822,193,5,366798.14,4,5,5,14,Champions
3823,274,3,161519.7935,3,4,3,10,Loyal Customers
3824,1041,1,65061.69,1,2,2,5,Lost Customers
3825,75,4,242634.575,5,4,4,13,Champions
3826,96,1,74609.33,4,2,2,8,New Customers
3827,129,5,341798.662,4,5,5,14,Champions
3829,37,3,216767.163,5,4,4,13,Champions
3830,334,2,78073.0065,3,3,2,8,Potential Loyalists
3838,195,2,112779.465,4,3,3,10,Potential Loyalists
3839,73,25,1601409.7295,5,5,5,15,Champions
3842,779,2,75615.325,1,3,2,6,At Risk
3843,185,4,262866.6235,4,4,4,12,Champions
3844,956,1,80569.52100000001,1,2,2,5,Lost Customers
3845,1026,1,7872.74,1,2,1,4,Lost Customers
3848,981,1,47574.06,1,2,1,4,Lost Customers
3849,120,2,26885.184,4,3,1,8,Potential Loyalists
3850,260,7,312994.92199999996,3,5,4,12,Loyal Customers
3851,107,5,410499.8955,4,5,5,14,Champions
3852,518,1,22430.8965,2,2,1,5,Lost Customers
3853,204,1,40298.589,4,2,1,7,New Customers
3854,308,3,103771.136,3,4,3,10,Loyal Customers
3855,571,4,440257.906,2,4,5,11,Loyal Customers
3857,72,27,1672937.0935,5,5,5,15,Champions
3859,850,1,76496.75,1,2,2,5,Lost Customers
3860,283,3,197614.22,3,4,4,11,Loyal Customers
3862,365,2,109624.525,3,3,3,9,Potential Loyalists
3864,888,2,80963.15800000001,1,3,2,6,At Risk
3865,637,1,11463.552000000001,2,2,1,5,Lost Customers
3866,566,1,35518.979999999996,2,2,1,5,Lost Customers
3867,348,2,19189.1365,3,3,1,7,Potential Loyalists
3868,53,43,2675633.7575,5,5,5,15,Champions
3869,80,42,2718106.811,5,5,5,15,Champions
3871,1006,2,103368.92,1,3,2,6,At Risk
3875,144,12,853209.2365,4,5,5,14,Champions
3876,46,8,652010.507,5,5,5,15,Champions
3880,682,2,63417.2145,2,3,2,7,At Risk
3881,726,1,53605.576,2,2,2,6,Lost Customers
3883,1284,1,7408.68,1,2,1,4,Lost Customers
3885,166,8,714276.466,4,5,5,14,Champions
3886,46,3,197555.056,5,4,4,13,Champions
3888,288,2,81811.31,3,3,2,8,Potential Loyalists
3889,386,2,102359.544,3,3,2,8,Potential Loyalists
3892,196,6,313378.445,4,5,4,13,Champions
3896,114,3,332325.71,4,4,5,13,Champions
3897,597,4,314419.7045,2,4,4,10,Loyal Customers
3898,22,9,499913.15499999997,5,5,5,15,Champions
3899,235,2,253652.69999999998,3,3,4,10,Potential Loyalists
3900,1327,1,134423.15,1,2,3,6,Lost Customers
3901,120,2,125480.47,4,3,3,10,Potential Loyalists
3902,990,1,34851.9565,1,2,1,4,Lost Customers
3905,571,1,135948.22999999998,2,2,3,7,Lost Customers
3906,802,1,8637.5235,1,2,1,4,Lost Customers
3907,125,5,97615.9775,4,5,2,11,Potential Loyalists
3908,397,4,190113.18,3,4,4,11,Loyal Customers
3909,73,18,987266.2339999999,5,5,5,15,Champions
3911,305,3,75558.256,3,4,2,9,Potential Loyalists
3912,119,4,173152.70750000002,4,4,3,11,Loyal Customers
3913,75,1,49417.537,5,2,1,8,New Customers
3914,34,11,564124.4345,5,5,5,15,Champions
3915,1170,2,138457.66799999998,1,3,3,7,At Risk
3916,103,7,669510.4895,4,5,5,14,Champions
3917,149,4,348912.334,4,4,5,13,Champions
3918,48,6,449952.5335,5,5,5,15,Champions
3919,381,3,243194.4035,3,4,4,11,Loyal Customers
3920,623,1,11215.28,2,2,1,5,Lost Customers
3922,817,1,32364.352000000003,1,2,1,4,Lost Customers
3923,129,6,283637.716,4,5,4,13,Champions
3924,11,7,412775.4035,5,5,5,15,Champions
3925,803,1,57431.746499999994,1,2,2,5,Lost Customers
3927,45,2,106806.674,5,3,3,11,Potential Loyalists
3928,103,13,919729.253,4,5,5,14,Champions
3929,365,4,186778.41749999998,3,4,4,11,Loyal Customers
3932,619,1,41120.33600000001,2,2,1,5,Lost Customers
3934,567,3,232134.712,2,4,4,10,Loyal Customers
3935,8,23,1193153.8514999999,5,5,5,15,Champions
3936,120,4,186799.274,4,4,4,12,Champions
3937,41,3,103508.855,5,4,3,12,Loyal Customers
3938,343,4,167674.304,3,4,3,10,Loyal Customers
3939,733,5,268546.561,2,5,4,11,Loyal Customers
3940,28,12,429056.963,5,5,5,15,Champions
3941,289,3,345418.235,3,4,5,12,Loyal Customers
3942,733,2,64081.5685,2,3,2,7,At Risk
3943,51,3,143181.1505,5,4,3,12,Loyal Customers
3944,303,3,127388.294,3,4,3,10,Loyal Customers
3945,614,1,30088.5375,2,2,1,5,Lost Customers
3947,22,1,92872.737,5,2,2,9,New Customers
3949,568,2,55752.434,2,3,2,7,At Risk
3950,440,2,45719.332500000004,2,3,1,6,At Risk
3951,1136,1,15339.09,1,2,1,4,Lost Customers
3952,1307,1,19392.239999999998,1,2,1,4,Lost Customers
3953,185,3,212967.495,4,4,4,12,Champions
3954,769,1,79255.45,1,2,2,5,Lost Customers
3955,120,1,29959.2275,4,2,1,7,New Customers
3958,939,1,149186.25,1,2,3,6,Lost Customers
3962,87,4,424974.6825,5,4,5,14,Champions
3963,80,4,223985.1635,5,4,4,13,Champions
3966,50,15,859218.888,5,5,5,15,Champions
3967,594,1,110729.54999999999,2,2,3,7,Lost Customers
3969,615,2,162507.99049999999,2,3,3,8,At Risk
3970,124,4,238968.79249999998,4,4,4,12,Champions
3971,207,2,177332.758,4,3,4,11,Potential Loyalists
3972,1116,2,122494.464,1,3,3,7,At Risk
3975,91,9,436404.2295,4,5,5,14,Champions
3976,632,2,82645.867,2,3,2,7,At Risk
3977,568,1,159172.22,2,2,3,7,Lost Customers
3978,7,6,325758.2305,5,5,5,15,Champions
3979,101,5,201420.025,4,5,4,13,Champions
3980,72,19,1013434.6435,5,5,5,15,Champions
3981,74,5,207284.609,5,5,4,14,Champions
3982,5,51,3000659.708,5,5,5,15,Champions
3984,73,2,97683.88499999998,5,3,2,10,Potential Loyalists
3985,287,5,259607.478,3,5,4,12,Loyal Customers
3988,1,14,500669.8615,5,5,5,15,Champions
3990,151,6,432011.67,4,5,5,14,Champions
3993,1233,1,54943.2025,1,2,2,5,Lost Customers
3995,729,1,80761.03899999999,2,2,2,6,Lost Customers
3996,1210,1,74063.133,1,2,2,5,Lost Customers
3999,259,1,20688.0375,3,2,1,6,Needs Attention
4001,184,2,96383.3985,4,3,2,9,Potential Loyalists
4006,1050,1,48011.992999999995,1,2,1,4,Lost Customers
4008,267,5,287106.046,3,5,4,12,Loyal Customers
4009,71,7,419822.8065,5,5,5,15,Champions
4010,82,8,407597.06700000004,5,5,5,15,Champions
4011,890,1,10420.67,1,2,1,4,Lost Customers
4013,472,2,191438.192,2,3,4,9,At Risk
4014,537,3,226574.276,2,4,4,10,Loyal Customers
4015,14,38,2436083.9035,5,5,5,15,Champions
4017,1183,1,49332.521,1,2,1,4,Lost Customers
4018,247,2,47053.96,3,3,1,7,Potential Loyalists
4019,74,3,196009.308,5,4,4,13,Champions
4020,540,4,164936.03749999998,2,4,3,9,Loyal Customers
4021,726,2,133087.677,2,3,3,8,At Risk
4022,132,13,576877.531,4,5,5,14,Champions
4024,212,9,498988.16849999997,4,5,5,14,Champions
4025,36,16,646454.754,5,5,5,15,Champions
4026,187,6,442238.4625,4,5,5,14,Champions
4028,1056,1,102000.32,1,2,2,5,Lost Customers
4029,275,3,115675.23250000001,3,4,3,10,Loyal Customers
4031,50,4,292289.9725,5,4,4,13,Champions
4032,1093,1,20741.559999999998,1,2,1,4,Lost Customers
4033,289,1,95847.81049999999,3,2,2,7,Needs Attention
4034,1145,1,24973.568,1,2,1,4,Lost Customers
4036,754,1,151500.03000000003,2,2,3,7,Lost Customers
4037,1153,1,16051.59,1,2,1,4,Lost Customers
4038,1055,1,127515.42199999999,1,2,3,6,Lost Customers
4040,32,2,121562.83600000001,5,3,3,11,Potential Loyalists
4041,312,1,38469.42749999999,3,2,1,6,Needs Attention
4042,218,11,744747.3865,3,5,5,13,Loyal Customers
4043,157,1,38944.5185,4,2,1,7,New Customers
4048,1050,1,48212.45999999999,1,2,1,4,Lost Customers
4049,451,1,28377.096999999998,2,2,1,5,Lost Customers
4053,110,4,302701.878,4,4,4,12,Champions
4054,40,10,533074.313,5,5,5,15,Champions
4057,16,10,460612.249,5,5,5,15,Champions
4059,31,14,701834.64,5,5,5,15,Champions
4061,185,5,219460.206,4,5,4,13,Champions
4063,211,4,253348.7875,4,4,4,12,Champions
4064,1129,1,68604.23,1,2,2,5,Lost Customers
4065,23,3,241015.6845,5,4,4,13,Champions
4066,509,1,39483.345,2,2,1,5,Lost Customers
4068,631,3,84468.584,2,4,2,8,At Risk
4069,76,3,185107.2375,5,4,4,13,Champions
4070,84,5,261813.609,5,5,4,14,Champions
4071,221,2,141757.338,3,3,3,9,Potential Loyalists
4072,111,4,419722.8405,4,4,5,13,Champions
4073,194,2,181809.18349999998,4,3,4,11,Potential Loyalists
4074,109,10,860253.8255,4,5,5,14,Champions
4075,23,10,617747.374,5,5,5,15,Champions
4076,478,1,61431.18,2,2,2,6,Lost Customers
4077,124,5,285274.0635,4,5,4,13,Champions
4078,226,4,126736.32299999999,3,4,3,10,Loyal Customers
4079,1246,1,46896.53600000001,1,2,1,4,Lost Customers
4080,351,1,28986.84,3,2,1,6,Needs Attention
4082,582,3,201918.497,2,4,4,10,Loyal Customers
4085,101,2,122553.323,4,3,3,10,Potential Loyalists
4086,571,4,192942.8335,2,4,4,10,Loyal Customers
4087,24,4,179999.7835,5,4,4,13,Champions
4088,108,17,885332.343,4,5,5,14,Champions
4090,1039,1,18712.46,1,2,1,4,Lost Customers
4091,316,5,214310.613,3,5,4,12,Loyal Customers
4092,1005,2,104012.04,1,3,3,7,At Risk
4093,110,1,52216.503,4,2,2,8,New Customers
4094,1322,1,35894.265,1,2,1,4,Lost Customers
4095,1251,1,78183.98,1,2,2,5,Lost Customers
4096,1061,1,23442.39,1,2,1,4,Lost Customers
4097,560,2,180157.9655,2,3,4,9,At Risk
4098,136,4,68781.773,4,4,2,10,Potential Loyalists
4099,1,8,628126.48,5,5,5,15,Champions
4100,119,3,219262.16,4,4,4,12,Champions
4101,960,1,56527.740000000005,1,2,2,5,Lost Customers
4102,610,2,177326.5305,2,3,4,9,At Risk
4103,88,5,428784.8685,5,5,5,15,Champions
4105,1004,1,28830.576,1,2,1,4,Lost Customers
4106,1065,1,87436.984,1,2,2,5,Lost Customers
4107,322,3,178080.9595,3,4,4,11,Loyal Customers
4109,278,2,40423.445,3,3,1,7,Potential Loyalists
4110,677,1,18850.68,2,2,1,5,Lost Customers
4111,295,1,35383.383,3,2,1,6,Needs Attention
4112,93,21,1000123.8269999999,4,5,5,14,Champions
4113,357,4,330493.3375,3,4,5,12,Loyal Customers
4115,27,1,124539.228,5,2,3,10,New Customers
4116,346,1,66887.54,3,2,2,7,Needs Attention
4117,308,2,101101.6455,3,3,2,8,Potential Loyalists
4118,509,4,141391.30800000002,2,4,3,9,Loyal Customers
4119,911,1,115788.4795,1,2,3,6,Lost Customers
4120,382,1,12450.0,3,2,1,6,Needs Attention
4121,171,5,247418.53399999999,4,5,4,13,Champions
4122,789,2,145133.94,1,3,3,7,At Risk
4124,886,2,30037.026,1,3,1,5,At Risk
4125,39,12,583185.4569999999,5,5,5,15,Champions
4126,72,6,660211.946,5,5,5,15,Champions
4127,212,2,131383.2665,4,3,3,10,Potential Loyalists
4128,82,5,210282.61,5,5,4,14,Champions
4129,541,4,285835.12700000004,2,4,4,10,Loyal Customers
4132,3,16,1050019.911,5,5,5,15,Champions
4133,374,7,557005.9225,3,5,5,13,Loyal Customers
4135,299,1,63671.08,3,2,2,7,Needs Attention
4138,4,10,781793.497,5,5,5,15,Champions
4139,496,1,214494.98,2,2,4,8,Lost Customers
4140,23,11,570977.1075,5,5,5,15,Champions
4141,408,4,197401.737,3,4,4,11,Loyal Customers
4142,159,1,24238.9425,4,2,1,7,New Customers
4143,642,1,21837.74,2,2,1,5,Lost Customers
4144,22,7,457614.078,5,5,5,15,Champions
4146,159,4,99772.07149999999,4,4,2,10,Potential Loyalists
4147,136,1,56250.378000000004,4,2,2,8,New Customers
4150,964,2,159064.482,1,3,3,7,At Risk
4153,432,4,354022.117,2,4,5,11,Loyal Customers
4158,87,5,195852.7125,5,5,4,14,Champions
4159,469,2,48948.849,2,3,1,6,At Risk
4161,688,1,4623.135,2,2,1,5,Lost Customers
4162,26,5,438480.02400000003,5,5,5,15,Champions
4163,147,4,167942.59649999999,4,4,3,11,Loyal Customers
4164,48,4,483098.644,5,4,5,14,Champions
4165,305,2,39541.07000000001,3,3,1,7,Potential Loyalists
4166,159,1,22503.856499999998,4,2,1,7,New Customers
4167,32,17,1215201.2265,5,5,5,15,Champions
4168,122,5,415567.48399999994,4,5,5,14,Champions
4169,63,2,156838.065,5,3,3,11,Potential Loyalists
4170,18,8,446469.2085,5,5,5,15,Champions
4172,491,1,52437.919499999996,2,2,2,6,Lost Customers
4173,478,2,97645.0605,2,3,2,7,At Risk
4175,426,2,75978.192,3,3,2,8,Potential Loyalists
4176,992,1,134125.35,1,2,3,6,Lost Customers
4177,889,1,101593.08,1,2,2,5,Lost Customers
4178,111,3,167429.365,4,4,3,11,Loyal Customers
4179,46,37,2259217.367,5,5,5,15,Champions
4181,732,2,226905.16,2,3,4,9,At Risk
4182,140,3,179229.682,4,4,4,12,Champions
4183,170,7,328154.704,4,5,5,14,Champions
4184,224,3,260935.45750000002,3,4,4,11,Loyal Customers
4186,23,3,248576.97999999998,5,4,4,13,Champions
4188,1,15,798356.9985,5,5,5,15,Champions
4190,667,3,144196.0255,2,4,3,9,Loyal Customers
4191,1157,1,22939.461000000003,1,2,1,4,Lost Customers
4192,47,30,1940607.2245,5,5,5,15,Champions
4193,50,2,79108.179,5,3,2,10,Potential Loyalists
4195,1163,1,38713.536,1,2,1,4,Lost Customers
4200,1201,1,92038.26,1,2,2,5,Lost Customers
4201,697,3,77078.505,2,4,2,8,At Risk
4202,91,2,70039.791,4,3,2,9,Potential Loyalists
4204,48,5,184826.50400000002,5,5,4,14,Champions
4206,121,14,855086.313,4,5,5,14,Champions
4207,642,1,89676.15,2,2,2,6,Lost Customers
4208,146,1,5251.61,4,2,1,7,New Customers
4209,348,2,92042.5765,3,3,2,8,Potential Loyalists
4210,1140,1,65128.53600000001,1,2,2,5,Lost Customers
4211,563,1,39860.328,2,2,1,5,Lost Customers
4213,768,1,13289.759999999998,1,2,1,4,Lost Customers
4214,370,2,18792.635,3,3,1,7,Potential Loyalists
4215,414,1,46752.7775,3,2,1,6,Needs Attention
4216,15,1,57296.18000000001,5,2,2,9,New Customers
4217,1152,1,34676.15,1,2,1,4,Lost Customers
4218,762,2,112842.71250000001,1,3,3,7,At Risk
4219,548,2,70852.45199999999,2,3,2,7,At Risk
4220,1043,1,55170.592000000004,1,2,2,5,Lost Customers
4224,526,2,61221.69,2,3,2,7,At Risk
4226,522,1,19357.24,2,2,1,5,Lost Customers
4227,675,3,77408.913,2,4,2,8,At Risk
4229,657,2,27993.478,2,3,1,6,At Risk
4230,916,2,53638.18000000001,1,3,2,6,At Risk
4231,165,10,445960.4805,4,5,5,14,Champions
4232,361,4,260251.2235,3,4,4,11,Loyal Customers
4234,44,4,150803.9155,5,4,3,12,Loyal Customers
4235,272,1,43798.137,3,2,1,6,Needs Attention
4236,911,2,84057.816,1,3,2,6,At Risk
4238,107,18,1103635.858,4,5,5,14,Champions
4239,6,6,403948.331,5,5,5,15,Champions
4240,1273,2,125777.42,1,3,3,7,At Risk
4242,1,2,97576.9915,5,3,2,10,Potential Loyalists
4244,835,1,30995.620000000003,1,2,1,4,Lost Customers
4245,308,2,54969.9535,3,3,2,8,Potential Loyalists
4246,1010,2,7268.414,1,3,1,5,At Risk
4247,869,1,36770.1075,1,2,1,4,Lost Customers
4248,1028,2,65878.0315,1,3,2,6,At Risk
4250,253,3,68900.6715,3,4,2,9,Potential Loyalists
4252,600,1,48959.334,2,2,1,5,Lost Customers
4253,145,3,216527.547,4,4,4,12,Champions
4254,1163,1,67360.1,1,2,2,5,Lost Customers
4255,176,2,54167.6225,4,3,2,9,Potential Loyalists
4257,33,12,480358.539,5,5,5,15,Champions
4261,283,4,376820.2985,3,4,5,12,Loyal Customers
4262,969,1,69027.112,1,2,2,5,Lost Customers
4263,925,1,74926.39499999999,1,2,2,5,Lost Customers
4264,514,1,162176.877,2,2,3,7,Lost Customers
4265,388,2,80942.77,3,3,2,8,Potential Loyalists
4266,206,5,242368.4365,4,5,4,13,Champions
4267,494,2,38845.831,2,3,1,6,At Risk
4268,24,3,188721.177,5,4,4,13,Champions
4271,253,10,504902.9705,3,5,5,13,Loyal Customers
4272,413,1,4559.008000000001,3,2,1,6,Needs Attention
4273,58,1,69113.745,5,2,2,9,New Customers
4274,159,1,9434.32,4,2,1,7,New Customers
4275,283,3,163148.027,3,4,3,10,Loyal Customers
4276,119,2,102814.79299999999,4,3,2,9,Potential Loyalists
4277,4,28,1772865.2585,5,5,5,15,Champions
4278,139,12,725384.931,4,5,5,14,Champions
4279,756,2,136013.20400000003,2,3,3,8,At Risk
4280,433,3,125135.827,2,4,3,9,Loyal Customers
4281,672,2,116949.4975,2,3,3,8,At Risk
4282,88,3,107125.03,5,4,3,12,Loyal Customers
4283,399,2,152877.1125,3,3,3,9,Potential Loyalists
4285,852,1,14110.5,1,2,1,4,Lost Customers
4288,541,1,171262.76,2,2,3,7,Lost Customers
4289,102,3,226657.13999999998,4,4,4,12,Champions
4293,364,4,255531.6315,3,4,4,11,Loyal Customers
4294,664,1,16965.612,2,2,1,5,Lost Customers
4295,244,1,111845.94300000001,3,2,3,8,Needs Attention
4296,38,22,1310710.3825,5,5,5,15,Champions
4298,1084,1,45528.86,1,2,1,4,Lost Customers
4300,105,17,762501.549,4,5,5,14,Champions
4301,333,1,75448.59999999999,3,2,2,7,Needs Attention
4302,486,2,123565.878,2,3,3,8,At Risk
4304,11,26,1839223.294,5,5,5,15,Champions
4305,354,2,32143.894500000002,3,3,1,7,Potential Loyalists
4307,13,6,433168.255,5,5,5,15,Champions
4308,109,6,276673.4475,4,5,4,13,Champions
4309,1239,1,58936.637,1,2,2,5,Lost Customers
4310,944,2,181074.1655,1,3,4,8,At Risk
4314,15,15,1114922.033,5,5,5,15,Champions
4315,51,2,180559.6985,5,3,4,12,Potential Loyalists
4316,272,4,284925.583,3,4,4,11,Loyal Customers
4317,19,2,109720.103,5,3,3,11,Potential Loyalists
4318,549,1,155882.432,2,2,3,7,Lost Customers
4319,491,2,104447.736,2,3,3,8,At Risk
4320,1170,1,70508.02,1,2,2,5,Lost Customers
4321,299,1,129587.18,3,2,3,8,Needs Attention
4322,1108,2,249990.83000000002,1,3,4,8,At Risk
4323,487,1,73767.93,2,2,2,6,Lost Customers
4324,274,3,288662.251,3,4,4,11,Loyal Customers
4325,14,21,1287532.722,5,5,5,15,Champions
4326,583,1,44614.520000000004,2,2,1,5,Lost Customers
4327,797,1,13855.521999999999,1,2,1,4,Lost Customers
4329,624,3,50257.5495,2,4,2,8,At Risk
4330,734,1,99126.8625,2,2,2,6,Lost Customers
4332,396,1,29621.767499999998,3,2,1,6,Needs Attention
4333,447,3,138414.6895,2,4,3,9,Loyal Customers
4335,423,6,226701.929,3,5,4,12,Loyal Customers
4337,35,5,318728.044,5,5,5,15,Champions
4338,591,2,118702.15,2,3,3,8,At Risk
4339,171,2,46337.600000000006,4,3,1,8,Potential Loyalists
4341,197,4,91202.16249999999,4,4,2,10,Potential Loyalists
4342,611,3,311509.11049999995,2,4,4,10,Loyal Customers
4346,71,26,1330814.4745,5,5,5,15,Champions
4347,322,2,97296.34,3,3,2,8,Potential Loyalists
4349,384,1,71746.31999999999,3,2,2,7,Needs Attention
4350,61,4,310451.8685,5,4,4,13,Champions
4351,270,1,43392.042,3,2,1,6,Needs Attention
4354,218,1,43055.107500000006,3,2,1,6,Needs Attention
4356,692,2,34075.516,2,3,1,6,At Risk
4357,90,23,1625841.76,4,5,5,14,Champions
4358,242,1,66146.505,3,2,2,7,Needs Attention
4359,82,2,45805.52,5,3,1,9,Potential Loyalists
4360,893,2,110776.69,1,3,3,7,At Risk
4361,142,2,141945.652,4,3,3,10,Potential Loyalists
4362,835,2,98171.01,1,3,2,6,At Risk
4365,50,12,553653.465,5,5,5,15,Champions
4368,30,1,44768.08,5,2,1,8,New Customers
4369,26,4,170466.071,5,4,3,12,Loyal Customers
4371,498,1,77864.556,2,2,2,6,Lost Customers
4372,42,11,572882.6680000001,5,5,5,15,Champions
4373,642,1,39732.8475,2,2,1,5,Lost Customers
4374,386,1,57286.540499999996,3,2,2,7,Needs Attention
4375,117,4,137889.504,4,4,3,11,Loyal Customers
4376,1251,1,86071.78,1,2,2,5,Lost Customers
4378,427,2,93819.452,3,3,2,8,Potential Loyalists
4379,599,2,79388.1755,2,3,2,7,At Risk
4380,1222,1,16002.240000000002,1,2,1,4,Lost Customers
4382,165,2,70794.987,4,3,2,9,Potential Loyalists
4384,35,14,626630.049,5,5,5,15,Champions
4385,184,1,72345.41649999999,4,2,2,8,New Customers
4386,326,9,644477.583,3,5,5,13,Loyal Customers
4388,1226,1,28383.032000000003,1,2,1,4,Lost Customers
4390,175,7,354446.7905,4,5,5,14,Champions
4391,888,2,83995.535,1,3,2,6,At Risk
4393,23,5,239666.3,5,5,4,14,Champions
4394,1220,1,61706.4,1,2,2,5,Lost Customers
4395,360,3,171792.84399999998,3,4,3,10,Loyal Customers
4396,22,17,732852.223,5,5,5,15,Champions
4397,141,6,238144.097,4,5,4,13,Champions
4398,71,11,912826.003,5,5,5,15,Champions
4399,18,1,98858.696,5,2,2,9,New Customers
4402,672,1,13880.099999999999,2,2,1,5,Lost Customers
4403,362,3,355639.1495,3,4,5,12,Loyal Customers
4405,18,3,310889.8495,5,4,4,13,Champions
4408,1060,1,110844.976,1,2,3,6,Lost Customers
4409,197,2,43805.187000000005,4,3,1,8,Potential Loyalists
4410,387,5,124741.205,3,5,3,11,Loyal Customers
4412,738,3,154097.004,2,4,3,9,Loyal Customers
4414,119,2,67007.63650000001,4,3,2,9,Potential Loyalists
4415,353,3,230674.39349999998,3,4,4,11,Loyal Customers
4416,563,4,250017.734,2,4,4,10,Loyal Customers
4417,189,1,65537.592,4,2,2,8,New Customers
4418,1168,1,23240.132999999998,1,2,1,4,Lost Customers
4419,875,1,78479.06999999999,1,2,2,5,Lost Customers
4420,53,2,118693.18049999999,5,3,3,11,Potential Loyalists
4421,2,2,58031.378,5,3,2,10,Potential Loyalists
4422,722,4,191573.1885,2,4,4,10,Loyal Customers
4423,367,1,25993.905,3,2,1,6,Needs Attention
4425,154,1,49625.94,4,2,1,7,New Customers
4432,514,1,65478.630000000005,2,2,2,6,Lost Customers
4434,122,5,75515.609,4,5,2,11,Potential Loyalists
4435,364,1,141017.0595,3,2,3,8,Needs Attention
4436,63,1,51749.02849999999,5,2,2,9,New Customers
4437,102,1,19199.376,4,2,1,7,New Customers
4438,491,1,26973.824,2,2,1,5,Lost Customers
4439,233,9,665706.212,3,5,5,13,Loyal Customers
4440,479,3,209755.626,2,4,4,10,Loyal Customers
4441,83,2,18989.981,5,3,1,9,Potential Loyalists
4442,1050,1,47977.28,1,2,1,4,Lost Customers
4443,960,1,27534.8775,1,2,1,4,Lost Customers
4444,42,6,218485.7705,5,5,4,14,Champions
4445,535,1,17356.068,2,2,1,5,Lost Customers
4446,1303,1,17421.510000000002,1,2,1,4,Lost Customers
4447,32,7,286505.283,5,5,4,14,Champions
4448,492,2,83936.834,2,3,2,7,At Risk
4449,681,3,147912.832,2,4,3,9,Loyal Customers
4450,760,1,175761.63999999998,2,2,3,7,Lost Customers
4451,192,2,17522.81,4,3,1,8,Potential Loyalists
4452,304,4,73840.4195,3,4,2,9,Potential Loyalists
4453,53,11,604466.722,5,5,5,15,Champions
4454,578,1,24225.3525,2,2,1,5,Lost Customers
4455,503,1,94897.51000000001,2,2,2,6,Lost Customers
4456,74,9,353721.63,5,5,5,15,Champions
4457,619,2,77470.403,2,3,2,7,At Risk
4458,7,2,82201.8565,5,3,2,10,Potential Loyalists
4459,83,4,261525.6965,5,4,4,13,Champions
4460,200,2,168711.58000000002,4,3,3,10,Potential Loyalists
4463,186,1,147947.652,4,2,3,9,New Customers
4464,1209,1,65443.437999999995,1,2,2,5,Lost Customers
4465,803,3,191501.2,1,4,4,9,Loyal Customers
4466,904,2,125419.05600000001,1,3,3,7,At Risk
4468,154,1,48767.24,4,2,1,7,New Customers
4469,4,76,3930362.743,5,5,5,15,Champions
4473,80,16,994580.931,5,5,5,15,Champions
4474,108,11,493934.808,4,5,5,14,Champions
4476,109,8,563064.11,4,5,5,14,Champions
4477,578,1,29348.304,2,2,1,5,Lost Customers
4478,4,19,1256096.7775,5,5,5,15,Champions
4482,1086,2,158665.3375,1,3,3,7,At Risk
4483,219,5,270901.1625,3,5,4,12,Loyal Customers
4485,99,17,976126.155,4,5,5,14,Champions
4486,1232,1,51754.8,1,2,2,5,Lost Customers
4487,287,1,64555.59,3,2,2,7,Needs Attention
4488,783,1,11055.3,1,2,1,4,Lost Customers
4489,363,4,324399.976,3,4,5,12,Loyal Customers
4490,347,3,199196.652,3,4,4,11,Loyal Customers
4491,939,1,65588.12,1,2,2,5,Lost Customers
4492,628,3,202397.27899999998,2,4,4,10,Loyal Customers
4493,1230,1,8974.42,1,2,1,4,Lost Customers
4495,11,27,1476707.3055,5,5,5,15,Champions
4497,56,7,251684.8,5,5,4,14,Champions
4498,82,1,101825.44200000001,5,2,2,9,New Customers
4499,904,1,147262.665,1,2,3,6,Lost Customers
4500,414,9,793786.522,3,5,5,13,Loyal Customers
4502,7,2,117728.63599999998,5,3,3,11,Potential Loyalists
4505,386,2,59299.13,3,3,2,8,Potential Loyalists
4506,560,1,84350.23,2,2,2,6,Lost Customers
4507,519,4,388472.67,2,4,5,11,Loyal Customers
4509,353,1,112956.95700000001,3,2,3,8,Needs Attention
4511,742,2,153860.92,2,3,3,8,At Risk
4512,59,72,3173402.3,5,5,5,15,Champions
4513,612,4,221291.8025,2,4,4,10,Loyal Customers
4515,83,4,278710.401,5,4,4,13,Champions
4516,482,4,197298.65099999998,2,4,4,10,Loyal Customers
4518,116,5,345390.631,4,5,5,14,Champions
4520,658,2,101613.16249999999,2,3,2,7,At Risk
4521,262,1,117278.13600000001,3,2,3,8,Needs Attention
4523,655,1,15628.26,2,2,1,5,Lost Customers
4524,90,1,65801.772,4,2,2,8,New Customers
4526,237,5,155876.0395,3,5,3,11,Loyal Customers
4527,18,28,1514182.3715,5,5,5,15,Champions
4528,267,4,118127.606,3,4,3,10,Loyal Customers
4533,221,2,136561.2125,3,3,3,9,Potential Loyalists
4534,1031,3,154992.05,1,4,3,8,Loyal Customers
4535,1012,1,1274.354,1,2,1,4,Lost Customers
4536,553,1,88372.449,2,2,2,6,Lost Customers
4537,307,1,84981.72,3,2,2,7,Needs Attention
4539,356,3,149431.407,3,4,3,10,Loyal Customers
4540,960,2,59254.83700000001,1,3,2,6,At Risk
4545,55,5,295522.4,5,5,4,14,Champions
4546,171,3,335558.103,4,4,5,13,Champions
4547,1077,1,83060.79899999998,1,2,2,5,Lost Customers
4549,43,4,249068.355,5,4,4,13,Champions
4550,472,2,229318.41,2,3,4,9,At Risk
4551,732,2,48550.868,2,3,1,6,At Risk
4554,51,8,324150.275,5,5,5,15,Champions
4555,51,6,503266.7095,5,5,5,15,Champions
4558,162,1,64493.46,4,2,2,8,New Customers
4560,62,30,2217339.659,5,5,5,15,Champions
4561,145,6,557013.9385,4,5,5,14,Champions
4563,492,2,74231.929,2,3,2,7,At Risk
4564,200,8,386420.398,4,5,5,14,Champions
4565,189,1,25375.811,4,2,1,7,New Customers
4568,652,2,96816.911,2,3,2,7,At Risk
4570,8,11,600663.714,5,5,5,15,Champions
4572,108,6,264435.85000000003,4,5,4,13,Champions
4574,123,3,174494.953,4,4,3,11,Loyal Customers
4576,34,26,1435352.4324999999,5,5,5,15,Champions
4578,203,1,101763.42,4,2,2,8,New Customers
4579,218,8,427143.6445,3,5,5,13,Loyal Customers
4581,1039,1,105232.5,1,2,3,6,Lost Customers
4582,175,18,856404.3775,4,5,5,14,Champions
4583,1318,1,12714.971,1,2,1,4,Lost Customers
4586,531,5,327177.71499999997,2,5,5,12,Loyal Customers
4587,241,4,129239.0695,3,4,3,10,Loyal Customers
4588,200,1,17825.992000000002,4,2,1,7,New Customers
4590,787,3,231017.0115,1,4,4,9,Loyal Customers
4593,997,1,65163.17600000001,1,2,2,5,Lost Customers
4594,152,1,43878.659999999996,4,2,1,7,New Customers
4596,130,5,268633.6225,4,5,4,13,Champions
4598,792,2,90406.696,1,3,2,6,At Risk
4600,646,2,63835.7725,2,3,2,7,At Risk
4601,365,2,101402.092,3,3,2,8,Potential Loyalists
4602,146,2,91951.9875,4,3,2,9,Potential Loyalists
4603,176,2,76359.463,4,3,2,9,Potential Loyalists
4604,359,1,13395.948999999999,3,2,1,6,Needs Attention
4606,659,1,24703.83,2,2,1,5,Lost Customers
4607,60,14,1009943.6055,5,5,5,15,Champions
4610,177,2,140596.429,4,3,3,10,Potential Loyalists
4611,1129,1,4916.077,1,2,1,4,Lost Customers
4612,1338,1,108404.992,1,2,3,6,Lost Customers
4613,410,5,303576.8395,3,5,4,12,Loyal Customers
4614,119,6,413961.2095,4,5,5,14,Champions
4615,12,1,14072.535,5,2,1,8,New Customers
4617,1280,1,81655.53,1,2,2,5,Lost Customers
4619,740,5,289256.018,2,5,4,11,Loyal Customers
4620,929,1,87045.84,1,2,2,5,Lost Customers
4621,294,2,32956.66,3,3,1,7,Potential Loyalists
4622,182,3,117554.76750000002,4,4,3,11,Loyal Customers
4623,12,6,696886.681,5,5,5,15,Champions
4624,113,2,60724.7685,4,3,2,9,Potential Loyalists
4625,2,3,267626.5845,5,4,4,13,Champions
4626,666,2,212726.10799999998,2,3,4,9,At Risk
4627,205,3,74415.114,4,4,2,10,Potential Loyalists
4628,318,7,349298.385,3,5,5,13,Loyal Customers
4629,202,3,160277.5985,4,4,3,11,Loyal Customers
4630,315,2,27999.7205,3,3,1,7,Potential Loyalists
4631,704,3,132776.3245,2,4,3,9,Loyal Customers
4632,217,1,91825.11200000002,4,2,2,8,New Customers
4633,83,3,160457.5145,5,4,3,12,Loyal Customers
4635,39,5,472581.741,5,5,5,15,Champions
4636,180,3,221694.5255,4,4,4,12,Champions
4639,511,2,115090.004,2,3,3,8,At Risk
4640,891,1,105869.51999999999,1,2,3,6,Lost Customers
4642,695,1,86241.0,2,2,2,6,Lost Customers
4645,13,4,377847.005,5,4,5,14,Champions
4646,826,6,237227.85499999998,1,5,4,10,Loyal Customers
4647,489,3,71775.5815,2,4,2,8,At Risk
4648,221,4,203062.0705,3,4,4,11,Loyal Customers
4652,290,4,175411.151,3,4,3,10,Loyal Customers
4653,222,7,334037.0955,3,5,5,13,Loyal Customers
4654,374,1,15789.84,3,2,1,6,Needs Attention
4655,189,7,445236.4915,4,5,5,14,Champions
4656,321,3,229001.196,3,4,4,11,Loyal Customers
4661,752,1,22897.688000000002,2,2,1,5,Lost Customers
4662,254,1,87907.832,3,2,2,7,Needs Attention
4663,274,3,44760.4945,3,4,1,8,Potential Loyalists
4664,563,1,14119.814999999999,2,2,1,5,Lost Customers
4665,834,1,16275.329999999998,1,2,1,4,Lost Customers
4667,920,3,65899.4255,1,4,2,7,At Risk
4668,339,2,205959.57,3,3,4,10,Potential Loyalists
4669,4,4,101312.862,5,4,2,11,Potential Loyalists
4671,704,1,20990.82,2,2,1,5,Lost Customers
4672,30,5,331188.6375,5,5,5,15,Champions
4673,1016,2,141355.5145,1,3,3,7,At Risk
4674,245,2,148039.835,3,3,3,9,Potential Loyalists
4678,55,2,95953.4675,5,3,2,10,Potential Loyalists
4679,86,7,198180.3185,5,5,4,14,Champions
4680,1101,1,77656.952,1,2,2,5,Lost Customers
4682,472,1,116040.76,2,2,3,7,Lost Customers
4683,998,1,218469.97,1,2,4,7,Lost Customers
4684,158,4,204059.4235,4,4,4,12,Champions
4685,484,3,145813.60199999998,2,4,3,9,Loyal Customers
4686,620,4,177882.694,2,4,4,10,Loyal Customers
4687,61,5,382093.7965,5,5,5,15,Champions
4689,350,1,1372.0124999999998,3,2,1,6,Needs Attention
4690,1262,1,58492.773,1,2,2,5,Lost Customers
4691,859,1,42037.1,1,2,1,4,Lost Customers
4692,396,5,275818.5375,3,5,4,12,Loyal Customers
4693,189,4,171095.9595,4,4,3,11,Loyal Customers
4694,109,4,445511.75,4,4,5,13,Champions
4695,1233,1,95860.0845,1,2,2,5,Lost Customers
4697,434,1,55769.445,2,2,2,6,Lost Customers
4698,1241,1,52429.92800000001,1,2,2,5,Lost Customers
4699,281,3,249202.6385,3,4,4,11,Loyal Customers
4701,77,5,196530.61,5,5,4,14,Champions
4702,211,7,518159.3645,4,5,5,14,Champions
4703,919,1,43824.54,1,2,1,4,Lost Customers
4704,50,3,82001.47200000001,5,4,2,11,Potential Loyalists
4705,401,2,119131.835,3,3,3,9,Potential Loyalists
4706,1056,1,18518.355000000003,1,2,1,4,Lost Customers
4707,627,1,202429.072,2,2,4,8,Lost Customers
4708,10,29,2095668.6415,5,5,5,15,Champions
4709,1007,1,24639.81,1,2,1,4,Lost Customers
4713,395,3,50074.0785,3,4,2,9,Potential Loyalists
4714,43,8,382328.00299999997,5,5,5,15,Champions
4715,228,2,80234.773,3,3,2,8,Potential Loyalists
4716,615,1,97525.11000000002,2,2,2,6,Lost Customers
4721,1,6,266772.277,5,5,4,14,Champions
4724,168,4,251544.414,4,4,4,12,Champions
4725,1231,1,3706.9040000000005,1,2,1,4,Lost Customers
4726,768,3,165340.7545,1,4,3,8,Loyal Customers
4727,980,1,16717.6535,1,2,1,4,Lost Customers
4728,863,2,102711.363,1,3,2,6,At Risk
4729,300,1,27135.36,3,2,1,6,Needs Attention
4730,991,1,15840.135,1,2,1,4,Lost Customers
4731,192,6,229819.5975,4,5,4,13,Champions
4732,252,7,293442.291,3,5,4,12,Loyal Customers
4733,137,3,148332.10450000002,4,4,3,11,Loyal Customers
4734,912,3,105319.3825,1,4,3,8,Loyal Customers
4735,1204,1,58003.33,1,2,2,5,Lost Customers
4736,390,2,141562.128,3,3,3,9,Potential Loyalists
4737,76,2,43276.416,5,3,1,9,Potential Loyalists
4739,64,1,15384.652499999998,5,2,1,8,New Customers
4740,154,4,124207.51199999999,4,4,3,11,Loyal Customers
4741,1015,1,43587.1875,1,2,1,4,Lost Customers
4742,196,3,217108.8525,4,4,4,12,Champions
4743,404,4,276414.85000000003,3,4,4,11,Loyal Customers
4744,89,1,47238.21,4,2,1,7,New Customers
4745,117,3,170838.2835,4,4,3,11,Loyal Customers
4746,39,4,224590.402,5,4,4,13,Champions
4747,514,2,67507.343,2,3,2,7,At Risk
4749,593,1,30489.903000000006,2,2,1,5,Lost Customers
4750,202,6,205257.068,4,5,4,13,Champions
4753,1118,1,101845.98,1,2,2,5,Lost Customers
4758,12,2,71738.22,5,3,2,10,Potential Loyalists
4759,590,6,398875.9645,2,5,5,12,Loyal Customers
4760,507,1,170007.38650000002,2,2,3,7,Lost Customers
4761,124,1,180056.25,4,2,4,10,New Customers
4762,344,5,405364.73199999996,3,5,5,13,Loyal Customers
4763,99,5,350313.5755,4,5,5,14,Champions
4764,1214,1,108415.5375,1,2,3,6,Lost Customers
4765,381,1,69969.861,3,2,2,7,Needs Attention
4766,515,2,64822.68,2,3,2,7,At Risk
4767,997,1,58690.770000000004,1,2,2,5,Lost Customers
4768,795,2,138194.004,1,3,3,7,At Risk
4769,727,2,144878.781,2,3,3,8,At Risk
4770,63,4,418854.87,5,4,5,14,Champions
4771,669,1,16199.696,2,2,1,5,Lost Customers
4772,307,5,282910.101,3,5,4,12,Loyal Customers
4773,376,3,171704.548,3,4,3,10,Loyal Customers
4776,471,2,174527.3155,2,3,3,8,At Risk
4777,368,5,481809.9985,3,5,5,13,Loyal Customers
4778,801,1,95232.16,1,2,2,5,Lost Customers
4779,1048,2,81889.5765,1,3,2,6,At Risk
4782,631,4,321389.01,2,4,5,11,Loyal Customers
4783,481,1,35300.35,2,2,1,5,Lost Customers
4785,954,1,3879.9040000000005,1,2,1,4,Lost Customers
4786,441,1,64404.37000000001,2,2,2,6,Lost Customers
4787,56,4,178792.7465,5,4,4,13,Champions
4788,52,6,409602.7995,5,5,5,15,Champions
4790,242,6,351633.443,3,5,5,13,Loyal Customers
4791,61,5,301125.042,5,5,4,14,Champions
4792,33,2,144572.1365,5,3,3,11,Potential Loyalists
4793,248,2,201855.615,3,3,4,10,Potential Loyalists
4797,129,2,177210.9175,4,3,4,11,Potential Loyalists
4799,1339,1,70935.96,1,2,2,5,Lost Customers
4802,220,3,179459.756,3,4,4,11,Loyal Customers
4803,16,5,208203.0705,5,5,4,14,Champions
4804,128,6,226966.176,4,5,4,13,Champions
4805,548,4,342182.394,2,4,5,11,Loyal Customers
4806,175,3,303303.206,4,4,4,12,Champions
4807,504,2,116117.404,2,3,3,8,At Risk
4809,366,4,445271.351,3,4,5,12,Loyal Customers
4811,568,1,47030.535,2,2,1,5,Lost Customers
4812,223,5,386734.7855,3,5,5,13,Loyal Customers
4814,732,2,73189.6445,2,3,2,7,At Risk
4820,31,6,321641.692,5,5,5,15,Champions
4821,362,1,34676.15,3,2,1,6,Needs Attention
4822,25,4,185238.34,5,4,4,13,Champions
4827,244,3,261112.7105,3,4,4,11,Loyal Customers
4828,702,1,58057.83,2,2,2,6,Lost Customers
4829,408,5,341201.39349999995,3,5,5,13,Loyal Customers
4832,9,14,972811.6295,5,5,5,15,Champions
4833,64,1,37474.441,5,2,1,8,New Customers
4834,225,1,52664.82000000001,3,2,2,7,Needs Attention
4835,990,2,131788.24,1,3,3,7,At Risk
4836,176,1,66792.43049999999,4,2,2,8,New Customers
4837,1156,1,37522.384000000005,1,2,1,4,Lost Customers
4838,988,1,79897.2715,1,2,2,5,Lost Customers
4839,1160,1,8112.601,1,2,1,4,Lost Customers
4840,140,1,60313.943,4,2,2,8,New Customers
4841,86,3,265985.671,5,4,4,13,Champions
4842,353,6,426362.9145,3,5,5,13,Loyal Customers
4843,861,2,124561.22,1,3,3,7,At Risk
4844,774,1,69607.5375,1,2,2,5,Lost Customers
4845,49,4,169076.5205,5,4,3,12,Loyal Customers
4846,388,11,647217.4275,3,5,5,13,Loyal Customers
4849,1027,1,19363.204,1,2,1,4,Lost Customers
4850,729,1,90871.08800000002,2,2,2,6,Lost Customers
4852,29,22,1044343.163,5,5,5,15,Champions
4853,390,1,118817.1675,3,2,3,8,Needs Attention
4856,414,1,72728.49,3,2,2,7,Needs Attention
4857,601,2,127598.90599999999,2,3,3,8,At Risk
4858,37,17,1339240.6815,5,5,5,15,Champions
4860,212,6,249009.42,4,5,4,13,Champions
4861,22,3,214088.0135,5,4,4,13,Champions
4862,282,1,14124.65,3,2,1,6,Needs Attention
4863,184,4,395665.033,4,4,5,13,Champions
4864,156,1,16529.409,4,2,1,7,New Customers
4866,529,1,31660.920000000002,2,2,1,5,Lost Customers
4867,567,5,348920.7825,2,5,5,12,Loyal Customers
4869,250,3,243833.53500000003,3,4,4,11,Loyal Customers
4870,231,2,317842.8925,3,3,5,11,Potential Loyalists
4874,915,3,154223.74199999997,1,4,3,8,Loyal Customers
4875,177,1,29325.683,4,2,1,7,New Customers
4876,931,3,53261.2565,1,4,2,7,At Risk
4877,98,2,87072.38399999999,4,3,2,9,Potential Loyalists
4878,1071,2,87015.48000000001,1,3,2,6,At Risk
4881,444,4,137705.1335,2,4,3,9,Loyal Customers
4882,109,13,1017338.3065000001,4,5,5,14,Champions
4883,92,1,74496.19,4,2,2,8,New Customers
4884,1152,1,25098.3255,1,2,1,4,Lost Customers
4887,745,1,101638.82,2,2,2,6,Lost Customers
4888,581,1,38940.048,2,2,1,5,Lost Customers
4889,183,7,206921.7655,4,5,4,13,Champions
4890,889,1,96811.98249999998,1,2,2,5,Lost Customers
4891,26,4,354545.4655,5,4,5,14,Champions
4892,740,1,64647.009999999995,2,2,2,6,Lost Customers
4895,122,2,187911.24,4,3,4,11,Potential Loyalists
4896,1231,1,98243.87999999999,1,2,2,5,Lost Customers
4898,406,2,97899.52349999998,3,3,2,8,Potential Loyalists
4900,204,1,32137.47,4,2,1,7,New Customers
4901,290,5,336426.119,3,5,5,13,Loyal Customers
4902,179,2,57860.556,4,3,2,9,Potential Loyalists
4903,61,1,126483.82200000001,5,2,3,10,New Customers
4904,973,1,12549.62,1,2,1,4,Lost Customers
4905,71,7,199210.017,5,5,4,14,Champions
4906,243,2,99081.58799999999,3,3,2,8,Potential Loyalists
4907,18,2,30034.953999999998,5,3,1,9,Potential Loyalists
4909,361,1,41820.183000000005,3,2,1,6,Needs Attention
4910,797,1,27753.73,1,2,1,4,Lost Customers
4911,26,9,335486.321,5,5,5,15,Champions
4912,243,3,131913.404,3,4,3,10,Loyal Customers
4915,601,1,11249.93,2,2,1,5,Lost Customers
4916,380,3,133384.164,3,4,3,10,Loyal Customers
4917,149,4,425112.19399999996,4,4,5,13,Champions
4919,290,1,66857.6655,3,2,2,7,Needs Attention
4921,413,4,230498.408,3,4,4,11,Loyal Customers
4922,562,1,68500.0,2,2,2,6,Lost Customers
4925,205,2,157229.694,4,3,3,10,Potential Loyalists
4926,135,10,506995.46749999997,4,5,5,14,Champions
4927,325,3,152842.77,3,4,3,10,Loyal Customers
4929,191,3,312263.3115,4,4,4,12,Champions
4930,193,3,88687.0785,4,4,2,10,Potential Loyalists
4931,129,1,157786.29,4,2,3,9,New Customers
4932,552,3,92708.872,2,4,2,8,At Risk
4933,205,3,142385.544,4,4,3,11,Loyal Customers
4934,311,1,43575.53049999999,3,2,1,6,Needs Attention
4935,28,4,413370.1825,5,4,5,14,Champions
4936,485,2,194695.63,2,3,4,9,At Risk
4937,1326,1,130370.476,1,2,3,6,Lost Customers
4938,1034,1,47733.2325,1,2,1,4,Lost Customers
4939,52,16,957610.181,5,5,5,15,Champions
4940,553,2,50212.936,2,3,2,7,At Risk
4941,71,3,169883.0155,5,4,3,12,Loyal Customers
4942,24,7,274649.4375,5,5,4,14,Champions
4943,748,1,71579.673,2,2,2,6,Lost Customers
4945,15,2,150679.09,5,3,3,11,Potential Loyalists
4946,174,1,78440.368,4,2,2,8,New Customers
4947,406,2,72128.76000000001,3,3,2,8,Potential Loyalists
4948,437,1,31337.992000000002,2,2,1,5,Lost Customers
4951,769,1,48999.0335,1,2,1,4,Lost Customers
4952,776,1,73705.389,1,2,2,5,Lost Customers
4953,52,8,586313.698,5,5,5,15,Champions
4954,271,5,269426.524,3,5,4,12,Loyal Customers
4955,395,3,171723.9265,3,4,3,10,Loyal Customers
4956,370,1,111403.38,3,2,3,8,Needs Attention
4957,793,1,109439.2495,1,2,3,6,Lost Customers
4958,60,14,887675.7665,5,5,5,15,Champions
4959,725,1,10670.414999999999,2,2,1,5,Lost Customers
4962,92,9,248935.196,4,5,4,13,Champions
4963,324,6,384638.3235,3,5,5,13,Loyal Customers
4964,369,1,178601.6,3,2,4,9,Needs Attention
4965,18,10,657964.835,5,5,5,15,Champions
4966,256,2,45132.036,3,3,1,7,Potential Loyalists
4968,333,3,188262.75100000002,3,4,4,11,Loyal Customers
4969,287,6,273226.6935,3,5,4,12,Loyal Customers
4970,92,2,90748.18000000001,4,3,2,9,Potential Loyalists
4971,260,2,154772.13,3,3,3,9,Potential Loyalists
4972,312,3,85454.634,3,4,2,9,Potential Loyalists
4974,78,8,316939.6585,5,5,5,15,Champions
4975,639,1,59417.71,2,2,2,6,Lost Customers
4976,87,20,1516349.5420000001,5,5,5,15,Champions
4977,21,48,3532553.597,5,5,5,15,Champions
4978,562,2,168315.551,2,3,3,8,At Risk
4979,261,7,257338.5525,3,5,4,12,Loyal Customers
4980,593,1,30342.14,2,2,1,5,Lost Customers
4981,916,2,72990.872,1,3,2,6,At Risk
4982,283,3,61848.755000000005,3,4,2,9,Potential Loyalists
4984,456,1,55210.26,2,2,2,6,Lost Customers
4985,64,6,311663.1245,5,5,4,14,Champions
4986,860,2,175063.1925,1,3,3,7,At Risk
4988,2,7,418641.308,5,5,5,15,Champions
4990,229,2,86142.468,3,3,2,8,Potential Loyalists
4992,636,4,183571.487,2,4,4,10,Loyal Customers
4993,66,4,117451.9375,5,4,3,12,Loyal Customers
4994,108,4,74915.468,4,4,2,10,Potential Loyalists
4995,839,1,38794.032,1,2,1,4,Lost Customers
4996,101,5,365248.013,4,5,5,14,Champions
4997,991,1,62039.34,1,2,2,5,Lost Customers
4998,484,2,173954.62,2,3,3,8,At Risk
4999,343,4,186860.724,3,4,4,11,Loyal Customers
5000,40,1,21991.875,5,2,1,8,New Customers
